open_time_utc,open,high,low,close,support_slope,support
2026-08-20T13:26:00Z,0.0991,0.0992,0.0989,0.0989,,
2026-08-20T13:27:00Z,0.099,0.099,0.0989,0.099,,
2026-08-20T13:28:00Z,0.099,0.0991,0.0988,0.0988,,
2026-08-20T13:29:00Z,0.0988,0.0989,0.0988,0.0989,,
2026-08-20T13:30:00Z,0.0989,0.0989,0.0985,0.0985,,
2026-08-20T13:31:00Z,0.0986,0.0987,0.0984,0.0984,,
2026-08-20T13:32:00Z,0.0984,0.0987,0.0984,0.0987,,
2026-08-20T13:33:00Z,0.0987,0.0989,0.0987,0.0988,,
2026-08-20T13:34:00Z,0.0989,0.099,0.0988,0.0988,,
2026-08-20T13:35:00Z,0.0989,0.0992,0.0988,0.0992,,
2026-08-20T13:36:00Z,0.0992,0.0992,0.0986,0.0986,,
2026-08-20T13:37:00Z,0.0986,0.0986,0.0984,0.0984,,
2026-08-20T13:38:00Z,0.0984,0.0988,0.0984,0.0987,,
2026-08-20T13:39:00Z,0.0987,0.0987,0.0986,0.0986,,
2026-08-20T13:40:00Z,0.0986,0.0986,0.0983,0.0983,,
2026-08-20T13:41:00Z,0.0983,0.0984,0.0983,0.0983,,
2026-08-20T13:42:00Z,0.0983,0.0985,0.0983,0.0985,,
2026-08-20T13:43:00Z,0.0985,0.0988,0.0985,0.0987,,
2026-08-20T13:44:00Z,0.0986,0.0986,0.0984,0.0986,,
2026-08-20T13:45:00Z,0.0986,0.0987,0.0986,0.0986,,
2026-08-20T13:46:00Z,0.0986,0.0987,0.0986,0.0986,,
2026-08-20T13:47:00Z,0.0986,0.0986,0.0984,0.0985,,
2026-08-20T13:48:00Z,0.0985,0.0985,0.0983,0.0983,,
2026-08-20T13:49:00Z,0.0983,0.0985,0.098,0.0985,,
2026-08-20T13:50:00Z,0.0984,0.0984,0.0981,0.0982,,
2026-08-20T13:51:00Z,0.0982,0.0985,0.0981,0.0984,,
2026-08-20T13:52:00Z,0.0983,0.0983,0.0982,0.0983,,
2026-08-20T13:53:00Z,0.0983,0.0984,0.0983,0.0983,,
2026-08-20T13:54:00Z,0.0983,0.0986,0.0983,0.0986,,
2026-08-20T13:55:00Z,0.0986,0.0986,0.0985,0.0986,,
2026-08-20T13:56:00Z,0.0987,0.0987,0.0984,0.0984,,
2026-08-20T13:57:00Z,0.0984,0.0985,0.0984,0.0985,,
2026-08-20T13:58:00Z,0.0985,0.0985,0.0985,0.0985,,
2026-08-20T13:59:00Z,0.0984,0.0984,0.0982,0.0983,,
2026-08-20T14:00:00Z,0.0984,0.0985,0.0983,0.0983,,
2026-08-20T14:01:00Z,0.0984,0.0984,0.0983,0.0983,,
2026-08-20T14:02:00Z,0.0984,0.0985,0.0983,0.0983,,
2026-08-20T14:03:00Z,0.0983,0.0985,0.0983,0.0984,,
2026-08-20T14:04:00Z,0.0984,0.0984,0.0983,0.0983,,
2026-08-20T14:05:00Z,0.0983,0.0983,0.0982,0.0983,,
2026-08-20T14:06:00Z,0.0983,0.0984,0.0981,0.0982,,
2026-08-20T14:07:00Z,0.0982,0.0982,0.0982,0.0982,,
2026-08-20T14:08:00Z,0.0982,0.0983,0.0982,0.0983,,
2026-08-20T14:09:00Z,0.0984,0.0984,0.0983,0.0984,,
2026-08-20T14:10:00Z,0.0984,0.0985,0.0984,0.0985,,
2026-08-20T14:11:00Z,0.0984,0.0985,0.0984,0.0985,,
2026-08-20T14:12:00Z,0.0986,0.0986,0.0986,0.0986,,
2026-08-20T14:13:00Z,0.0987,0.0989,0.0987,0.0988,,
2026-08-20T14:14:00Z,0.0989,0.0989,0.0987,0.0987,,
2026-08-20T14:15:00Z,0.0988,0.0988,0.0985,0.0985,,
2026-08-20T14:16:00Z,0.0984,0.0986,0.0984,0.0985,,
2026-08-20T14:17:00Z,0.0984,0.0984,0.0983,0.0984,,
2026-08-20T14:18:00Z,0.0985,0.0985,0.0983,0.0984,,
2026-08-20T14:19:00Z,0.0984,0.0984,0.0982,0.0982,,
2026-08-20T14:20:00Z,0.0982,0.0984,0.0982,0.0984,,
2026-08-20T14:21:00Z,0.0984,0.0984,0.0984,0.0984,,
2026-08-20T14:22:00Z,0.0984,0.0984,0.0983,0.0984,,
2026-08-20T14:23:00Z,0.0983,0.0984,0.0983,0.0984,,
2026-08-20T14:24:00Z,0.0983,0.0983,0.0982,0.0982,,
2026-08-20T14:25:00Z,0.0982,0.0982,0.0982,0.0982,,
2026-08-20T14:26:00Z,0.0982,0.0983,0.0982,0.0983,,
2026-08-20T14:27:00Z,0.0984,0.0984,0.0982,0.0982,,
2026-08-20T14:28:00Z,0.0981,0.0982,0.0981,0.0981,,
2026-08-20T14:29:00Z,0.0981,0.0981,0.098,0.098,,
2026-08-20T14:30:00Z,0.0981,0.0983,0.0981,0.0982,,
2026-08-20T14:31:00Z,0.0983,0.0983,0.0982,0.0983,,
2026-08-20T14:32:00Z,0.0983,0.0983,0.0982,0.0982,,
2026-08-20T14:33:00Z,0.0982,0.0984,0.0982,0.0983,,
2026-08-20T14:34:00Z,0.0984,0.0984,0.0984,0.0984,,
2026-08-20T14:35:00Z,0.0985,0.0986,0.0985,0.0986,,
2026-08-20T14:36:00Z,0.0987,0.0988,0.0985,0.0988,,
2026-08-20T14:37:00Z,0.0988,0.0989,0.0987,0.0989,,
2026-08-20T14:38:00Z,0.0989,0.0989,0.0988,0.0989,,
2026-08-20T14:39:00Z,0.0989,0.0992,0.0989,0.099,,
2026-08-20T14:40:00Z,0.099,0.0991,0.0989,0.0989,,
2026-08-20T14:41:00Z,0.0989,0.099,0.0989,0.0989,,
2026-08-20T14:42:00Z,0.099,0.099,0.0989,0.099,,
2026-08-20T14:43:00Z,0.0989,0.099,0.0988,0.0989,,
2026-08-20T14:44:00Z,0.099,0.0992,0.099,0.0992,,
2026-08-20T14:45:00Z,0.0992,0.0993,0.0991,0.0993,,
2026-08-20T14:46:00Z,0.0993,0.0993,0.0991,0.0992,,
2026-08-20T14:47:00Z,0.0992,0.0992,0.0989,0.0989,,
2026-08-20T14:48:00Z,0.099,0.0991,0.0989,0.0989,,
2026-08-20T14:49:00Z,0.0989,0.0992,0.0989,0.0992,,
2026-08-20T14:50:00Z,0.0992,0.0993,0.0991,0.0993,,
2026-08-20T14:51:00Z,0.0993,0.0994,0.0993,0.0994,,
2026-08-20T14:52:00Z,0.0994,0.0997,0.0994,0.0997,,
2026-08-20T14:53:00Z,0.0998,0.1,0.0997,0.0999,,
2026-08-20T14:54:00Z,0.0999,0.0999,0.0995,0.0996,,
2026-08-20T14:55:00Z,0.0996,0.0997,0.0995,0.0996,,
2026-08-20T14:56:00Z,0.0996,0.0996,0.0995,0.0995,,
2026-08-20T14:57:00Z,0.0995,0.0995,0.0993,0.0994,,
2026-08-20T14:58:00Z,0.0994,0.0994,0.0993,0.0994,,
2026-08-20T14:59:00Z,0.0994,0.0996,0.0994,0.0996,,
2026-08-20T15:00:00Z,0.0996,0.0996,0.0995,0.0996,,
2026-08-20T15:01:00Z,0.0995,0.0998,0.0995,0.0997,,
2026-08-20T15:02:00Z,0.0997,0.1001,0.0997,0.1,,
2026-08-20T15:03:00Z,0.1,0.1003,0.0999,0.1003,,
2026-08-20T15:04:00Z,0.1002,0.1008,0.1001,0.1006,,
2026-08-20T15:05:00Z,0.1006,0.1008,0.1005,0.1005,,
2026-08-20T15:06:00Z,0.1004,0.1005,0.1002,0.1003,,
2026-08-20T15:07:00Z,0.1004,0.1004,0.0999,0.1,,
2026-08-20T15:08:00Z,0.1,0.1001,0.0996,0.0997,,
2026-08-20T15:09:00Z,0.0997,0.0999,0.0996,0.0996,,
2026-08-20T15:10:00Z,0.0996,0.0997,0.0992,0.0994,,
2026-08-20T15:11:00Z,0.0994,0.0996,0.0993,0.0996,,
2026-08-20T15:12:00Z,0.0996,0.0997,0.0996,0.0996,,
2026-08-20T15:13:00Z,0.0997,0.0998,0.0996,0.0998,,
2026-08-20T15:14:00Z,0.0999,0.0999,0.0998,0.0998,,
2026-08-20T15:15:00Z,0.0998,0.0999,0.0996,0.0998,,
2026-08-20T15:16:00Z,0.0999,0.1002,0.0998,0.1001,,
2026-08-20T15:17:00Z,0.1002,0.1004,0.1001,0.1004,,
2026-08-20T15:18:00Z,0.1003,0.1006,0.1002,0.1006,,
2026-08-20T15:19:00Z,0.1005,0.1006,0.1004,0.1006,,
2026-08-20T15:20:00Z,0.1006,0.1011,0.1006,0.1011,,
2026-08-20T15:21:00Z,0.1011,0.1013,0.101,0.1013,,
2026-08-20T15:22:00Z,0.1012,0.1015,0.1011,0.1015,,
2026-08-20T15:23:00Z,0.1014,0.1014,0.1008,0.1008,,
2026-08-20T15:24:00Z,0.1008,0.1013,0.1007,0.1012,,
2026-08-20T15:25:00Z,0.1012,0.1018,0.1012,0.1018,,
2026-08-20T15:26:00Z,0.1017,0.1018,0.1016,0.1017,,
2026-08-20T15:27:00Z,0.1017,0.1018,0.1015,0.1018,,
2026-08-20T15:28:00Z,0.1018,0.1019,0.1016,0.1017,,
2026-08-20T15:29:00Z,0.1016,0.1024,0.1016,0.1023,,
2026-08-20T15:30:00Z,0.1022,0.1022,0.1019,0.1021,,
2026-08-20T15:31:00Z,0.102,0.102,0.1018,0.102,,
2026-08-20T15:32:00Z,0.102,0.1022,0.1017,0.1018,,
2026-08-20T15:33:00Z,0.1018,0.1018,0.1015,0.1016,,
2026-08-20T15:34:00Z,0.1016,0.1017,0.1015,0.1017,,
2026-08-20T15:35:00Z,0.1017,0.1017,0.101,0.1011,,
2026-08-20T15:36:00Z,0.1011,0.1012,0.1009,0.1012,,
2026-08-20T15:37:00Z,0.1011,0.1011,0.1009,0.1011,,
2026-08-20T15:38:00Z,0.1012,0.1013,0.1012,0.1013,,
2026-08-20T15:39:00Z,0.1014,0.1015,0.1013,0.1014,,
2026-08-20T15:40:00Z,0.1014,0.1014,0.1012,0.1012,,
2026-08-20T15:41:00Z,0.1013,0.1013,0.1011,0.1011,,
2026-08-20T15:42:00Z,0.1012,0.1014,0.1012,0.1012,,
2026-08-20T15:43:00Z,0.1012,0.1014,0.1012,0.1013,,
2026-08-20T15:44:00Z,0.1014,0.1018,0.1014,0.1018,,
2026-08-20T15:45:00Z,0.1018,0.1019,0.1017,0.1017,,
2026-08-20T15:46:00Z,0.1017,0.1019,0.1016,0.1019,,
2026-08-20T15:47:00Z,0.1019,0.1022,0.1019,0.1022,,
2026-08-20T15:48:00Z,0.1022,0.1024,0.1021,0.1024,,
2026-08-20T15:49:00Z,0.1023,0.1026,0.1022,0.1026,,
2026-08-20T15:50:00Z,0.1026,0.1029,0.1025,0.1028,,
2026-08-20T15:51:00Z,0.1028,0.1031,0.1027,0.1028,,
2026-08-20T15:52:00Z,0.1028,0.1029,0.1026,0.1027,,
2026-08-20T15:53:00Z,0.1027,0.1027,0.1023,0.1026,,
2026-08-20T15:54:00Z,0.1026,0.1029,0.1025,0.1026,,
2026-08-20T15:55:00Z,0.1026,0.1026,0.102,0.1021,,
2026-08-20T15:56:00Z,0.1021,0.1023,0.102,0.1022,,
2026-08-20T15:57:00Z,0.1022,0.1023,0.102,0.102,,
2026-08-20T15:58:00Z,0.102,0.1021,0.1019,0.102,,
2026-08-20T15:59:00Z,0.102,0.1021,0.102,0.1021,,
2026-08-20T16:00:00Z,0.1021,0.1021,0.1018,0.102,,
2026-08-20T16:01:00Z,0.1021,0.1023,0.1021,0.1022,,
2026-08-20T16:02:00Z,0.1022,0.1026,0.1022,0.1026,,
2026-08-20T16:03:00Z,0.1026,0.1026,0.1022,0.1022,,
2026-08-20T16:04:00Z,0.1022,0.1022,0.1019,0.1019,,
2026-08-20T16:05:00Z,0.1019,0.102,0.1019,0.1019,,
2026-08-20T16:06:00Z,0.1019,0.102,0.1018,0.1019,,
2026-08-20T16:07:00Z,0.1018,0.1022,0.1017,0.1021,,
2026-08-20T16:08:00Z,0.1021,0.1022,0.102,0.102,,
2026-08-20T16:09:00Z,0.1021,0.1021,0.1016,0.1017,,
2026-08-20T16:10:00Z,0.1018,0.1018,0.1013,0.1014,,
2026-08-20T16:11:00Z,0.1015,0.1016,0.1014,0.1015,,
2026-08-20T16:12:00Z,0.1015,0.102,0.1014,0.1016,,
2026-08-20T16:13:00Z,0.1017,0.1017,0.1015,0.1015,,
2026-08-20T16:14:00Z,0.1015,0.1015,0.1013,0.1013,,
2026-08-20T16:15:00Z,0.1013,0.1018,0.1013,0.1015,,
2026-08-20T16:16:00Z,0.1015,0.1016,0.1011,0.1013,,
2026-08-20T16:17:00Z,0.1013,0.1013,0.1011,0.1013,,
2026-08-20T16:18:00Z,0.1012,0.1015,0.1012,0.1014,,
2026-08-20T16:19:00Z,0.1015,0.1017,0.1015,0.1016,,
2026-08-20T16:20:00Z,0.1016,0.1016,0.1014,0.1014,,
2026-08-20T16:21:00Z,0.1015,0.1016,0.1014,0.1015,,
2026-08-20T16:22:00Z,0.1015,0.1016,0.1012,0.1013,,
2026-08-20T16:23:00Z,0.1013,0.1016,0.1013,0.1015,,
2026-08-20T16:24:00Z,0.1015,0.1016,0.1009,0.1009,,
2026-08-20T16:25:00Z,0.101,0.1011,0.101,0.1011,,
2026-08-20T16:26:00Z,0.1011,0.1011,0.1009,0.101,,
2026-08-20T16:27:00Z,0.101,0.1013,0.101,0.1013,,
2026-08-20T16:28:00Z,0.1013,0.1014,0.1012,0.1013,,
2026-08-20T16:29:00Z,0.1012,0.1012,0.1011,0.1012,,
2026-08-20T16:30:00Z,0.1011,0.1011,0.1008,0.1009,,
2026-08-20T16:31:00Z,0.101,0.101,0.1007,0.1009,,
2026-08-20T16:32:00Z,0.1009,0.101,0.1009,0.1009,,
2026-08-20T16:33:00Z,0.1009,0.1011,0.1009,0.1011,,
2026-08-20T16:34:00Z,0.1011,0.1013,0.1011,0.1012,,
2026-08-20T16:35:00Z,0.1012,0.1012,0.101,0.1011,,
2026-08-20T16:36:00Z,0.101,0.101,0.1009,0.1009,,
2026-08-20T16:37:00Z,0.101,0.1013,0.101,0.1013,,
2026-08-20T16:38:00Z,0.1013,0.1015,0.1013,0.1015,,
2026-08-20T16:39:00Z,0.1015,0.1017,0.1015,0.1016,,
2026-08-20T16:40:00Z,0.1016,0.1018,0.1016,0.1017,,
2026-08-20T16:41:00Z,0.1017,0.102,0.1016,0.1017,,
2026-08-20T16:42:00Z,0.1017,0.1021,0.1017,0.1019,,
2026-08-20T16:43:00Z,0.1018,0.1018,0.1015,0.1016,,
2026-08-20T16:44:00Z,0.1016,0.1016,0.1014,0.1014,,
2026-08-20T16:45:00Z,0.1014,0.1014,0.1012,0.1013,,
2026-08-20T16:46:00Z,0.1014,0.1016,0.1014,0.1014,,
2026-08-20T16:47:00Z,0.1014,0.1016,0.1013,0.1015,,
2026-08-20T16:48:00Z,0.1016,0.1016,0.1014,0.1014,,
2026-08-20T16:49:00Z,0.1015,0.1017,0.1015,0.1017,,
2026-08-20T16:50:00Z,0.1016,0.1017,0.1016,0.1016,,
2026-08-20T16:51:00Z,0.1016,0.1017,0.1015,0.1016,,
2026-08-20T16:52:00Z,0.1015,0.1017,0.1015,0.1017,,
2026-08-20T16:53:00Z,0.1017,0.1017,0.1016,0.1016,,
2026-08-20T16:54:00Z,0.1016,0.1018,0.1016,0.1017,,
2026-08-20T16:55:00Z,0.1017,0.1022,0.1017,0.1022,,
2026-08-20T16:56:00Z,0.1021,0.1024,0.1021,0.1023,,
2026-08-20T16:57:00Z,0.1024,0.1028,0.1024,0.1028,,
2026-08-20T16:58:00Z,0.1027,0.1031,0.1027,0.103,,
2026-08-20T16:59:00Z,0.103,0.1032,0.1029,0.1032,,
2026-08-20T17:00:00Z,0.1031,0.1031,0.1027,0.1027,,
2026-08-20T17:01:00Z,0.1028,0.1032,0.1028,0.1031,,
2026-08-20T17:02:00Z,0.1031,0.1035,0.1031,0.1034,,
2026-08-20T17:03:00Z,0.1034,0.1038,0.1033,0.1037,,
2026-08-20T17:04:00Z,0.1037,0.1039,0.1037,0.1037,,
2026-08-20T17:05:00Z,0.1038,0.104,0.1037,0.104,,
2026-08-20T17:06:00Z,0.104,0.1042,0.1039,0.1042,,
2026-08-20T17:07:00Z,0.1041,0.1043,0.104,0.104,,
2026-08-20T17:08:00Z,0.1041,0.1044,0.1041,0.1044,,
2026-08-20T17:09:00Z,0.1043,0.1046,0.104,0.1042,,
2026-08-20T17:10:00Z,0.1042,0.1043,0.1038,0.1039,,
2026-08-20T17:11:00Z,0.1039,0.104,0.1038,0.104,,
2026-08-20T17:12:00Z,0.104,0.1043,0.104,0.1043,,
2026-08-20T17:13:00Z,0.1043,0.1047,0.1042,0.1047,,
2026-08-20T17:14:00Z,0.1046,0.1049,0.1046,0.1049,,
2026-08-20T17:15:00Z,0.1049,0.1051,0.1048,0.1049,,
2026-08-20T17:16:00Z,0.1049,0.1049,0.1047,0.1049,,
2026-08-20T17:17:00Z,0.1049,0.105,0.1048,0.105,,
2026-08-20T17:18:00Z,0.105,0.1057,0.1049,0.1055,,
2026-08-20T17:19:00Z,0.1055,0.1055,0.1053,0.1054,,
2026-08-20T17:20:00Z,0.1053,0.1058,0.1053,0.1055,,
2026-08-20T17:21:00Z,0.1055,0.1055,0.1049,0.1051,,
2026-08-20T17:22:00Z,0.1051,0.1058,0.1051,0.1057,,
2026-08-20T17:23:00Z,0.1056,0.1056,0.1049,0.105,,
2026-08-20T17:24:00Z,0.105,0.1051,0.1048,0.105,,
2026-08-20T17:25:00Z,0.1051,0.1054,0.105,0.1053,,
2026-08-20T17:26:00Z,0.1053,0.1053,0.1048,0.1049,0.00025551072774545827,0.10212513649733818
2026-08-20T17:27:00Z,0.1049,0.1051,0.1043,0.1044,0.0002579904582723434,0.10216542010603848
2026-08-20T17:28:00Z,0.1045,0.1054,0.1045,0.1054,0.0002600291468846432,0.10220365712148546
2026-08-20T17:29:00Z,0.1053,0.1055,0.1053,0.1055,0.0002627990968079134,0.10224666183907526
2026-08-20T17:30:00Z,0.1055,0.1056,0.1053,0.1054,0.0002657171054728501,0.10229114488503267
2026-08-20T17:31:00Z,0.1054,0.1055,0.1053,0.1054,0.000268056740579004,0.10233269326491237
2026-08-20T17:32:00Z,0.1053,0.1063,0.1052,0.106,0.0002702313526340861,0.10237370701825854
2026-08-20T17:33:00Z,0.1059,0.1062,0.1055,0.1056,0.00027325357841204677,0.10242056490435883
2026-08-20T17:34:00Z,0.1056,0.1056,0.1054,0.1054,0.0002759275991862999,0.10246581579077721
2026-08-20T17:35:00Z,0.1054,0.1055,0.1053,0.1054,0.0002783471874888668,0.10250996565182564
2026-08-20T17:36:00Z,0.1053,0.1059,0.1053,0.1059,0.0002811332789580398,0.10255707397257553
2026-08-20T17:37:00Z,0.1059,0.1063,0.1059,0.1063,0.00028372308173446966,0.10260344643110941
2026-08-20T17:38:00Z,0.1064,0.1069,0.1064,0.1069,0.0002864295747196397,0.10265117409337281
2026-08-20T17:39:00Z,0.1068,0.1069,0.1065,0.1065,0.00028997132902124404,0.10270531313331759
2026-08-20T17:40:00Z,0.1064,0.107,0.1064,0.1067,0.00029294888652856417,0.10275620829308976
2026-08-20T17:41:00Z,0.1066,0.1066,0.1063,0.1064,0.0002957354139980234,0.10280636615735693
2026-08-20T17:42:00Z,0.1065,0.1069,0.1065,0.1069,0.00029815868940715834,0.10285446898856958
2026-08-20T17:43:00Z,0.1068,0.1072,0.1068,0.107,0.0003012121685073196,0.10290776235021845
2026-08-20T17:44:00Z,0.1069,0.107,0.1067,0.1069,0.00030450377603343003,0.10296350194404023
2026-08-20T17:45:00Z,0.1069,0.107,0.1067,0.1067,0.00030752226477830314,0.10301786783573741
2026-08-20T17:46:00Z,0.1066,0.1071,0.1066,0.1069,0.00031027633452859385,0.10307084061817387
2026-08-20T17:47:00Z,0.1069,0.107,0.1067,0.1069,0.0003131561295000429,0.10312539403226925
2026-08-20T17:48:00Z,0.1069,0.1071,0.1063,0.1064,0.00031585962321205817,0.10317916990944036
2026-08-20T17:49:00Z,0.1064,0.1066,0.1063,0.1064,0.0003177931375254947,0.10322733215567075
2026-08-20T17:50:00Z,0.1063,0.1063,0.106,0.1062,0.0003198705234632087,0.10327709007945693
2026-08-20T17:51:00Z,0.1061,0.1066,0.1061,0.1063,0.00032136669308538104,0.10332249695879563
2026-08-20T17:52:00Z,0.1063,0.1065,0.1063,0.1064,0.00032310533275145174,0.10337026329375126
2026-08-20T17:53:00Z,0.1064,0.1064,0.1057,0.106,0.00032476811931508024,0.10341776806951973
2026-08-20T17:54:00Z,0.106,0.1068,0.106,0.1068,0.00032597145671827793,0.10346169324608871
2026-08-20T17:55:00Z,0.1068,0.107,0.1068,0.1069,0.0003282080387597562,0.10351487011356504
2026-08-20T17:56:00Z,0.1068,0.1071,0.1067,0.1071,0.0003304723577149934,0.10356878176809538
2026-08-20T17:57:00Z,0.1071,0.1072,0.1068,0.1068,0.0003326480222315937,0.10362240072185355
2026-08-20T17:58:00Z,0.1068,0.1071,0.1068,0.107,0.00033456541091632375,0.10367416897996586
2026-08-20T17:59:00Z,0.107,0.1072,0.1066,0.1067,0.00033660664907758,0.10372749136173652
2026-08-20T18:00:00Z,0.1067,0.1071,0.1067,0.1069,0.0003380721755335913,0.10377594740862985
2026-08-20T18:01:00Z,0.107,0.107,0.1067,0.1068,0.00033966078199600727,0.10382588050071417
2026-08-20T18:02:00Z,0.1068,0.1069,0.1066,0.1066,0.0003410794993755192,0.10387456175147643
2026-08-20T18:03:00Z,0.1066,0.107,0.1065,0.1066,0.00034223178290435937,0.10392101336932456
2026-08-20T18:04:00Z,0.1065,0.1065,0.1058,0.1058,0.0003434200584925336,0.10396807336791794
2026-08-20T18:05:00Z,0.1059,0.1061,0.1058,0.1058,0.00034365106320315364,0.10400604263005932
2026-08-20T18:06:00Z,0.1058,0.1062,0.1058,0.1059,0.0003438182417256219,0.1040434429598834
2026-08-20T18:07:00Z,0.1059,0.1064,0.1059,0.1064,0.0003439131297587146,0.1040801692318345
2026-08-20T18:08:00Z,0.1065,0.1067,0.1064,0.1065,0.00034443111082870664,0.10412120127565937
2026-08-20T18:09:00Z,0.1065,0.1068,0.1065,0.1068,0.00034508338784513187,0.10416372829404758
2026-08-20T18:10:00Z,0.1068,0.1068,0.1064,0.1066,0.0003460642705262248,0.10420979871881668
2026-08-20T18:11:00Z,0.1066,0.1069,0.1066,0.1068,0.00034688585137573186,0.10425443324035569
2026-08-20T18:12:00Z,0.1068,0.1068,0.1062,0.1065,0.0003478332726082015,0.10430058389923648
2026-08-20T18:13:00Z,0.1064,0.1066,0.1063,0.1065,0.00034852480840474745,0.10434422925589613
2026-08-20T18:14:00Z,0.1065,0.1067,0.106,0.106,0.0003493613993458946,0.10438959689221013
2026-08-20T18:15:00Z,0.106,0.1065,0.106,0.1065,0.000349538754287929,0.10442799910684734
2026-08-20T18:16:00Z,0.1065,0.1067,0.1064,0.1066,0.0003499301562106241,0.10446880040683801
2026-08-20T18:17:00Z,0.1066,0.1071,0.1066,0.1069,0.0003503511293842259,0.10451002705062282
2026-08-20T18:18:00Z,0.1068,0.1071,0.1068,0.1069,0.0003508887777368875,0.10455266324315057
2026-08-20T18:19:00Z,0.107,0.1072,0.107,0.107,0.0003513545038218304,0.10459461684789934
2026-08-20T18:20:00Z,0.107,0.1077,0.107,0.1075,0.0003516324779591816,0.10463454338739966
2026-08-20T18:21:00Z,0.1076,0.1077,0.1073,0.1075,0.00035253238640542346,0.10468170468237115
2026-08-20T18:22:00Z,0.1074,0.1075,0.1072,0.1073,0.00035335551396697723,0.10472818315865075
2026-08-20T18:23:00Z,0.1073,0.1075,0.1072,0.1072,0.00035390868658465827,0.10477150207455721
2026-08-20T18:24:00Z,0.1072,0.1072,0.1068,0.1072,0.0003542899727415713,0.10481254450039437
2026-08-20T18:25:00Z,0.1073,0.1076,0.1073,0.1075,0.0003543840808375162,0.10485067183787877
2026-08-20T18:26:00Z,0.1074,0.1074,0.1069,0.1071,0.0003546919639460288,0.10489109749481756
2026-08-20T18:27:00Z,0.1071,0.1071,0.1067,0.1068,0.00035464105715383705,0.10492776328488346
2026-08-20T18:28:00Z,0.1068,0.1074,0.1067,0.1074,0.0003541182768419946,0.10495932974566591
2026-08-20T18:29:00Z,0.1074,0.1078,0.1074,0.1077,0.00035399719321571306,0.10499518216351351
2026-08-20T18:30:00Z,0.1076,0.1076,0.1071,0.1072,0.00035398016021697396,0.10503216889624867
2026-08-20T18:31:00Z,0.1072,0.1073,0.1067,0.1069,0.0003536117427066241,0.10506500027355536
2026-08-20T18:32:00Z,0.1069,0.1071,0.1069,0.1071,0.0003529829611538121,0.1050941629229392
2026-08-20T18:33:00Z,0.1071,0.1073,0.1067,0.1068,0.0003523688052360741,0.10512338904217379
2026-08-20T18:34:00Z,0.1068,0.1068,0.1061,0.1062,0.0003514948236035807,0.10514913366000085
2026-08-20T18:35:00Z,0.1063,0.1064,0.106,0.1064,0.0003500707859808276,0.10516752734083032
2026-08-20T18:36:00Z,0.1065,0.107,0.1065,0.107,0.00034898809305848166,0.10519011282744818
2026-08-20T18:37:00Z,0.107,0.1074,0.107,0.1072,0.0003486345962258826,0.10522214256893744
2026-08-20T18:38:00Z,0.1072,0.1073,0.1071,0.1073,0.00034851142166111176,0.10525718647462709
2026-08-20T18:39:00Z,0.1073,0.1074,0.1069,0.1072,0.00034841501397551435,0.10529257686158448
2026-08-20T18:40:00Z,0.1073,0.1075,0.1073,0.1074,0.00034825683208896703,0.10532711949725097
2026-08-20T18:41:00Z,0.1075,0.1081,0.1075,0.1078,0.0003481172138587844,0.10536189439943246
2026-08-20T18:42:00Z,0.1078,0.108,0.1078,0.1079,0.0003482916527184601,0.10540098761563049
2026-08-20T18:43:00Z,0.1079,0.1083,0.1079,0.1082,0.000348593187807611,0.10544190107512973
2026-08-20T18:44:00Z,0.1083,0.1083,0.1078,0.108,0.00034900230058225115,0.10548440327190042
2026-08-20T18:45:00Z,0.1081,0.1082,0.1079,0.1082,0.00034945829237785286,0.1055276718460541
2026-08-20T18:46:00Z,0.1082,0.1088,0.1082,0.1086,0.0003501378201911868,0.10557424035157896
2026-08-20T18:47:00Z,0.1086,0.109,0.1085,0.1089,0.0003510202278505215,0.1056238872501674
2026-08-20T18:48:00Z,0.1089,0.109,0.1087,0.1088,0.00035179339274604325,0.10567216246122586
2026-08-20T18:49:00Z,0.1088,0.1092,0.1088,0.109,0.00035238764402712364,0.10571801299691323
2026-08-20T18:50:00Z,0.109,0.1091,0.1086,0.1091,0.0003534064103470475,0.1057702501910649
2026-08-20T18:51:00Z,0.109,0.1092,0.109,0.109,0.00035454391439641733,0.1058233601125602
2026-08-20T18:52:00Z,0.1091,0.1091,0.1086,0.1087,0.00035560987752926134,0.10587521792563381
2026-08-20T18:53:00Z,0.1087,0.1088,0.1084,0.1085,0.0003566251332553499,0.10592663945600968
2026-08-20T18:54:00Z,0.1085,0.1091,0.1085,0.109,0.0003575839498093521,0.1059775295623081
2026-08-20T18:55:00Z,0.109,0.109,0.1086,0.1088,0.00035863342720788806,0.10602989709291798
2026-08-20T18:56:00Z,0.1089,0.109,0.1084,0.1084,0.0003594141037760276,0.10607877775439227
2026-08-20T18:57:00Z,0.1085,0.1086,0.1078,0.1078,0.0003596309322665741,0.10611994806944935
2026-08-20T18:58:00Z,0.1079,0.1079,0.1076,0.1077,0.0003590924409436363,0.10615051624581576
2026-08-20T18:59:00Z,0.1077,0.1078,0.1074,0.1075,0.00035838725364927584,0.1061786071066452
2026-08-20T19:00:00Z,0.1075,0.1083,0.1074,0.1082,0.0003576298906602437,0.10620580752361664
2026-08-20T19:01:00Z,0.1082,0.1083,0.108,0.1082,0.0003574795593201772,0.10624162454874211
2026-08-20T19:02:00Z,0.1082,0.1085,0.1081,0.1085,0.00035736230497764986,0.10627790330160157
2026-08-20T19:03:00Z,0.1084,0.1084,0.108,0.108,0.0003577755286229332,0.10632195262708183
2026-08-20T19:04:00Z,0.108,0.1083,0.1079,0.108,0.00035795212907618754,0.10636260972566218
2026-08-20T19:05:00Z,0.1081,0.1085,0.1081,0.1084,0.0003583769241794559,0.10640701724020114
2026-08-20T19:06:00Z,0.1084,0.1088,0.1084,0.1087,0.00035901956606850915,0.10645480359325783
2026-08-20T19:07:00Z,0.1088,0.1092,0.1088,0.1091,0.0003596748405384306,0.10650293934048775
2026-08-20T19:08:00Z,0.1091,0.1093,0.109,0.1092,0.00036032798855204954,0.10655120409337122
2026-08-20T19:09:00Z,0.1091,0.1092,0.109,0.109,0.00036068629145338317,0.10659510409072352
2026-08-20T19:10:00Z,0.109,0.1098,0.109,0.1098,0.00036067045264475913,0.10663331352080771
2026-08-20T19:11:00Z,0.1097,0.1099,0.1097,0.1098,0.00036112464321482173,0.10667885377744814
2026-08-20T19:12:00Z,0.1098,0.1098,0.1095,0.1097,0.0003617027098256251,0.106726453876947
2026-08-20T19:13:00Z,0.1097,0.1104,0.1097,0.1103,0.000362101622111783,0.10677136759746905
2026-08-20T19:14:00Z,0.1102,0.1105,0.11,0.1102,0.00036319235009943347,0.10682739669790087
2026-08-20T19:15:00Z,0.1102,0.1102,0.1098,0.1099,0.0003641021497957531,0.10688078765873818
2026-08-20T19:16:00Z,0.11,0.1101,0.1093,0.1093,0.0003646431150219895,0.10692844444212696
2026-08-20T19:17:00Z,0.1092,0.1096,0.109,0.1091,0.00036484646997698186,0.10697074868263631
2026-08-20T19:18:00Z,0.109,0.109,0.1083,0.1085,0.0003650965336716405,0.10701387794853481
2026-08-20T19:19:00Z,0.1085,0.1091,0.1085,0.109,0.00036491055625923727,0.10704988946896189
2026-08-20T19:20:00Z,0.1091,0.1095,0.1091,0.1093,0.00036513589531057724,0.10709270065256005
2026-08-20T19:21:00Z,0.1092,0.1093,0.1091,0.1093,0.0003660953398245531,0.10714784715808535
2026-08-20T19:22:00Z,0.1093,0.1097,0.1093,0.1097,0.0003671938111452655,0.10720556774450908
2026-08-20T19:23:00Z,0.1097,0.1099,0.1092,0.1094,0.000368811556101587,0.1072723559012037
2026-08-20T19:24:00Z,0.1093,0.1093,0.1086,0.1087,0.00036935389005414253,0.10732118050659023
2026-08-20T19:25:00Z,0.1087,0.1088,0.1084,0.1084,0.00036957353946080664,0.10736460046852225
2026-08-20T19:26:00Z,0.1084,0.1086,0.1082,0.1083,0.0003700627782231131,0.1074127472110066
2026-08-20T19:27:00Z,0.1083,0.1088,0.1082,0.1087,0.0003702989429344852,0.10745661509641785
2026-08-20T19:28:00Z,0.1086,0.1087,0.1084,0.1085,0.0003709657602364996,0.1075080980869545
2026-08-20T19:29:00Z,0.1086,0.1087,0.1082,0.1082,0.00037128180500340486,0.10755356180955597
2026-08-20T19:30:00Z,0.1082,0.1092,0.1082,0.1091,0.0003718697558090598,0.10760394025870076
2026-08-20T19:31:00Z,0.109,0.1092,0.1088,0.1091,0.00037306361774701107,0.10766529746166538
2026-08-20T19:32:00Z,0.1091,0.1091,0.1087,0.1088,0.00037409741479672637,0.10772406728032353
2026-08-20T19:33:00Z,0.1087,0.109,0.1087,0.109,0.00037458185442257265,0.10777314496713913
2026-08-20T19:34:00Z,0.1089,0.1089,0.1085,0.1085,0.0003749933714903194,0.10782102069490546
2026-08-20T19:35:00Z,0.1085,0.1089,0.1083,0.1089,0.00037496982321916797,0.10786102865402686
2026-08-20T19:36:00Z,0.1089,0.1094,0.1089,0.1094,0.0003746528672540505,0.10789563282398222
2026-08-20T19:37:00Z,0.1094,0.1095,0.1093,0.1095,0.00037485000258096135,0.107939723685481
2026-08-20T19:38:00Z,0.1096,0.1096,0.1094,0.1095,0.0003749708693396846,0.10798245035952393
2026-08-20T19:39:00Z,0.1095,0.1097,0.1092,0.1097,0.0003752291759383283,0.10802780346322112
2026-08-20T19:40:00Z,0.1096,0.1097,0.1096,0.1096,0.0003757124192061532,0.1080774857169204
2026-08-20T19:41:00Z,0.1096,0.1097,0.1093,0.1095,0.00037582624052619776,0.10812026530277356
2026-08-20T19:42:00Z,0.1096,0.1096,0.1089,0.1091,0.0003756727384113325,0.10815796869396781
2026-08-20T19:43:00Z,0.109,0.1091,0.1087,0.1088,0.000375173732598064,0.10818899822542821
2026-08-20T19:44:00Z,0.1087,0.1089,0.1086,0.1087,0.0003744271495599274,0.10821513285110278
2026-08-20T19:45:00Z,0.1087,0.1089,0.1085,0.1086,0.00037403820728073895,0.10824808045022008
2026-08-20T19:46:00Z,0.1086,0.1086,0.1083,0.1083,0.00037339405621323327,0.10827595216666179
2026-08-20T19:47:00Z,0.1083,0.1085,0.108,0.1082,0.00037261147165092476,0.10830096286567027
2026-08-20T19:48:00Z,0.1083,0.1086,0.1082,0.1083,0.0003719876854552089,0.10804018214319702
2026-08-20T19:49:00Z,0.1083,0.1083,0.1081,0.1081,0.0003716147062410692,0.10808029861299723
2026-08-20T19:50:00Z,0.1081,0.1084,0.1079,0.1081,0.00037120545580318447,0.10812033756018227
2026-08-20T19:51:00Z,0.108,0.108,0.1074,0.1076,0.0003709545808165807,0.10794003342410208
2026-08-20T19:52:00Z,0.1077,0.1083,0.1075,0.1082,0.0003701791458868445,0.10743976459982699
2026-08-20T19:53:00Z,0.1082,0.1083,0.1081,0.1082,0.0003698391313981912,0.10747947083322489
2026-08-20T19:54:00Z,0.1082,0.1083,0.1082,0.1083,0.0003693519282037194,0.10751907114782144
2026-08-20T19:55:00Z,0.1082,0.1083,0.1078,0.1083,0.00036891442134413533,0.10755860262822242
2026-08-20T19:56:00Z,0.1082,0.1082,0.1077,0.1078,0.0003679189753424126,0.1075977543279146
2026-08-20T19:57:00Z,0.1077,0.1077,0.1074,0.1074,0.0003664947247114812,0.10763642905533839
2026-08-20T19:58:00Z,0.1075,0.1077,0.1074,0.1076,0.0003644336335269019,0.10743914730510486
2026-08-20T19:59:00Z,0.1076,0.1079,0.1076,0.1077,0.0003625207552251316,0.10743894178728776
2026-08-20T20:00:00Z,0.1077,0.1078,0.1067,0.1072,0.0003607603443722684,0.10747751928449192
2026-08-20T20:01:00Z,0.1072,0.1073,0.107,0.1071,0.00035836836887711556,0.10673824475740555
2026-08-20T20:02:00Z,0.107,0.1075,0.1066,0.1075,0.00035604131970776826,0.10677600627578876
2026-08-20T20:03:00Z,0.1075,0.108,0.1075,0.1079,0.00035446893025685476,0.10663779308580701
2026-08-20T20:04:00Z,0.1079,0.1083,0.1077,0.1082,0.00035283271097631566,0.10667525048168891
2026-08-20T20:05:00Z,0.1082,0.1085,0.108,0.1085,0.000351129892868143,0.10671235050378076
2026-08-20T20:06:00Z,0.1084,0.1084,0.1083,0.1084,0.00034966222029955696,0.10674920028581976
2026-08-20T20:07:00Z,0.1085,0.1086,0.1084,0.1086,0.0003480444172879602,0.10678566918036239
2026-08-20T20:08:00Z,0.1086,0.1086,0.1083,0.1084,0.00034676925477079905,0.10682202450907743
2026-08-20T20:09:00Z,0.1084,0.1092,0.1084,0.1091,0.0003451467992236358,0.10685785991448371
2026-08-20T20:10:00Z,0.109,0.1093,0.109,0.1093,0.0003438311274745369,0.1068936228270501
2026-08-20T20:11:00Z,0.1093,0.1094,0.1092,0.1094,0.0003423354564256563,0.10692894311669614
2026-08-20T20:12:00Z,0.1094,0.1095,0.1093,0.1094,0.00034097263191737323,0.10696409720878514
2026-08-20T20:13:00Z,0.1095,0.1097,0.1094,0.1097,0.0003396477496271244,0.10699901587370948
2026-08-20T20:14:00Z,0.1096,0.11,0.1096,0.11,0.00033843972692981073,0.10703381241855357
2026-08-20T20:15:00Z,0.11,0.1105,0.1099,0.11,0.0003372412452769775,0.10706837487712358
2026-08-20T20:16:00Z,0.1099,0.1106,0.1098,0.1104,0.0003361775565079829,0.10710289388850262
2026-08-20T20:17:00Z,0.1104,0.1104,0.1101,0.1104,0.0003352142714385949,0.10713735746204227
2026-08-20T20:18:00Z,0.1104,0.1106,0.1103,0.1103,0.00033417631170247215,0.10717149760340904
2026-08-20T20:19:00Z,0.1102,0.1104,0.1096,0.1096,0.0003330728815583588,0.1072053067544871
2026-08-20T20:20:00Z,0.1096,0.1098,0.1094,0.1096,0.00033144210261632894,0.10723787197319028
2026-08-20T20:21:00Z,0.1096,0.1096,0.1094,0.1095,0.00032953941588091803,0.1072695430333632
2026-08-20T20:22:00Z,0.1095,0.1097,0.1095,0.1095,0.00032757764029935315,0.10730068832109346
2026-08-20T20:23:00Z,0.1095,0.1096,0.1091,0.1092,0.00032534369123243784,0.10733080806422927
2026-08-20T20:24:00Z,0.1092,0.1092,0.1089,0.1089,0.0003229638958421338,0.10736011210718482
2026-08-20T20:25:00Z,0.109,0.1096,0.109,0.1096,0.0003196150734522033,0.10738651960567311
2026-08-20T20:26:00Z,0.1095,0.1096,0.1093,0.1096,0.00031707181323652623,0.10741429086165928
2026-08-20T20:27:00Z,0.1096,0.1098,0.1095,0.1097,0.00031435496046255837,0.10744105651947794
2026-08-20T20:28:00Z,0.1096,0.1097,0.1092,0.1093,0.00031197201674501877,0.1074681778953479
2026-08-20T20:29:00Z,0.1092,0.1092,0.1088,0.1088,0.00030914098094095944,0.10749349329173939
2026-08-20T20:30:00Z,0.1089,0.1091,0.1089,0.1089,0.0003056650232631212,0.10751626434789822
2026-08-20T20:31:00Z,0.1088,0.1092,0.1087,0.1089,0.00030191095970037886,0.10753742532766224
2026-08-20T20:32:00Z,0.1089,0.1091,0.1089,0.109,0.00029809066225981544,0.10755756919285889
2026-08-20T20:33:00Z,0.109,0.109,0.1087,0.1087,0.0002942993438345884,0.10757699151847398
2026-08-20T20:34:00Z,0.1088,0.1089,0.1086,0.1087,0.000290362227267309,0.10759509949936046
2026-08-20T20:35:00Z,0.1087,0.1093,0.1087,0.1092,0.00028646560475941753,0.10761250696303816
2026-08-20T20:36:00Z,0.1093,0.1098,0.1093,0.1096,0.0002828795732474853,0.10763021503913761
2026-08-20T20:37:00Z,0.1097,0.1098,0.1094,0.1096,0.0002793987903615206,0.1076475505149887
2026-08-20T20:38:00Z,0.1096,0.1097,0.1095,0.1097,0.0002762600697181184,0.10766546507967739
2026-08-20T20:39:00Z,0.1096,0.1097,0.1096,0.1096,0.00027335390939114425,0.10768363323648097
2026-08-20T20:40:00Z,0.1096,0.1096,0.1091,0.1092,0.00027038870903165244,0.10770093683388197
2026-08-20T20:41:00Z,0.1092,0.1095,0.1092,0.1094,0.00026708133346515584,0.10771616693747305
2026-08-20T20:42:00Z,0.1094,0.1094,0.1092,0.1093,0.00026390200745476813,0.1077312383768082
2026-08-20T20:43:00Z,0.1093,0.1099,0.1093,0.1098,0.00026076996791057075,0.10767980007284698
2026-08-20T20:44:00Z,0.1099,0.1099,0.1097,0.1097,0.000257742120047288,0.10762996817041909
2026-08-20T20:45:00Z,0.1098,0.1098,0.1095,0.1097,0.00025434626290537306,0.10757000661628029
2026-08-20T20:46:00Z,0.1097,0.1099,0.1097,0.1098,0.0002507789000043484,0.10755717518397549
2026-08-20T20:47:00Z,0.1099,0.1103,0.1099,0.1103,0.00024734011208434476,0.10749539808662333
2026-08-20T20:48:00Z,0.1102,0.1103,0.11,0.11,0.00024440665086984046,0.10752578587041402
2026-08-20T20:49:00Z,0.1099,0.1099,0.1097,0.1099,0.00024101537933205193,0.10746652926193516
2026-08-20T20:50:00Z,0.1099,0.1099,0.1097,0.1098,0.0002377681115836087,0.10740939006639756
2026-08-20T20:51:00Z,0.1098,0.11,0.1097,0.11,0.00023425619314206852,0.10734479411477046
2026-08-20T20:52:00Z,0.1099,0.1103,0.1099,0.1102,0.00023086567741038995,0.1072826093052157
2026-08-20T20:53:00Z,0.1101,0.1103,0.1101,0.1102,0.00022769754631061725,0.10728225394849827
2026-08-20T20:54:00Z,0.1103,0.1104,0.11,0.1101,0.00022435683094129376,0.10722068365522344
2026-08-20T20:55:00Z,0.1101,0.1102,0.11,0.1102,0.00022095431088720846,0.10723860849492618
2026-08-20T20:56:00Z,0.1102,0.1109,0.1102,0.1108,0.0002180900847660316,0.10758641074005273
2026-08-20T20:57:00Z,0.1107,0.1114,0.1107,0.1114,0.00021582600237454302,0.10784391531133293
2026-08-20T20:58:00Z,0.1114,0.1117,0.1113,0.1114,0.00021456286483566612,0.10788858045737641
2026-08-20T20:59:00Z,0.1114,0.1118,0.1114,0.1117,0.00021343329391093009,0.10790478409215626
2026-08-20T21:00:00Z,0.1117,0.1122,0.1117,0.112,0.0002127175636013334,0.10792333677838324
2026-08-20T21:01:00Z,0.112,0.1124,0.112,0.1121,0.00021170333348197325,0.1079398371420517
2026-08-20T21:02:00Z,0.1121,0.1123,0.1121,0.1123,0.00021111305047788568,0.1079588671396256
2026-08-20T21:03:00Z,0.1123,0.1126,0.1122,0.1126,0.00021093895691004847,0.10798051434377529
2026-08-20T21:04:00Z,0.1126,0.1128,0.1125,0.1127,0.00021127298553584613,0.10800553079037456
2026-08-20T21:05:00Z,0.1127,0.1127,0.1122,0.1123,0.0002116276231892679,0.10803076546696948
2026-08-20T21:06:00Z,0.1124,0.1125,0.1118,0.1121,0.0002118433537595462,0.10805512206087328
2026-08-20T21:07:00Z,0.1121,0.1128,0.1121,0.1128,0.00021200848687127856,0.10807917532317925
2026-08-20T21:08:00Z,0.1127,0.113,0.1127,0.1128,0.00021255496439578765,0.10810599049901705
2026-08-20T21:09:00Z,0.1128,0.1135,0.1127,0.1134,0.0002134324781406117,0.10813532886525924
2026-08-20T21:10:00Z,0.1133,0.1134,0.1131,0.1133,0.00021459255127818762,0.10816694332951451
2026-08-20T21:11:00Z,0.1133,0.1134,0.1131,0.1133,0.00021528606744185462,0.1081953349464325
2026-08-20T21:12:00Z,0.1133,0.1133,0.113,0.1132,0.00021600502749770823,0.10822407688024312
2026-08-20T21:13:00Z,0.1133,0.1141,0.1133,0.114,0.000216859344708844,0.10825402246324946
2026-08-20T21:14:00Z,0.1139,0.1142,0.1138,0.1138,0.00021877350024379654,0.10829242465204862
2026-08-20T21:15:00Z,0.1139,0.114,0.1135,0.1137,0.0002206312566489119,0.10833080917500121
2026-08-20T21:16:00Z,0.1136,0.1136,0.113,0.1131,0.00022232712659932843,0.10836831173482236
2026-08-20T21:17:00Z,0.1131,0.1133,0.113,0.113,0.00022340420760140933,0.10840116403756923
2026-08-20T21:18:00Z,0.1131,0.1136,0.1131,0.1134,0.0002244238624965725,0.10843378663660899
2026-08-20T21:19:00Z,0.1134,0.1134,0.1129,0.113,0.00022624325531019716,0.10847331981186917
2026-08-20T21:20:00Z,0.113,0.1132,0.1128,0.1128,0.00022753421487212505,0.10850878967098113
2026-08-20T21:21:00Z,0.1129,0.1135,0.1129,0.1134,0.00022868016772808276,0.1085433079531107
2026-08-20T21:22:00Z,0.1133,0.1133,0.1128,0.1128,0.00022992100766003936,0.10857891028217342
2026-08-20T21:23:00Z,0.1128,0.1132,0.1128,0.1132,0.0002311410115113659,0.10861461052417302
2026-08-20T21:24:00Z,0.1132,0.1135,0.1132,0.1134,0.00023197674692702273,0.10864716408484222
2026-08-20T21:25:00Z,0.1135,0.1139,0.1134,0.1138,0.00023293032174488332,0.10868097202505381
2026-08-20T21:26:00Z,0.1138,0.1139,0.1133,0.1134,0.00023448078961114642,0.10872044882059083
2026-08-20T21:27:00Z,0.1134,0.1134,0.1123,0.1127,0.00023520050035872456,0.10875259744793084
2026-08-20T21:28:00Z,0.1127,0.1128,0.1119,0.1123,0.00023471048174039314,0.10877359513150692
2026-08-20T21:29:00Z,0.1123,0.1124,0.1121,0.1124,0.000234782393604602,0.10879980911638851
2026-08-20T21:30:00Z,0.1123,0.1123,0.112,0.112,0.00023499078787108939,0.10882735212827255
2026-08-20T21:31:00Z,0.1121,0.1127,0.1121,0.1121,0.00023467517081216714,0.10884987093156678
2026-08-20T21:32:00Z,0.1122,0.1125,0.1122,0.1124,0.00023439940912345564,0.10887271619447134
2026-08-20T21:33:00Z,0.1124,0.1124,0.1117,0.1119,0.0002349411625632067,0.10890360765388032
2026-08-20T21:34:00Z,0.1119,0.1119,0.1113,0.1113,0.00023457407084811018,0.10892551785750539
2026-08-20T21:35:00Z,0.1114,0.1117,0.1112,0.1115,0.0002334006647896497,0.10893918312754669
2026-08-20T21:36:00Z,0.1115,0.1116,0.1114,0.1116,0.0002323662156798742,0.1089540175633794
2026-08-20T21:37:00Z,0.1116,0.1116,0.1113,0.1113,0.0002318709644638263,0.10897421050419635
2026-08-20T21:38:00Z,0.1114,0.1114,0.1112,0.1114,0.00023144532734162146,0.10899502763450433
2026-08-20T21:39:00Z,0.1113,0.1113,0.1108,0.1109,0.00023166170960012064,0.10902254520265195
2026-08-20T21:40:00Z,0.1109,0.1113,0.1109,0.111,0.0002309835184879533,0.1090405571037156
2026-08-20T21:41:00Z,0.111,0.111,0.1104,0.1108,0.00023055993347796596,0.1090611730172952
2026-08-20T21:42:00Z,0.1108,0.1108,0.1106,0.1106,0.00022962045745588457,0.1090760731361389
2026-08-20T21:43:00Z,0.1107,0.1107,0.1104,0.1107,0.00022894879248399247,0.10909372114114153
2026-08-20T21:44:00Z,0.1107,0.1111,0.1107,0.1111,0.00022843914543662345,0.10911302859731159
2026-08-20T21:45:00Z,0.1111,0.1111,0.1109,0.1109,0.00022817633854108914,0.10913500290412993
2026-08-20T21:46:00Z,0.111,0.1112,0.111,0.1111,0.00022749728505372288,0.10915219899967826
2026-08-20T21:47:00Z,0.111,0.1111,0.1108,0.1108,0.00022716751118421384,0.10917325332690987
2026-08-20T21:48:00Z,0.1108,0.111,0.1103,0.1104,0.00022652379471385482,0.10919060600022398
2026-08-20T21:49:00Z,0.1104,0.1108,0.1104,0.1107,0.00022498340074226524,0.10919734344751356
2026-08-20T21:50:00Z,0.1107,0.1113,0.1107,0.1113,0.00022369247576730636,0.10920668715452042
2026-08-20T21:51:00Z,0.1113,0.1117,0.1112,0.1116,0.00022273108112266478,0.1092196726517792
2026-08-20T21:52:00Z,0.1117,0.1119,0.1116,0.1119,0.00022210665042501313,0.10923649855067441
2026-08-20T21:53:00Z,0.1118,0.1119,0.1116,0.1116,0.00022181682182994105,0.1092572484294199
2026-08-20T21:54:00Z,0.1115,0.1118,0.1115,0.1118,0.00022081077700103317,0.10926917339450272
2026-08-20T21:55:00Z,0.1118,0.1118,0.1117,0.1118,0.0002207322685768528,0.10929233428362771
2026-08-20T21:56:00Z,0.1119,0.1124,0.1119,0.1122,0.00022071193936772974,0.10931620794735128
2026-08-20T21:57:00Z,0.1121,0.1136,0.1121,0.1132,0.00022121870449674522,0.10934671032319743
2026-08-20T21:58:00Z,0.1132,0.1138,0.1132,0.1136,0.0002223121251952366,0.1093847756717789
2026-08-20T21:59:00Z,0.1136,0.1136,0.113,0.1132,0.00022391663407138763,0.10942963696523611
2026-08-20T22:00:00Z,0.1133,0.1145,0.1133,0.1145,0.00022480958819808515,0.10946567646074147
2026-08-20T22:01:00Z,0.1145,0.1145,0.1137,0.114,0.00022703160188099417,0.10951924337004622
2026-08-20T22:02:00Z,0.1139,0.1139,0.1131,0.1134,0.00022864211823241107,0.10956528327763507
2026-08-20T22:03:00Z,0.1134,0.1136,0.1132,0.1132,0.00022945252014767604,0.10960108418562688
2026-08-20T22:04:00Z,0.1132,0.1135,0.113,0.1131,0.0002300261277351273,0.10963390724215112
2026-08-20T22:05:00Z,0.1132,0.114,0.1132,0.114,0.00022966793941171465,0.1096542976422273
2026-08-20T22:06:00Z,0.114,0.1146,0.1139,0.1144,0.00023007403773939677,0.10968500779134026
2026-08-20T22:07:00Z,0.1144,0.1148,0.1143,0.1148,0.0002308775012735113,0.10972126544333569
2026-08-20T22:08:00Z,0.1147,0.1148,0.1144,0.1147,0.00023246873164569214,0.10976860639306231
2026-08-20T22:09:00Z,0.1147,0.1148,0.1145,0.1148,0.00023400186495544644,0.1098155069966404
2026-08-20T22:10:00Z,0.1148,0.1156,0.1148,0.1156,0.00023585525021146508,0.1098672681214706
2026-08-20T22:11:00Z,0.1156,0.1157,0.1153,0.1153,0.0002381702440944231,0.10992600671458393
2026-08-20T22:12:00Z,0.1153,0.1157,0.1147,0.1148,0.00024034139027787028,0.10998322921288092
2026-08-20T22:13:00Z,0.1149,0.1156,0.1149,0.115,0.00024170099531329884,0.11002926128702296
2026-08-20T22:14:00Z,0.1149,0.115,0.1143,0.1147,0.00024317601946743608,0.11007728899595791
2026-08-20T22:15:00Z,0.1148,0.1153,0.1147,0.1151,0.00024382117377274125,0.11011350834966178
2026-08-20T22:16:00Z,0.1152,0.1153,0.1147,0.1151,0.00024525123170943727,0.11016146760099861
2026-08-20T22:17:00Z,0.1151,0.1153,0.1148,0.1151,0.00024671205070323946,0.11021022062666959
2026-08-20T22:18:00Z,0.1151,0.1151,0.1141,0.1142,0.00024840023831898496,0.11026272687174894
2026-08-20T22:19:00Z,0.1143,0.1145,0.1141,0.1143,0.0002492099517344941,0.11030235480438448
2026-08-20T22:20:00Z,0.1145,0.1147,0.1144,0.1145,0.0002501509236730813,0.1103441743905993
2026-08-20T22:21:00Z,0.1146,0.1148,0.1143,0.1143,0.000251703617152003,0.11039560403380846
2026-08-20T22:22:00Z,0.1143,0.1145,0.114,0.1145,0.00025302019532288624,0.11044374972419095
2026-08-20T22:23:00Z,0.1145,0.1147,0.1143,0.1146,0.0002542700931375157,0.1104911685195866
2026-08-20T22:24:00Z,0.1145,0.1155,0.1145,0.1154,0.00025545663982615044,0.11053788961057734
2026-08-20T22:25:00Z,0.1154,0.1154,0.115,0.1153,0.00025730687524605495,0.11059538871802123
2026-08-20T22:26:00Z,0.1153,0.1155,0.1152,0.1154,0.0002592955187227675,0.11065553263065343
2026-08-20T22:27:00Z,0.1154,0.1155,0.1149,0.115,0.0002609233424144355,0.11071035720754949
2026-08-20T22:28:00Z,0.1151,0.1162,0.1142,0.1155,0.00026183276736148087,0.11075395238819492
2026-08-20T22:29:00Z,0.1155,0.1158,0.115,0.1151,0.00026371402913105213,0.11081359596094455
2026-08-20T22:30:00Z,0.1152,0.1154,0.1146,0.1147,0.0002654640746492048,0.11087153567051364
2026-08-20T22:31:00Z,0.1148,0.1151,0.1147,0.1147,0.00026630855495989205,0.11091492726447023
2026-08-20T22:32:00Z,0.1148,0.1155,0.1147,0.1153,0.00026680119178068475,0.11095266739435453
2026-08-20T22:33:00Z,0.1153,0.1158,0.1153,0.1157,0.00026796943684079017,0.11100185320291293
2026-08-20T22:34:00Z,0.1157,0.1158,0.1155,0.1157,0.0002691394789293993,0.11105135061925461
2026-08-20T22:35:00Z,0.1157,0.1157,0.1151,0.1151,0.00026965072681781705,0.11108993216193899
2026-08-20T22:36:00Z,0.1151,0.1156,0.1151,0.1153,0.00026974505932859006,0.11112150595536598
2026-08-20T22:37:00Z,0.1153,0.1156,0.1151,0.1154,0.00027053946660312954,0.11116517174825648
2026-08-20T22:38:00Z,0.1154,0.1155,0.1152,0.1155,0.0002715542879193484,0.11121285533298811
2026-08-20T22:39:00Z,0.1154,0.1161,0.1154,0.116,0.00027269250915018084,0.1112629407542794
2026-08-20T22:40:00Z,0.116,0.116,0.1151,0.1153,0.00027411737017159026,0.11131834352187352
2026-08-20T22:41:00Z,0.1152,0.1152,0.1146,0.1151,0.0002750408377304225,0.11136521269927174
2026-08-20T22:42:00Z,0.1151,0.1154,0.1151,0.1153,0.00027611145483276466,0.11141493049556267
2026-08-20T22:43:00Z,0.1152,0.1153,0.1149,0.115,0.00027740227622184097,0.11146886098328031
2026-08-20T22:44:00Z,0.115,0.115,0.1148,0.1149,0.00027865568530331745,0.11152242957204113
2026-08-20T22:45:00Z,0.1149,0.1153,0.1149,0.1153,0.00027957241250192076,0.11157018056106989
2026-08-20T22:46:00Z,0.1152,0.1154,0.1151,0.1153,0.0002809894107952576,0.11162731466945007
2026-08-20T22:47:00Z,0.1153,0.1156,0.1152,0.1153,0.0002827372255004934,0.11169089099786218
2026-08-20T22:48:00Z,0.1153,0.1161,0.1153,0.1157,0.0002847216311050027,0.11175928334649102
2026-08-20T22:49:00Z,0.1157,0.1161,0.1157,0.1159,0.0002869196194282466,0.11183215019130818
2026-08-20T22:50:00Z,0.1158,0.1163,0.1158,0.1162,0.0002894354996337008,0.11191153304771503
2026-08-20T22:51:00Z,0.1161,0.1162,0.1159,0.1161,0.0002922621826760075,0.11199741835235069
2026-08-20T22:52:00Z,0.116,0.1164,0.1158,0.1161,0.0002948489032728641,0.11207943100035557
2026-08-20T22:53:00Z,0.1162,0.1164,0.1161,0.1162,0.00029709255140081004,0.11215550412678763
2026-08-20T22:54:00Z,0.1162,0.1162,0.1156,0.1158,0.0002991757008786492,0.11222903429359064
2026-08-20T22:55:00Z,0.1159,0.1159,0.1154,0.1156,0.00030132255972574365,0.11230431833470031
2026-08-20T22:56:00Z,0.1157,0.116,0.1157,0.1158,0.00030304546203078646,0.11237184560310462
2026-08-20T22:57:00Z,0.1158,0.116,0.1155,0.1157,0.00030450977744122924,0.11243471282958938
2026-08-20T22:58:00Z,0.1158,0.1158,0.1155,0.1156,0.0003052465601667852,0.11248354073027118
2026-08-20T22:59:00Z,0.1156,0.1156,0.1153,0.1154,0.00030573517456758577,0.11252761268655359
2026-08-20T23:00:00Z,0.1153,0.1157,0.1151,0.1157,0.00030578828610342056,0.11256308574547919
2026-08-20T23:01:00Z,0.1156,0.1159,0.115,0.1151,0.0003067280879370871,0.11261645473833701
2026-08-20T23:02:00Z,0.1152,0.1155,0.1151,0.1152,0.00030707036392380645,0.11265794327206693
2026-08-20T23:03:00Z,0.1152,0.1153,0.1149,0.115,0.0003077386863088709,0.11270617532990308
2026-08-20T23:04:00Z,0.115,0.1153,0.115,0.1152,0.0003076915899116289,0.11273989835842303
2026-08-20T23:05:00Z,0.1153,0.1162,0.1153,0.1162,0.00030777022892351986,0.11277621575830145
2026-08-20T23:06:00Z,0.1162,0.1163,0.116,0.1163,0.00030907613171275846,0.11283804041874182
2026-08-20T23:07:00Z,0.1162,0.1163,0.116,0.1162,0.0003107000412529858,0.11290683609962998
2026-08-20T23:08:00Z,0.1161,0.1165,0.1158,0.1165,0.0003125602668960185,0.11298100659722804
2026-08-20T23:09:00Z,0.1165,0.1165,0.1163,0.1165,0.0003147290680408269,0.11306217034413407
2026-08-20T23:10:00Z,0.1166,0.117,0.1166,0.1169,0.0003166499408101042,0.11313860959590087
2026-08-20T23:11:00Z,0.1168,0.1168,0.1164,0.1165,0.0003196335301310121,0.1132382774835419
2026-08-20T23:12:00Z,0.1165,0.1169,0.1165,0.1168,0.0003222071678916923,0.11332608016640221
2026-08-20T23:13:00Z,0.1168,0.1168,0.1163,0.1165,0.0003249008633337453,0.11338855946393325
2026-08-20T23:14:00Z,0.1166,0.1169,0.1166,0.1169,0.00032784389545339646,0.11345411718003862
2026-08-20T23:15:00Z,0.1168,0.1168,0.1163,0.1164,0.000331000137222981,0.11352248672212187
2026-08-20T23:16:00Z,0.1163,0.1164,0.1159,0.1162,0.00033337535324419205,0.11358380759430939
2026-08-20T23:17:00Z,0.1161,0.1166,0.1159,0.1166,0.00033494965439331,0.11363760091610906
2026-08-20T23:18:00Z,0.1166,0.1167,0.1165,0.1167,0.0003366357116870327,0.11369292120774738
2026-08-20T23:19:00Z,0.1167,0.1169,0.1167,0.1168,0.00033777613024433753,0.11374300416705894
2026-08-20T23:20:00Z,0.1168,0.1175,0.1168,0.1172,0.0003394230880339014,0.11379867180998099
2026-08-20T23:21:00Z,0.1172,0.1177,0.1171,0.1175,0.00034165219831674634,0.11386090600811696
2026-08-20T23:22:00Z,0.1174,0.1177,0.1174,0.1174,0.00034408592244944116,0.1139258733318633
2026-08-20T23:23:00Z,0.1175,0.1176,0.1169,0.117,0.0003467506365036537,0.11399393403133173
2026-08-20T23:24:00Z,0.117,0.1174,0.117,0.1173,0.0003487159683817621,0.11405498529076143
2026-08-20T23:25:00Z,0.1173,0.1177,0.1172,0.1176,0.0003502171897692014,0.11411138053629008
2026-08-20T23:26:00Z,0.1176,0.1178,0.1173,0.1176,0.00035162818997919366,0.11416713701640631
2026-08-20T23:27:00Z,0.1176,0.1182,0.1175,0.1182,0.00035287193501654524,0.11422135175479746
2026-08-20T23:28:00Z,0.1181,0.1183,0.1179,0.1182,0.00035495770861270344,0.11428549925827236
2026-08-20T23:29:00Z,0.1182,0.1182,0.1179,0.1181,0.00035677811157826077,0.11434709498202021
2026-08-20T23:30:00Z,0.1181,0.1185,0.1178,0.1184,0.00035814676039463414,0.11440386871580051
2026-08-20T23:31:00Z,0.1184,0.1184,0.1181,0.1184,0.0003605690611733436,0.11447340663552748
2026-08-20T23:32:00Z,0.1183,0.1183,0.118,0.1181,0.0003629203504504564,0.1145426958154514
2026-08-20T23:33:00Z,0.1181,0.1181,0.1177,0.1179,0.0003646494249071337,0.11460507822119123
2026-08-20T23:34:00Z,0.1179,0.1185,0.1179,0.1182,0.0003663235862582304,0.1146672236840042
2026-08-20T23:35:00Z,0.1182,0.1185,0.1182,0.1183,0.00036771230181421367,0.11472628289340607
2026-08-20T23:36:00Z,0.1183,0.1189,0.1183,0.1187,0.0003694993332437066,0.11479062930029149
2026-08-20T23:37:00Z,0.1186,0.1186,0.1176,0.118,0.00037204382209894417,0.11486490548039946
2026-08-20T23:38:00Z,0.118,0.118,0.1178,0.1178,0.00037399950178284235,0.11493237034937155
2026-08-20T23:39:00Z,0.1178,0.1178,0.1173,0.1176,0.00037571431418749213,0.11499725001154776
2026-08-20T23:40:00Z,0.1175,0.118,0.1174,0.118,0.0003773803133987878,0.11506193186498537
2026-08-20T23:41:00Z,0.118,0.1183,0.1177,0.118,0.0003792427900567445,0.11512958977530538
2026-08-20T23:42:00Z,0.1181,0.1181,0.1174,0.1174,0.00038094567827265955,0.11519562079218792
2026-08-20T23:43:00Z,0.1175,0.1175,0.117,0.1173,0.000381672051389703,0.11524913911942758
2026-08-20T23:44:00Z,0.1173,0.1176,0.117,0.1172,0.000381958349213698,0.11529696390194391
2026-08-20T23:45:00Z,0.1172,0.1172,0.1169,0.117,0.0003819946886968566,0.11534150135015027
2026-08-20T23:46:00Z,0.1171,0.1175,0.1171,0.1173,0.0003816922238762401,0.11538145147200454
2026-08-20T23:47:00Z,0.1174,0.1174,0.1168,0.1168,0.0003813013738577733,0.11542013163262749
2026-08-20T23:48:00Z,0.1169,0.1171,0.1168,0.1169,0.00038030147472735865,0.11545029640973939
2026-08-20T23:49:00Z,0.1169,0.1169,0.1163,0.1165,0.0003794205903126111,0.11548190115048064
2026-08-20T23:50:00Z,0.1166,0.117,0.1165,0.117,0.00037792446334897087,0.11550464097866264
2026-08-20T23:51:00Z,0.1171,0.1172,0.1169,0.117,0.0003768076342340588,0.11553242947995697
2026-08-20T23:52:00Z,0.1171,0.1176,0.1171,0.1174,0.0003751371805087158,0.1155520336889005
2026-08-20T23:53:00Z,0.1174,0.1179,0.1174,0.1177,0.00037432973094984927,0.11558372309270562
2026-08-20T23:54:00Z,0.1177,0.118,0.1175,0.1179,0.00037371618339471197,0.11561805918577049
2026-08-20T23:55:00Z,0.1178,0.118,0.1177,0.1178,0.00037330233119357186,0.11565519669263372
2026-08-20T23:56:00Z,0.1178,0.1178,0.1173,0.1174,0.0003727267298783203,0.11568985511491915
2026-08-20T23:57:00Z,0.1174,0.1174,0.1171,0.1172,0.00037124125225815666,0.11571080845847116
2026-08-20T23:58:00Z,0.1173,0.1173,0.1167,0.1168,0.00036911599246284324,0.11572179658681434
2026-08-20T23:59:00Z,0.1168,0.1168,0.1166,0.1166,0.00036675489264392563,0.11572871833621201
2026-08-21T00:00:00Z,0.1166,0.1175,0.1166,0.1173,0.0003642419635733176,0.11573277449696076
2026-08-21T00:01:00Z,0.1173,0.1179,0.1171,0.1174,0.0003617942599820606,0.11573725313945625
2026-08-21T00:02:00Z,0.1174,0.1177,0.1174,0.1176,0.00035925917158175966,0.11573981008305187
2026-08-21T00:03:00Z,0.1177,0.1177,0.1171,0.1172,0.0003572108873996498,0.11574938688453046
2026-08-21T00:04:00Z,0.1173,0.1174,0.117,0.1171,0.0003551197086955392,0.11575781497176879
2026-08-21T00:05:00Z,0.1171,0.1176,0.1171,0.1172,0.00035315864037404585,0.11576782305511557
2026-08-21T00:06:00Z,0.1172,0.1176,0.1169,0.1176,0.00035150712627112765,0.11578232384763905
2026-08-21T00:07:00Z,0.1176,0.1179,0.1175,0.1176,0.0003500456437627417,0.11579950270996268
2026-08-21T00:08:00Z,0.1176,0.1176,0.1172,0.1172,0.00034870626314163885,0.11581832540566248
2026-08-21T00:09:00Z,0.1173,0.1173,0.1168,0.1169,0.00034675151339437363,0.11582679047668921
2026-08-21T00:10:00Z,0.1168,0.1169,0.1165,0.1167,0.00034513644101854396,0.11584039064171447
2026-08-21T00:11:00Z,0.1167,0.117,0.1164,0.1166,0.00034347537714899984,0.11585285623741404
2026-08-21T00:12:00Z,0.1167,0.117,0.1162,0.1163,0.0003417641763564989,0.115864101746739
2026-08-21T00:13:00Z,0.1163,0.1164,0.1161,0.1163,0.0003397304039883314,0.11586953209804707
2026-08-21T00:14:00Z,0.1163,0.1169,0.1163,0.1167,0.0003379299901370562,0.11587843932920425
2026-08-21T00:15:00Z,0.1167,0.1167,0.1163,0.1164,0.0003367206997954275,0.11589700040584505
2026-08-21T00:16:00Z,0.1164,0.1165,0.1163,0.1163,0.0003351930708967659,0.11590982298835538
2026-08-21T00:17:00Z,0.1163,0.1167,0.116,0.1167,0.000333906876333556,0.11592646304714388
2026-08-21T00:18:00Z,0.1166,0.1176,0.1164,0.1172,0.0003329316575742352,0.11594821568167953
2026-08-21T00:19:00Z,0.1172,0.1178,0.1172,0.1175,0.00033225697220428107,0.11597500909528126
2026-08-21T00:20:00Z,0.1175,0.1182,0.1173,0.1181,0.00033112884936883105,0.11599365732323948
2026-08-21T00:21:00Z,0.1181,0.1182,0.1179,0.118,0.0003304686679042491,0.11602035298104826
2026-08-21T00:22:00Z,0.1179,0.1181,0.1179,0.118,0.0003295602893430654,0.11604246605781623
2026-08-21T00:23:00Z,0.118,0.119,0.118,0.1182,0.00032858701375658043,0.11606320499812463
2026-08-21T00:24:00Z,0.1181,0.1182,0.118,0.1182,0.00032743753787913064,0.11608053090385105
2026-08-21T00:25:00Z,0.1182,0.1182,0.1178,0.118,0.000325931548379085,0.11609109438617214
2026-08-21T00:26:00Z,0.1179,0.1182,0.1178,0.1181,0.00032484897423846413,0.11610907652861838
2026-08-21T00:27:00Z,0.1181,0.1184,0.1181,0.1183,0.00032379016878236706,0.11612724889409584
2026-08-21T00:28:00Z,0.1182,0.1183,0.118,0.1181,0.0003229374437179383,0.11614900785534053
2026-08-21T00:29:00Z,0.1181,0.1184,0.1177,0.118,0.0003214615678597183,0.1161589182776268
2026-08-21T00:30:00Z,0.118,0.1184,0.118,0.1183,0.0003193509904886018,0.1161565426236427
2026-08-21T00:31:00Z,0.1182,0.1182,0.1176,0.1177,0.0003175294437679767,0.116159149075029
2026-08-21T00:32:00Z,0.1176,0.1178,0.1174,0.1178,0.00031510856184284713,0.11614991534819942
2026-08-21T00:33:00Z,0.1178,0.1182,0.1176,0.1181,0.0003128043298789666,0.11614235542967678
2026-08-21T00:34:00Z,0.1181,0.1182,0.1178,0.1179,0.00031040825040644485,0.11613249015226572
2026-08-21T00:35:00Z,0.1178,0.1178,0.1171,0.1172,0.00030776435209121147,0.11611726353697444
2026-08-21T00:36:00Z,0.1171,0.1171,0.1167,0.1168,0.00030491224507475927,0.11609736394786682
2026-08-21T00:37:00Z,0.1169,0.117,0.1165,0.117,0.00030202657608644054,0.11607614725754926
2026-08-21T00:38:00Z,0.1171,0.1178,0.1171,0.1177,0.0002992631510609995,0.11605667645795302
2026-08-21T00:39:00Z,0.1178,0.1181,0.1175,0.1181,0.00029715719019695686,0.11604961390956745
2026-08-21T00:40:00Z,0.118,0.1181,0.1178,0.118,0.00029524667017611164,0.11604596394510523
2026-08-21T00:41:00Z,0.118,0.1181,0.1177,0.118,0.0002928009775413189,0.11603112747068774
2026-08-21T00:42:00Z,0.1181,0.1184,0.1178,0.1184,0.00029047941080579765,0.11601823113796106
2026-08-21T00:43:00Z,0.1184,0.1184,0.1178,0.118,0.00028834754298048105,0.11600864872266195
2026-08-21T00:44:00Z,0.118,0.1182,0.118,0.118,0.0002862726258814965,0.11599973520805755
2026-08-21T00:45:00Z,0.118,0.1184,0.118,0.1181,0.00028403987696981755,0.11598710074895738
2026-08-21T00:46:00Z,0.1181,0.1187,0.1181,0.1186,0.00028183168841678237,0.11597445679290917
2026-08-21T00:47:00Z,0.1187,0.1187,0.1182,0.1184,0.00028009301483956174,0.11597104825143577
2026-08-21T00:48:00Z,0.1183,0.1187,0.1183,0.1184,0.0002785875880128264,0.11597210546990432
2026-08-21T00:49:00Z,0.1184,0.1184,0.1177,0.1179,0.0002767357542758169,0.11596554229336442
2026-08-21T00:50:00Z,0.1179,0.118,0.1175,0.1179,0.00027428590888400347,0.1159459299916118
2026-08-21T00:51:00Z,0.1179,0.1183,0.1179,0.1182,0.00027167984464079967,0.11592243896116262
2026-08-21T00:52:00Z,0.1182,0.1184,0.1181,0.1182,0.0002694659739154248,0.11590671255611183
2026-08-21T00:53:00Z,0.1182,0.1189,0.1182,0.1189,0.0002673797045698092,0.11589321092278701
2026-08-21T00:54:00Z,0.119,0.119,0.1186,0.1188,0.00026584512040045476,0.1158911187272223
2026-08-21T00:55:00Z,0.1187,0.1191,0.1187,0.1189,0.0002640623295729102,0.11588329208034269
2026-08-21T00:56:00Z,0.1188,0.1196,0.1188,0.1195,0.0002623957654471577,0.11587758476873385
2026-08-21T00:57:00Z,0.1194,0.1195,0.1191,0.1194,0.0002617533733385156,0.11589392276605712
2026-08-21T00:58:00Z,0.1193,0.1197,0.1191,0.1192,0.0002615234321376719,0.11591919787731671
2026-08-21T00:59:00Z,0.1192,0.1199,0.1192,0.1197,0.0002610593833919495,0.11593924089411552
2026-08-21T01:00:00Z,0.1197,0.1199,0.1195,0.1196,0.00026125212097492654,0.11597380347456608
2026-08-21T01:01:00Z,0.1196,0.1196,0.1194,0.1195,0.0002615786754317572,0.11601141722515455
2026-08-21T01:02:00Z,0.1196,0.1202,0.1196,0.1199,0.00026185482027281045,0.1160479840748879
2026-08-21T01:03:00Z,0.12,0.12,0.1195,0.12,0.00026260857935941385,0.11609543858222232
2026-08-21T01:04:00Z,0.1199,0.1199,0.1196,0.1196,0.00026367103916261796,0.11615011507205862
2026-08-21T01:05:00Z,0.1196,0.1198,0.1193,0.1194,0.0002644247434016281,0.11619799629837893
2026-08-21T01:06:00Z,0.1194,0.1194,0.1186,0.1191,0.0002645813293200326,0.11623232959905985
2026-08-21T01:07:00Z,0.1191,0.1192,0.1187,0.119,0.0002642372733051016,0.1162551266426804
2026-08-21T01:08:00Z,0.119,0.1199,0.119,0.1199,0.00026440465276488916,0.1162897424769503
2026-08-21T01:09:00Z,0.1198,0.1201,0.1198,0.12,0.00026530717852247355,0.11634159743593488
2026-08-21T01:10:00Z,0.1201,0.1201,0.1199,0.1201,0.0002667981189401617,0.11640752096197268
2026-08-21T01:11:00Z,0.12,0.1204,0.1199,0.1203,0.0002682340788972875,0.11647252919226779
2026-08-21T01:12:00Z,0.1202,0.1202,0.1198,0.1199,0.0002697920459720417,0.11654080901449407
2026-08-21T01:13:00Z,0.1199,0.1199,0.1193,0.1195,0.00027086011455805916,0.11659778180258241
2026-08-21T01:14:00Z,0.1195,0.1199,0.119,0.1192,0.0002722682594700657,0.11666320427245531
2026-08-21T01:15:00Z,0.1193,0.1193,0.1187,0.1192,0.00027319107973140284,0.11671726593013963
2026-08-21T01:16:00Z,0.1193,0.1198,0.1191,0.1197,0.00027398169777942893,0.11676835721061939
2026-08-21T01:17:00Z,0.1198,0.1198,0.1193,0.1195,0.0002746120726323701,0.11681574325342038
2026-08-21T01:18:00Z,0.1195,0.1203,0.1195,0.1198,0.0002749272171312239,0.11685555995718308
2026-08-21T01:19:00Z,0.1198,0.1201,0.1194,0.1195,0.00027582352710465015,0.11690979920254883
2026-08-21T01:20:00Z,0.1194,0.1194,0.1185,0.1185,0.0002760424626007163,0.11694747803560036
2026-08-21T01:21:00Z,0.1185,0.1193,0.1184,0.1185,0.0002751558238329296,0.11695767494420595
2026-08-21T01:22:00Z,0.1185,0.1187,0.1183,0.1184,0.00027478131389739054,0.1169804851660361
2026-08-21T01:23:00Z,0.1184,0.1185,0.1179,0.1183,0.00027372611782239644,0.11698609032174088
2026-08-21T01:24:00Z,0.1183,0.1185,0.1181,0.1181,0.0002729114858495902,0.11699752809752258
2026-08-21T01:25:00Z,0.1181,0.1187,0.1179,0.1181,0.0002720677234758018,0.11700803670835347
2026-08-21T01:26:00Z,0.1181,0.1182,0.1177,0.1178,0.0002715570275450895,0.11702684562497447
2026-08-21T01:27:00Z,0.1179,0.1185,0.1178,0.1184,0.0002703819729216688,0.1170285097661599
2026-08-21T01:28:00Z,0.1184,0.1189,0.1184,0.1188,0.0002690531956880126,0.11702594113342563
2026-08-21T01:29:00Z,0.1189,0.119,0.1185,0.1186,0.0002676595315622262,0.11702138346245575
2026-08-21T01:30:00Z,0.1186,0.119,0.1185,0.1185,0.0002661353431173365,0.11701310913749335
2026-08-21T01:31:00Z,0.1186,0.1193,0.1185,0.119,0.00026410412818104204,0.11699125013658679
2026-08-21T01:32:00Z,0.119,0.1191,0.1186,0.1188,0.00026255407249421465,0.11698152759134822
2026-08-21T01:33:00Z,0.1188,0.1192,0.1188,0.1189,0.00026105723624483856,0.11697284389716454
2026-08-21T01:34:00Z,0.1189,0.1197,0.1189,0.1194,0.00025913325857482696,0.11695252026073195
2026-08-21T01:35:00Z,0.1195,0.1196,0.1194,0.1194,0.00025702953929603376,0.11692697933106966
2026-08-21T01:36:00Z,0.1193,0.1194,0.119,0.1192,0.00025505263440453446,0.11690433221023251
2026-08-21T01:37:00Z,0.1193,0.1196,0.1192,0.1195,0.0002529361727229892,0.1168774920591804
2026-08-21T01:38:00Z,0.1195,0.1198,0.1193,0.1198,0.00025074170152744894,0.11684806692272666
2026-08-21T01:39:00Z,0.1199,0.1201,0.1198,0.1199,0.0002488395568366402,0.11682602517918125
2026-08-21T01:40:00Z,0.1199,0.1203,0.1195,0.1196,0.0002464903127369189,0.1167914281780441
2026-08-21T01:41:00Z,0.1197,0.12,0.1196,0.1197,0.00024390773513204407,0.11674994536057107
2026-08-21T01:42:00Z,0.1198,0.1209,0.1198,0.1208,0.0002411584350550584,0.11670332141910403
2026-08-21T01:43:00Z,0.1208,0.1213,0.1206,0.1212,0.00023910201116347774,0.11667507082722962
2026-08-21T01:44:00Z,0.1212,0.1222,0.1211,0.1217,0.0002374064680477403,0.11665628226757424
2026-08-21T01:45:00Z,0.1216,0.1219,0.1214,0.1217,0.0002364366152444048,0.11665716318374401
2026-08-21T01:46:00Z,0.1216,0.1217,0.1211,0.1214,0.00023519918359489076,0.11665038885197683
2026-08-21T01:47:00Z,0.1214,0.1221,0.1212,0.1219,0.00023381352590564963,0.11663919410093093
2026-08-21T01:48:00Z,0.1219,0.1221,0.1212,0.1212,0.0002324944327760545,0.11662954041138099
2026-08-21T01:49:00Z,0.1211,0.1214,0.1203,0.1204,0.00023011674878583264,0.11666868358666249
2026-08-21T01:50:00Z,0.1205,0.121,0.1204,0.121,0.00022725492097094228,0.11690539532481793
2026-08-21T01:51:00Z,0.1209,0.1215,0.1203,0.1214,0.00022540126453439856,0.11738119143353522
2026-08-21T01:52:00Z,0.1214,0.1216,0.1213,0.1214,0.00022409899736271173,0.1176083636340115
2026-08-21T01:53:00Z,0.1214,0.1224,0.1213,0.1221,0.0002230044771124056,0.11760395442122847
2026-08-21T01:54:00Z,0.122,0.1222,0.1217,0.122,0.00022215483104152546,0.11760619943394789
2026-08-21T01:55:00Z,0.122,0.1225,0.1219,0.1224,0.00022132942716171765,0.11779381535330591
2026-08-21T01:56:00Z,0.1224,0.1224,0.1206,0.1211,0.00022076778905449798,0.11798882123612983
2026-08-21T01:57:00Z,0.121,0.1212,0.1208,0.1209,0.00021939345220980779,0.11816072318694532
2026-08-21T01:58:00Z,0.1208,0.1208,0.1203,0.1208,0.00021870954657433162,0.11852663695633689
2026-08-21T01:59:00Z,0.1209,0.1213,0.1207,0.1211,0.00021825164661796366,0.11855077129985904
2026-08-21T02:00:00Z,0.1212,0.1216,0.1211,0.1213,0.00021762873191553104,0.11857413670454083
2026-08-21T02:01:00Z,0.1213,0.1214,0.1211,0.1213,0.00021831285594214018,0.11860278448323135
2026-08-21T02:02:00Z,0.1213,0.1215,0.121,0.1212,0.00021848911947445037,0.11862943258152774
2026-08-21T02:03:00Z,0.1212,0.1215,0.121,0.1212,0.00021797395567742537,0.11865309297820098
2026-08-21T02:04:00Z,0.1213,0.1221,0.1213,0.122,0.00021721640020864455,0.11867554270638049
2026-08-21T02:05:00Z,0.122,0.1221,0.1215,0.1218,0.00021698958774701884,0.11870027379050027
2026-08-21T02:06:00Z,0.1218,0.123,0.1216,0.1227,0.00021735591042101245,0.11872777300291364
2026-08-21T02:07:00Z,0.1228,0.123,0.1226,0.1227,0.00021879485905141322,0.11876058829001689
2026-08-21T02:08:00Z,0.1226,0.1232,0.1226,0.1229,0.00022053811202951158,0.11879527280955232
2026-08-21T02:09:00Z,0.1229,0.123,0.1222,0.1222,0.00022230138591290504,0.11883048406194856
2026-08-21T02:10:00Z,0.1223,0.1225,0.1218,0.1218,0.00022350334754453515,0.11886318924910089
2026-08-21T02:11:00Z,0.1219,0.122,0.1213,0.1213,0.00022503737893952763,0.11889796595012758
2026-08-21T02:12:00Z,0.1214,0.1215,0.1205,0.121,0.00022582753015557307,0.11892904807788945
2026-08-21T02:13:00Z,0.1209,0.1214,0.1207,0.1214,0.0002258621735725873,0.11895610225288267
2026-08-21T02:14:00Z,0.1213,0.1216,0.1209,0.121,0.00022637559126935012,0.11898590522952263
2026-08-21T02:15:00Z,0.121,0.121,0.1205,0.1207,0.0002262264044880383,0.1190119737843402
2026-08-21T02:16:00Z,0.1207,0.1218,0.1207,0.1218,0.000226137441169802,0.11903837097730884
2026-08-21T02:17:00Z,0.1218,0.1222,0.1215,0.1221,0.00022694834098695914,0.11907021720691612
2026-08-21T02:18:00Z,0.1221,0.1226,0.1219,0.1223,0.00022796531560439364,0.11910354140973431
2026-08-21T02:19:00Z,0.1223,0.1228,0.1219,0.1219,0.00022827968667233695,0.11913268091364851
2026-08-21T02:20:00Z,0.1218,0.122,0.1216,0.1219,0.0002282862936985196,0.11915992210285391
2026-08-21T02:21:00Z,0.1219,0.1228,0.1219,0.1226,0.00022841989071031735,0.1191880035556961
2026-08-21T02:22:00Z,0.1227,0.1232,0.1227,0.1229,0.0002289102342328751,0.11921850518030899
2026-08-21T02:23:00Z,0.1228,0.1233,0.1228,0.1231,0.00022977612343197867,0.11925168424325208
2026-08-21T02:24:00Z,0.123,0.123,0.1221,0.1224,0.0002308405464922005,0.11928645268652006
2026-08-21T02:25:00Z,0.1225,0.1229,0.1224,0.1227,0.00023197896977749722,0.11932200624384412
2026-08-21T02:26:00Z,0.1227,0.1227,0.1222,0.1225,0.00023322952965417954,0.1193586452227548
2026-08-21T02:27:00Z,0.1224,0.1232,0.1224,0.1232,0.00023434754973662594,0.11939462877351097
2026-08-21T02:28:00Z,0.1231,0.1232,0.1224,0.1225,0.0002356416177097961,0.11943219381595344
2026-08-21T02:29:00Z,0.1225,0.1226,0.1219,0.122,0.00023673862231961582,0.11946859667099925
2026-08-21T02:30:00Z,0.122,0.1227,0.122,0.1224,0.00023699738837254096,0.11949886185760578
2026-08-21T02:31:00Z,0.1224,0.1227,0.1222,0.1223,0.0002371810203196708,0.11952861282619608
2026-08-21T02:32:00Z,0.1224,0.1229,0.1224,0.1228,0.00023722346494719365,0.11955730102766879
2026-08-21T02:33:00Z,0.1227,0.1227,0.1222,0.1224,0.00023817920393368123,0.11959332404415506
2026-08-21T02:34:00Z,0.1223,0.1229,0.1223,0.1229,0.00023910404888783296,0.11962933526672088
2026-08-21T02:35:00Z,0.1229,0.1229,0.122,0.122,0.00024040291554384036,0.11966866698574245
2026-08-21T02:36:00Z,0.1219,0.122,0.1215,0.1215,0.00024034306946791152,0.11969693770200962
2026-08-21T02:37:00Z,0.1214,0.1216,0.1211,0.1211,0.00023998827145627232,0.11972269355732046
2026-08-21T02:38:00Z,0.121,0.1215,0.1208,0.1213,0.0002393366134151809,0.11974581051668344
2026-08-21T02:39:00Z,0.1213,0.1222,0.1213,0.1222,0.00023890488685053337,0.11977069874583601
2026-08-21T02:40:00Z,0.1221,0.1221,0.1217,0.122,0.00023964930436914188,0.11980591552360673
2026-08-21T02:41:00Z,0.1221,0.123,0.1221,0.1228,0.0002395454709312936,0.11983369715904055
2026-08-21T02:42:00Z,0.1228,0.1229,0.1226,0.1227,0.00023988900938635356,0.11986553573602374
2026-08-21T02:43:00Z,0.1227,0.123,0.1226,0.1227,0.00024027342823335873,0.11989784256359735
2026-08-21T02:44:00Z,0.1227,0.1229,0.1221,0.1221,0.00024033132800597623,0.11992719590232763
2026-08-21T02:45:00Z,0.1222,0.1225,0.122,0.122,0.0002397334664781717,0.1199503561119634
2026-08-21T02:46:00Z,0.1221,0.1228,0.1221,0.1228,0.00023936137086431696,0.11997554423075767
2026-08-21T02:47:00Z,0.1228,0.1228,0.1222,0.1227,0.0002396182487696771,0.12000676214666396
2026-08-21T02:48:00Z,0.1228,0.1229,0.1224,0.1228,0.00023973591250810736,0.12003667956183271
2026-08-21T02:49:00Z,0.1227,0.1229,0.1225,0.1226,0.0002402463468307041,0.12007054692136271
2026-08-21T02:50:00Z,0.1227,0.1231,0.1226,0.1231,0.0002407166563636945,0.12010414163762308
2026-08-21T02:51:00Z,0.123,0.1236,0.123,0.1232,0.00024183078846329125,0.12014443347169358
2026-08-21T02:52:00Z,0.1231,0.1237,0.1231,0.1235,0.00024288902270687472,0.12018442887242964
2026-08-21T02:53:00Z,0.1235,0.1239,0.1231,0.1237,0.00024414802378784894,0.12022679198766437
2026-08-21T02:54:00Z,0.1238,0.124,0.1235,0.1237,0.00024561130066716447,0.12027163488962048
2026-08-21T02:55:00Z,0.1237,0.1242,0.1237,0.124,0.00024665958415414057,0.1203124028806426
2026-08-21T02:56:00Z,0.1239,0.1241,0.1238,0.1239,0.0002477210372403422,0.12035357967007532
2026-08-21T02:57:00Z,0.1239,0.124,0.1235,0.1239,0.0002488187252570586,0.12039542312793884
2026-08-21T02:58:00Z,0.1239,0.1246,0.1239,0.1242,0.00024976735347960265,0.12043589392988878
2026-08-21T02:59:00Z,0.1242,0.1246,0.1234,0.1234,0.0002508169631987982,0.12047773834562472
2026-08-21T03:00:00Z,0.1235,0.1241,0.1228,0.1233,0.00025095281468571514,0.12050949889725018
2026-08-21T03:01:00Z,0.1233,0.1235,0.1231,0.1231,0.0002512179619870406,0.12054278120330095
2026-08-21T03:02:00Z,0.1232,0.1235,0.1227,0.1229,0.0002507156209631046,0.12056725305477585
2026-08-21T03:03:00Z,0.1228,0.1228,0.1222,0.1224,0.00025007711561078415,0.12059001596189353
2026-08-21T03:04:00Z,0.1223,0.1226,0.1221,0.1222,0.0002487777969439239,0.12060481855754215
2026-08-21T03:05:00Z,0.1223,0.1224,0.1216,0.1223,0.00024743646349974994,0.12061880781347614
2026-08-21T03:06:00Z,0.1222,0.1225,0.122,0.1225,0.00024703286708662646,0.12064378775918881
2026-08-21T03:07:00Z,0.1225,0.1228,0.1222,0.1224,0.00024684433795196646,0.12067129664399115
2026-08-21T03:08:00Z,0.1224,0.123,0.1224,0.1226,0.00024643602657312217,0.1206960605216866
2026-08-21T03:09:00Z,0.1226,0.1228,0.1222,0.1227,0.0002464216640504518,0.12072562945017987
2026-08-21T03:10:00Z,0.1226,0.1227,0.122,0.1222,0.0002464475765075283,0.12075570795001307
2026-08-21T03:11:00Z,0.1222,0.1229,0.1222,0.1228,0.00024636343430276485,0.12078440444236853
2026-08-21T03:12:00Z,0.1227,0.1231,0.1223,0.1225,0.0002463903546684642,0.12081450971967055
2026-08-21T03:13:00Z,0.1225,0.1225,0.1215,0.1217,0.00024638684095375777,0.12084423548357633
2026-08-21T03:14:00Z,0.1216,0.1217,0.1209,0.1211,0.0002453932778207872,0.1208610439131142
2026-08-21T03:15:00Z,0.1211,0.1215,0.1207,0.1213,0.00024420765125790966,0.12087508394528525
2026-08-21T03:16:00Z,0.1213,0.1214,0.1211,0.1214,0.00024271420149833003,0.12072929915963812
2026-08-21T03:17:00Z,0.1214,0.1217,0.1212,0.1216,0.00024109055716772402,0.12075821329404791
2026-08-21T03:18:00Z,0.1217,0.1223,0.1216,0.122,0.000239959125882249,0.12078692048177257
2026-08-21T03:19:00Z,0.122,0.1225,0.122,0.1224,0.00023922159012337754,0.12081555145970255
2026-08-21T03:20:00Z,0.1224,0.1226,0.122,0.1225,0.0002388746513115354,0.12084424697728488
2026-08-21T03:21:00Z,0.1224,0.1229,0.1215,0.1224,0.00023892939115068517,0.12087315675212829
2026-08-21T03:22:00Z,0.1225,0.1228,0.1221,0.1222,0.00023912843296513935,0.12090220880435835
2026-08-21T03:23:00Z,0.1223,0.1229,0.1223,0.1225,0.00023903330818674052,0.12093103138877151
2026-08-21T03:24:00Z,0.1226,0.1231,0.1226,0.1228,0.00023880074756817875,0.12095968821395138
2026-08-21T03:25:00Z,0.1227,0.1228,0.1218,0.1223,0.00023904991155697017,0.12098887838744815
2026-08-21T03:26:00Z,0.1225,0.1231,0.1225,0.1229,0.0002391032489520589,0.12101787522788748
2026-08-21T03:27:00Z,0.123,0.1231,0.1225,0.1227,0.00023963024202804366,0.12104757994704692
2026-08-21T03:28:00Z,0.1228,0.123,0.1224,0.1226,0.0002404823496410637,0.12107793130476353
2026-08-21T03:29:00Z,0.1226,0.1227,0.1222,0.1225,0.0002412174448333615,0.12110829827090498
2026-08-21T03:30:00Z,0.1225,0.1239,0.1223,0.1237,0.00024174763269482587,0.12113847861727324
2026-08-21T03:31:00Z,0.1238,0.124,0.1233,0.1238,0.00024352267281707137,0.12117120838901216
2026-08-21T03:32:00Z,0.1238,0.1241,0.1232,0.1233,0.0002453435254576449,0.12120447168389703
2026-08-21T03:33:00Z,0.1233,0.1244,0.1229,0.1244,0.0002464404787409449,0.1212366058768754
2026-08-21T03:34:00Z,0.1243,0.1246,0.124,0.1243,0.0002482440810173767,0.1212706428508349
2026-08-21T03:35:00Z,0.1243,0.1248,0.1242,0.1244,0.0002501835027035916,0.12130545646449724
2026-08-21T03:36:00Z,0.1244,0.125,0.1242,0.1247,0.00025225112330353605,0.12134107740432767
2026-08-21T03:37:00Z,0.1246,0.1246,0.1234,0.124,0.00025487804995157754,0.12137870425049828
2026-08-21T03:38:00Z,0.1239,0.1245,0.1238,0.1244,0.00025625952967014753,0.12141350269624684
2026-08-21T03:39:00Z,0.1244,0.1251,0.1243,0.125,0.0002577546015944006,0.1214489777710161
2026-08-21T03:40:00Z,0.1249,0.1254,0.1247,0.1249,0.00025952373143966416,0.1214856588174215
2026-08-21T03:41:00Z,0.125,0.1253,0.1249,0.125,0.00026151205390320047,0.12152347348222618
2026-08-21T03:42:00Z,0.125,0.1256,0.125,0.1251,0.0002635340657257094,0.12156189389882578
2026-08-21T03:43:00Z,0.1251,0.1253,0.1247,0.1248,0.0002650557717793646,0.1215991147772611
2026-08-21T03:44:00Z,0.1247,0.1248,0.1243,0.1247,0.0002661841327247517,0.12163532973929346
2026-08-21T03:45:00Z,0.1248,0.1255,0.1248,0.1254,0.00026708632555106027,0.12167100452026386
2026-08-21T03:46:00Z,0.1253,0.1255,0.1246,0.1247,0.00026833669989584596,0.12170822303647953
2026-08-21T03:47:00Z,0.1247,0.1247,0.1238,0.1241,0.0002692140730137332,0.12174430423933723
2026-08-21T03:48:00Z,0.1241,0.1247,0.1241,0.1244,0.00026909118410598014,0.12177659008578479
2026-08-21T03:49:00Z,0.1245,0.1249,0.1245,0.1246,0.00026925565294277324,0.12181004465453983
2026-08-21T03:50:00Z,0.1246,0.1248,0.1245,0.1246,0.00026917424888816296,0.12184249996650609
2026-08-21T03:51:00Z,0.1247,0.1247,0.1243,0.1244,0.00026948247261578974,0.12187665358679924
2026-08-21T03:52:00Z,0.1244,0.1247,0.1243,0.1244,0.0002695694228974076,0.12190989383760409
2026-08-21T03:53:00Z,0.1243,0.1243,0.1236,0.1238,0.00026996014143224707,0.12194457198191366
2026-08-21T03:54:00Z,0.1238,0.1245,0.1238,0.1242,0.0002700660048556022,0.12197800020607882
2026-08-21T03:55:00Z,0.1242,0.1248,0.1242,0.1248,0.00027064022706048234,0.12201374925392722
2026-08-21T03:56:00Z,0.1248,0.1248,0.1239,0.1242,0.0002715804276155854,0.1220514803286213
2026-08-21T03:57:00Z,0.1242,0.1246,0.1242,0.1246,0.0002716148023277326,0.12208480788159594
2026-08-21T03:58:00Z,0.1246,0.1252,0.1246,0.1251,0.0002717555003238932,0.1221187112440002
2026-08-21T03:59:00Z,0.1251,0.1255,0.1251,0.1251,0.0002719008702642885,0.12215268350512674
2026-08-21T04:00:00Z,0.1251,0.1254,0.1247,0.1248,0.00027180737944092437,0.12218538739622267
2026-08-21T04:01:00Z,0.1249,0.1253,0.1246,0.1251,0.00027202984158788,0.12221985350105534
2026-08-21T04:02:00Z,0.1252,0.1252,0.1247,0.1251,0.0002725367023246334,0.12225601787474943
2026-08-21T04:03:00Z,0.1252,0.1263,0.1252,0.1259,0.0002731664644333079,0.12229303835664143
2026-08-21T04:04:00Z,0.1259,0.1259,0.1251,0.1251,0.000274047418930478,0.12233172982843422
2026-08-21T04:05:00Z,0.1252,0.1252,0.1245,0.1246,0.00027411566728748554,0.12236567667945161
2026-08-21T04:06:00Z,0.1246,0.1246,0.1239,0.1241,0.0002738004016184744,0.12239725564012141
2026-08-21T04:07:00Z,0.1241,0.1241,0.1234,0.1239,0.00027337127686205163,0.12242804069670382
2026-08-21T04:08:00Z,0.1238,0.1241,0.1234,0.1238,0.0002727281374230727,0.12245733938176459
2026-08-21T04:09:00Z,0.1239,0.1245,0.1239,0.1243,0.0002715995416194925,0.12248327662897293
2026-08-21T04:10:00Z,0.1243,0.1245,0.1241,0.1242,0.00027057340700933463,0.12250963322801862
2026-08-21T04:11:00Z,0.1242,0.1245,0.1241,0.1244,0.0002692313885604994,0.1225335764457673
2026-08-21T04:12:00Z,0.1244,0.1245,0.124,0.1241,0.00026791253864173433,0.12255735724439056
2026-08-21T04:13:00Z,0.1241,0.1242,0.1237,0.1238,0.00026601753456412654,0.12257672311886547
2026-08-21T04:14:00Z,0.1238,0.1244,0.1238,0.1243,0.000263815108220585,0.12259340380538383
2026-08-21T04:15:00Z,0.1243,0.1247,0.1242,0.1244,0.0002623356990163359,0.12261486572728357
2026-08-21T04:16:00Z,0.1244,0.1247,0.1239,0.124,0.00026061569603706735,0.12263416872905449
2026-08-21T04:17:00Z,0.1241,0.1246,0.1238,0.1244,0.00025841400072610087,0.12264938987222489
2026-08-21T04:18:00Z,0.1245,0.1257,0.1244,0.1256,0.00025684989396928843,0.12266900004471416
2026-08-21T04:19:00Z,0.1256,0.1259,0.1253,0.1253,0.00025667339062623217,0.1226991255676639
2026-08-21T04:20:00Z,0.1254,0.1263,0.1253,0.1255,0.0002564561411456535,0.122728890116948
2026-08-21T04:21:00Z,0.1256,0.1258,0.1246,0.1247,0.0002568813256247171,0.12276381370214662
2026-08-21T04:22:00Z,0.1247,0.125,0.1242,0.1248,0.0002565017733144146,0.12279223083744353
2026-08-21T04:23:00Z,0.1247,0.1252,0.1244,0.125,0.00025615743460162234,0.12282085541420557
2026-08-21T04:24:00Z,0.125,0.1255,0.1248,0.125,0.0002561077101120986,0.12285189941499944
2026-08-21T04:25:00Z,0.125,0.1254,0.1246,0.1254,0.00025600942954318777,0.12288252137258907
2026-08-21T04:26:00Z,0.1254,0.1254,0.125,0.1251,0.0002560168707999843,0.12291404942310948
2026-08-21T04:27:00Z,0.1251,0.1252,0.1246,0.1248,0.0002558116553373972,0.1229437049521736
2026-08-21T04:28:00Z,0.1249,0.1253,0.1249,0.1252,0.0002554843849429513,0.1229722214755706
2026-08-21T04:29:00Z,0.1252,0.1256,0.1252,0.1255,0.0002552656406373017,0.12300165191809487
2026-08-21T04:30:00Z,0.1255,0.1257,0.1247,0.1249,0.0002551558767005767,0.12303204118108191
2026-08-21T04:31:00Z,0.1249,0.1252,0.1246,0.125,0.00025476109151284894,0.12305974523482102
2026-08-21T04:32:00Z,0.125,0.125,0.1242,0.1249,0.0002538703215248125,0.12308265762215254
2026-08-21T04:33:00Z,0.1249,0.1252,0.1243,0.1252,0.0002529331292717901,0.12310490920232815
2026-08-21T04:34:00Z,0.1252,0.1257,0.1252,0.1257,0.0002524600477513595,0.12313144851859024
2026-08-21T04:35:00Z,0.1258,0.1259,0.1256,0.1258,0.0002521724450853143,0.12315970449690256
2026-08-21T04:36:00Z,0.1259,0.1262,0.1257,0.1259,0.0002512888246106253,0.12318194904797444
2026-08-21T04:37:00Z,0.1259,0.1261,0.1255,0.1256,0.0002500685460648822,0.12320057876802631
2026-08-21T04:38:00Z,0.1256,0.1259,0.1252,0.1257,0.00024871462343810955,0.12321754378933676
2026-08-21T04:39:00Z,0.1257,0.1265,0.1254,0.1262,0.00024800565056168453,0.12324085393565443
2026-08-21T04:40:00Z,0.1262,0.1262,0.1256,0.1261,0.0002480062885722934,0.12327142883931987
2026-08-21T04:41:00Z,0.126,0.126,0.1249,0.1254,0.00024777850236757233,0.12329958930525126
2026-08-21T04:42:00Z,0.1254,0.1259,0.1253,0.1258,0.00024691563475190875,0.12332088609548343
2026-08-21T04:43:00Z,0.1257,0.126,0.1252,0.1252,0.00024668431748734175,0.12334882880557545
2026-08-21T04:44:00Z,0.1251,0.1251,0.1248,0.1249,0.00024555044613488395,0.12336681064619733
2026-08-21T04:45:00Z,0.1248,0.1253,0.1244,0.1251,0.0002441162976095841,0.12338118088881511
2026-08-21T04:46:00Z,0.1251,0.1254,0.1248,0.1251,0.00024288740147236653,0.12339750366375746
2026-08-21T04:47:00Z,0.125,0.1252,0.1247,0.1247,0.00024205044121133255,0.12341797541048977
2026-08-21T04:48:00Z,0.1247,0.1247,0.1237,0.1244,0.00024065840273829143,0.12343187192917375
2026-08-21T04:49:00Z,0.1244,0.1252,0.1243,0.1249,0.00023897149935463342,0.12344200480382833
2026-08-21T04:50:00Z,0.1249,0.1253,0.1248,0.125,0.00023721511872019574,0.12345090718685718
2026-08-21T04:51:00Z,0.1251,0.1256,0.1251,0.1254,0.00023549169147976253,0.12345976709537336
2026-08-21T04:52:00Z,0.1254,0.1258,0.1249,0.1256,0.0002343147484426498,0.1234747471575052
2026-08-21T04:53:00Z,0.1256,0.1257,0.1251,0.1257,0.00023325178981852993,0.12349081779991651
2026-08-21T04:54:00Z,0.1256,0.1259,0.1253,0.1259,0.00023283632290774987,0.12351454520487323
2026-08-21T04:55:00Z,0.1259,0.1266,0.1257,0.1261,0.0002324494854170226,0.12353852819983557
2026-08-21T04:56:00Z,0.1261,0.1262,0.1256,0.1261,0.00023226492952488627,0.12356494471500121
2026-08-21T04:57:00Z,0.126,0.1261,0.1256,0.1258,0.000232555861458537,0.12359731555440706
2026-08-21T04:58:00Z,0.1259,0.1261,0.1256,0.126,0.00023246547184010128,0.12362491120762918
2026-08-21T04:59:00Z,0.1261,0.1262,0.1259,0.1259,0.00023231918482339092,0.12365177183777339
2026-08-21T05:00:00Z,0.1259,0.1264,0.1255,0.1263,0.00023248022762437413,0.12368259324614542
2026-08-21T05:01:00Z,0.1263,0.1264,0.1259,0.1259,0.0002328390644954513,0.12371605600821957
2026-08-21T05:02:00Z,0.126,0.1266,0.126,0.1261,0.0002327340335972259,0.12374347461793561
2026-08-21T05:03:00Z,0.1261,0.1272,0.1261,0.1269,0.00023309792119983913,0.12377714161635181
2026-08-21T05:04:00Z,0.1269,0.127,0.126,0.1264,0.00023416127849230857,0.12382034785644198
2026-08-21T05:05:00Z,0.1263,0.1267,0.1258,0.1265,0.0002344173140874762,0.12385283331390039
2026-08-21T05:06:00Z,0.1266,0.127,0.1264,0.1268,0.0002345323154927584,0.12388345134712923
2026-08-21T05:07:00Z,0.1268,0.1274,0.1268,0.1273,0.0002345797426104302,0.1239131676320438
2026-08-21T05:08:00Z,0.1272,0.1274,0.1271,0.1273,0.00023489316596782479,0.1239466282806959
2026-08-21T05:09:00Z,0.1273,0.1274,0.1266,0.1267,0.0002359361962130276,0.12399048818431076
2026-08-21T05:10:00Z,0.1267,0.127,0.1265,0.1268,0.0002365243592795049,0.1240281343043406
2026-08-21T05:11:00Z,0.1269,0.1275,0.1268,0.1274,0.00023723433399971096,0.12406769087936714
2026-08-21T05:12:00Z,0.1274,0.1275,0.1272,0.1274,0.00023856093113263177,0.12411639032834755
2026-08-21T05:13:00Z,0.1273,0.1274,0.1271,0.1271,0.00023948936535102662,0.12415960477203368
2026-08-21T05:14:00Z,0.1271,0.1276,0.127,0.1274,0.0002397710206179575,0.12419350575895267
2026-08-21T05:15:00Z,0.1274,0.1283,0.1273,0.1281,0.00023998078261122023,0.12422641425109678
2026-08-21T05:16:00Z,0.1281,0.1284,0.128,0.1282,0.0002407012020554728,0.12426706176183723
2026-08-21T05:17:00Z,0.1282,0.1293,0.1282,0.1291,0.00024187791199857834,0.12431482177555397
2026-08-21T05:18:00Z,0.1291,0.1297,0.1289,0.1296,0.00024354584968143647,0.12437040718166055
2026-08-21T05:19:00Z,0.1295,0.13,0.1295,0.1298,0.0002458099661457763,0.1244356312217554
2026-08-21T05:20:00Z,0.1299,0.1302,0.1294,0.1297,0.00024790351624565365,0.12449879879610885
2026-08-21T05:21:00Z,0.1297,0.1299,0.1293,0.1297,0.0002489663282848975,0.12454634373387495
2026-08-21T05:22:00Z,0.1296,0.1298,0.1294,0.1295,0.00024995074388431567,0.12459293117196332
2026-08-21T05:23:00Z,0.1295,0.1299,0.129,0.1292,0.00025060836957272234,0.12463456796894364
2026-08-21T05:24:00Z,0.1293,0.1295,0.1289,0.1291,0.0002508592313066054,0.1246698407447929
2026-08-21T05:25:00Z,0.1291,0.1297,0.1288,0.129,0.00025077626983979523,0.12469977435513871
2026-08-21T05:26:00Z,0.129,0.1291,0.1284,0.1288,0.00025053561870232014,0.1247271178991682
2026-08-21T05:27:00Z,0.1289,0.129,0.1284,0.1289,0.00024979132884448373,0.12474611395822402
2026-08-21T05:28:00Z,0.1288,0.1294,0.1286,0.1294,0.0002495814799803346,0.12477379587530314
2026-08-21T05:29:00Z,0.1294,0.1296,0.1291,0.1291,0.0002500522689837944,0.12481281464912457
2026-08-21T05:30:00Z,0.1292,0.1297,0.1285,0.129,0.00025003184334574454,0.12484368402690116
2026-08-21T05:31:00Z,0.129,0.1295,0.129,0.1293,0.00024976916049398166,0.12487044176631863
2026-08-21T05:32:00Z,0.1293,0.1296,0.1289,0.1291,0.00025011417400506216,0.12490753829352616
2026-08-21T05:33:00Z,0.1291,0.1291,0.1279,0.1281,0.0002500505973194602,0.12493768719061726
2026-08-21T05:34:00Z,0.1282,0.1285,0.1278,0.1282,0.0002491962081111862,0.1249540913985434
2026-08-21T05:35:00Z,0.1283,0.1291,0.1282,0.129,0.00024879702434666947,0.12497824866891603
2026-08-21T05:36:00Z,0.129,0.1291,0.1287,0.1289,0.0002489814274600065,0.12501259714384022
2026-08-21T05:37:00Z,0.1289,0.129,0.1283,0.1284,0.00024884289391766584,0.12504126702755805
2026-08-21T05:38:00Z,0.1283,0.1283,0.1276,0.1279,0.0002484962123853636,0.12506618616278617
2026-08-21T05:39:00Z,0.1279,0.1279,0.1267,0.1269,0.00024794470635546413,0.12508733405929506
2026-08-21T05:40:00Z,0.1268,0.1273,0.1262,0.127,0.0002466094383945485,0.12509413034535408
2026-08-21T05:41:00Z,0.1269,0.1269,0.1265,0.1268,0.00024504457544740157,0.12509639950442106
2026-08-21T05:42:00Z,0.1268,0.1274,0.1268,0.127,0.0002433515321966332,0.12509592003805967
2026-08-21T05:43:00Z,0.1269,0.127,0.1265,0.1267,0.00024272882825024844,0.12511483488870084
2026-08-21T05:44:00Z,0.1266,0.1267,0.1261,0.1266,0.00024216313855153916,0.12513465978665297
2026-08-21T05:45:00Z,0.1266,0.1273,0.1262,0.1272,0.00024190765830720465,0.12516016997351392
2026-08-21T05:46:00Z,0.1273,0.1276,0.1269,0.1275,0.0002421083833469977,0.12519424535468135
2026-08-21T05:47:00Z,0.1274,0.1277,0.1271,0.1275,0.00024225693518105547,0.1252273871878458
2026-08-21T05:48:00Z,0.1276,0.1279,0.1273,0.1276,0.0002427928622615627,0.12526799922526047
2026-08-21T05:49:00Z,0.1276,0.1283,0.1275,0.1282,0.0002427687261487128,0.12529795136530172
2026-08-21T05:50:00Z,0.1281,0.1285,0.1276,0.1283,0.00024249382247341203,0.12532303334501035
2026-08-21T05:51:00Z,0.1284,0.1286,0.1282,0.1286,0.00024276529322650358,0.12535873585094348
2026-08-21T05:52:00Z,0.1286,0.1286,0.1281,0.1283,0.00024357341084470577,0.12540508198904762
2026-08-21T05:53:00Z,0.1283,0.1296,0.1283,0.1295,0.0002440892378112229,0.12544585455633658
2026-08-21T05:54:00Z,0.1295,0.1302,0.1293,0.1298,0.0002461242170152959,0.12551708422737992
2026-08-21T05:55:00Z,0.1299,0.1307,0.1298,0.1304,0.0002482624473867995,0.12559094025256362
2026-08-21T05:56:00Z,0.1304,0.1305,0.1299,0.1303,0.0002511676853874471,0.12568089629055576
2026-08-21T05:57:00Z,0.1304,0.1306,0.1301,0.1306,0.0002528214661213066,0.12574615168577355
2026-08-21T05:58:00Z,0.1305,0.1307,0.13,0.1305,0.00025447734899790373,0.12581190020167599
2026-08-21T05:59:00Z,0.1305,0.1308,0.1302,0.1306,0.00025590022291234975,0.12587328982633528
2026-08-21T06:00:00Z,0.1307,0.1308,0.1293,0.1293,0.0002575949616706294,0.1259407170689547
2026-08-21T06:01:00Z,0.1294,0.1294,0.1285,0.1288,0.0002583590007649509,0.1259891411930911
2026-08-21T06:02:00Z,0.1287,0.1294,0.1287,0.1288,0.0002586656813229466,0.1260281502756775
2026-08-21T06:03:00Z,0.1287,0.1294,0.1287,0.129,0.0002588340127371563,0.1260643186574176
2026-08-21T06:04:00Z,0.1289,0.1291,0.1284,0.1285,0.00025911050258083427,0.12610284485676226
2026-08-21T06:05:00Z,0.1286,0.1286,0.1282,0.1285,0.0002596181747657321,0.12614641016603845
2026-08-21T06:06:00Z,0.1285,0.129,0.1284,0.129,0.00025990916702631596,0.12618544310902077
2026-08-21T06:07:00Z,0.1289,0.1295,0.1288,0.129,0.0002613266113739362,0.12624901993822618
2026-08-21T06:08:00Z,0.129,0.1291,0.1285,0.1288,0.00026270059137961616,0.1263120370969016
2026-08-21T06:09:00Z,0.1288,0.1291,0.1286,0.1287,0.0002640405160846474,0.1263741007010911
2026-08-21T06:10:00Z,0.1287,0.1287,0.1283,0.1287,0.00026466168030704455,0.12641391177703665
2026-08-21T06:11:00Z,0.1286,0.1292,0.1286,0.1291,0.00026489489735239546,0.1264498207904725
2026-08-21T06:12:00Z,0.129,0.1293,0.1288,0.1291,0.00026497190087872906,0.12648413927384397
2026-08-21T06:13:00Z,0.1291,0.1294,0.129,0.1293,0.00026473578172976896,0.12651511925720754
2026-08-21T06:14:00Z,0.1294,0.1299,0.1294,0.1295,0.000264949217203949,0.12655093964822922
2026-08-21T06:15:00Z,0.1296,0.1297,0.1289,0.1297,0.00026492303402905174,0.1265841853118062
2026-08-21T06:16:00Z,0.1296,0.1307,0.1296,0.1303,0.0002647383341901277,0.12661566684540457
2026-08-21T06:17:00Z,0.1303,0.1306,0.1298,0.1302,0.00026591895914124356,0.1266624997451015
2026-08-21T06:18:00Z,0.1303,0.1305,0.1301,0.1301,0.0002672187071147962,0.1267110076308109
2026-08-21T06:19:00Z,0.1301,0.1306,0.13,0.1302,0.0002685541928899843,0.1267602758463755
2026-08-21T06:20:00Z,0.1302,0.1306,0.1295,0.1296,0.00026957303432060436,0.12680620784285268
2026-08-21T06:21:00Z,0.1297,0.1299,0.1293,0.1294,0.0002700555515762301,0.12684608796189425
2026-08-21T06:22:00Z,0.1294,0.1298,0.1293,0.1295,0.00027092364294479344,0.12689070201153155
2026-08-21T06:23:00Z,0.1295,0.13,0.1294,0.1298,0.0002720806572508632,0.12693903626996747
2026-08-21T06:24:00Z,0.1298,0.1299,0.1292,0.1298,0.0002736023818401294,0.12699212898667483
2026-08-21T06:25:00Z,0.1298,0.1302,0.1294,0.1297,0.00027448158774323313,0.1270377127810863
2026-08-21T06:26:00Z,0.1297,0.1307,0.1297,0.1306,0.0002754859530727392,0.12708509517119093
2026-08-21T06:27:00Z,0.1305,0.1306,0.1298,0.1299,0.00027698885265744295,0.12713902538705282
2026-08-21T06:28:00Z,0.1298,0.1303,0.1298,0.1301,0.00027847469927605976,0.12719314390380626
2026-08-21T06:29:00Z,0.1301,0.1302,0.1298,0.1299,0.0002794781406213717,0.12724146386902627
2026-08-21T06:30:00Z,0.13,0.13,0.1293,0.1297,0.0002798419165484629,0.12728175276672887
2026-08-21T06:31:00Z,0.1297,0.13,0.129,0.1294,0.0002803337870247734,0.12732382692087704
2026-08-21T06:32:00Z,0.1293,0.13,0.1292,0.1297,0.00028044965711289567,0.127361059848749
2026-08-21T06:33:00Z,0.1298,0.1298,0.1294,0.1295,0.0002811835350358511,0.12740660043872132
2026-08-21T06:34:00Z,0.1294,0.1296,0.1289,0.1291,0.0002813685931082272,0.12744493006920896
2026-08-21T06:35:00Z,0.1291,0.1291,0.1281,0.1286,0.00028161022003481113,0.12748409005655476
2026-08-21T06:36:00Z,0.1286,0.1286,0.1274,0.1283,0.0002806377582005309,0.1275066037384276
2026-08-21T06:37:00Z,0.1282,0.1284,0.1279,0.1283,0.00027894770574480974,0.1274355428947859
2026-08-21T06:38:00Z,0.1283,0.1283,0.1276,0.1281,0.0002768654422424261,0.1274705648498487
2026-08-21T06:39:00Z,0.1281,0.1292,0.128,0.1291,0.0002747438228602743,0.12750505037606283
2026-08-21T06:40:00Z,0.1291,0.1292,0.1288,0.1289,0.00027415474922237623,0.12753978589212753
2026-08-21T06:41:00Z,0.129,0.1299,0.129,0.1298,0.00027318582624023753,0.12757413827451097
2026-08-21T06:42:00Z,0.1299,0.1299,0.1293,0.1297,0.0002735745978445293,0.1276092921466447
2026-08-21T06:43:00Z,0.1298,0.1302,0.1295,0.1301,0.00027375008015791846,0.12764436437839757
2026-08-21T06:44:00Z,0.1301,0.1303,0.1295,0.1295,0.00027419682926138026,0.1276797681423518
2026-08-21T06:45:00Z,0.1296,0.1296,0.1288,0.1291,0.00027360047191819965,0.12771409685911256
2026-08-21T06:46:00Z,0.1292,0.1295,0.1289,0.1294,0.000272546421093348,0.12774291364901433
2026-08-21T06:47:00Z,0.1294,0.1297,0.1293,0.1296,0.0002723677221092705,0.1277750170803373
2026-08-21T06:48:00Z,0.1297,0.1301,0.1297,0.1299,0.0002722185702035714,0.12780753606157505
2026-08-21T06:49:00Z,0.1299,0.1301,0.1297,0.1298,0.00027234699020056117,0.12784431891656928
2026-08-21T06:50:00Z,0.1298,0.1299,0.1294,0.1296,0.0002721762285811591,0.12787647760589496
2026-08-21T06:51:00Z,0.1296,0.1297,0.1291,0.1295,0.0002722217007111366,0.12791200269930045
2026-08-21T06:52:00Z,0.1294,0.1295,0.1291,0.1294,0.00027222737182484337,0.1279469178366409
2026-08-21T06:53:00Z,0.1295,0.1305,0.1295,0.1304,0.0002723640201946589,0.12798393931208887
2026-08-21T06:54:00Z,0.1305,0.1317,0.1302,0.1313,0.00027342799333806054,0.1280285706247336
2026-08-21T06:55:00Z,0.1312,0.1314,0.1309,0.131,0.00027515967718993144,0.1280677956226375
2026-08-21T06:56:00Z,0.131,0.1311,0.1305,0.1307,0.000276855690927855,0.12810738492856996
2026-08-21T06:57:00Z,0.1306,0.1311,0.1303,0.1309,0.0002781818107963469,0.12814642573550183
2026-08-21T06:58:00Z,0.1309,0.131,0.1305,0.1309,0.000279620165179449,0.12818613493081418
2026-08-21T06:59:00Z,0.1309,0.1309,0.1301,0.1302,0.00028126378007910024,0.12822683065633136
2026-08-21T07:00:00Z,0.1302,0.1304,0.1298,0.1299,0.0002816296204503878,0.1282640274667555
2026-08-21T07:01:00Z,0.13,0.13,0.1295,0.1297,0.0002816248003468699,0.12830014004275236
2026-08-21T07:02:00Z,0.1297,0.1312,0.1297,0.1311,0.00028124506843419533,0.12833501057082877
2026-08-21T07:03:00Z,0.131,0.1312,0.1308,0.1309,0.0002817636383351794,0.12837290662191186
2026-08-21T07:04:00Z,0.1309,0.1313,0.1306,0.131,0.0002816413394187878,0.1284086428160213
2026-08-21T07:05:00Z,0.1311,0.1315,0.1309,0.1313,0.00028136891675347255,0.12844379834839703
2026-08-21T07:06:00Z,0.1314,0.132,0.1313,0.1316,0.00028135898256889967,0.12847990523532982
2026-08-21T07:07:00Z,0.1317,0.1323,0.1313,0.132,0.0002816950744621463,0.1285173982929953
2026-08-21T07:08:00Z,0.132,0.1321,0.1319,0.1321,0.0002821983632545849,0.1285556765141456
2026-08-21T07:09:00Z,0.1321,0.1322,0.1316,0.1321,0.0002828854427496637,0.12859487551366702
2026-08-21T07:10:00Z,0.1321,0.1326,0.1319,0.1325,0.0002835930216126514,0.12863435288484315
2026-08-21T07:11:00Z,0.1324,0.1324,0.1322,0.1324,0.00028412303249789007,0.1286732247780619
2026-08-21T07:12:00Z,0.1323,0.1325,0.1322,0.1324,0.0002850168161335532,0.12871393045895133
2026-08-21T07:13:00Z,0.1323,0.1323,0.1312,0.1314,0.00028558940330046235,0.1287533490262845
2026-08-21T07:14:00Z,0.1313,0.1321,0.1313,0.132,0.00028462270163161213,0.1287853938945589
2026-08-21T07:15:00Z,0.1319,0.133,0.1319,0.1326,0.000283545043056512,0.12881664025055714
2026-08-21T07:16:00Z,0.1326,0.133,0.1325,0.1327,0.00028303563280155926,0.12885054521082667
2026-08-21T07:17:00Z,0.1327,0.1336,0.1325,0.1326,0.00028261330391012604,0.1288847879460934
2026-08-21T07:18:00Z,0.1326,0.1328,0.1323,0.1327,0.0002822077003029751,0.12891902144980358
2026-08-21T07:19:00Z,0.1327,0.1331,0.1324,0.1326,0.0002821486458130655,0.12895508106288034
2026-08-21T07:20:00Z,0.1326,0.1329,0.1324,0.1326,0.00028228080914715725,0.12899222080944053
2026-08-21T07:21:00Z,0.1326,0.1326,0.1318,0.1322,0.0002824289144342936,0.1290294979225184
2026-08-21T07:22:00Z,0.1322,0.1329,0.1318,0.1318,0.00028210942390255065,0.12906404791808251
2026-08-21T07:23:00Z,0.1318,0.1322,0.1318,0.132,0.0002812376672645052,0.12909517377022783
2026-08-21T07:24:00Z,0.132,0.1325,0.132,0.1324,0.00028071403760598364,0.12912823972276108
2026-08-21T07:25:00Z,0.1324,0.1333,0.1324,0.1332,0.00028069529868964135,0.129164374320781
2026-08-21T07:26:00Z,0.1331,0.1334,0.1328,0.1332,0.0002808093522856819,0.12920137203426194
2026-08-21T07:27:00Z,0.1331,0.1332,0.1328,0.133,0.0002813612165529091,0.12924129553745695
2026-08-21T07:28:00Z,0.1329,0.133,0.1322,0.1323,0.0002815169809505312,0.12927871126254542
2026-08-21T07:29:00Z,0.1323,0.1326,0.1321,0.1325,0.00028097007503276257,0.1293113622630738
2026-08-21T07:30:00Z,0.1325,0.1328,0.1322,0.1327,0.0002804284134447874,0.12934391666147918
2026-08-21T07:31:00Z,0.1327,0.1328,0.1324,0.1324,0.00028099478654523423,0.12938422378024642
2026-08-21T07:32:00Z,0.1326,0.133,0.1325,0.1327,0.0002813499389555807,0.1294231591924647
2026-08-21T07:33:00Z,0.1327,0.1327,0.1323,0.1323,0.0002814582522918123,0.12946037678110475
2026-08-21T07:34:00Z,0.1323,0.1331,0.1322,0.133,0.0002821186826605506,0.12950178006649932
2026-08-21T07:35:00Z,0.1331,0.1334,0.1328,0.1333,0.00028318895914401093,0.12954650021767755
2026-08-21T07:36:00Z,0.1332,0.1335,0.1329,0.1329,0.0002845183530616919,0.12959352798991142
2026-08-21T07:37:00Z,0.1329,0.133,0.1322,0.1323,0.00028572796732164016,0.1296399702957634
2026-08-21T07:38:00Z,0.1323,0.1326,0.1323,0.1323,0.00028582407257034335,0.12967779003950416
2026-08-21T07:39:00Z,0.1323,0.1324,0.1317,0.1323,0.000286200819467183,0.12971793919693775
2026-08-21T07:40:00Z,0.1322,0.1325,0.1319,0.1325,0.00028702742029149364,0.12976193443362824
2026-08-21T07:41:00Z,0.1324,0.1325,0.132,0.132,0.0002878777339537663,0.12980635926221767
2026-08-21T07:42:00Z,0.132,0.1321,0.1316,0.1321,0.0002883682956871298,0.1298479370303113
2026-08-21T07:43:00Z,0.1321,0.1331,0.1319,0.133,0.0002889737633249511,0.12989065553851287
2026-08-21T07:44:00Z,0.133,0.1332,0.1328,0.133,0.00028998516976861023,0.12993713215578673
2026-08-21T07:45:00Z,0.133,0.1348,0.133,0.134,0.0002908574853740279,0.12998264085163083
2026-08-21T07:46:00Z,0.134,0.1341,0.1336,0.1337,0.00029303644601268137,0.1300402859482933
2026-08-21T07:47:00Z,0.1338,0.134,0.1335,0.1337,0.0002943397834944403,0.13009043569200443
2026-08-21T07:48:00Z,0.1337,0.1342,0.1336,0.1337,0.00029507811249627385,0.13013564990517365
2026-08-21T07:49:00Z,0.1337,0.1337,0.1332,0.1334,0.0002960043223844831,0.13018285755108286
2026-08-21T07:50:00Z,0.1334,0.1334,0.1327,0.1329,0.0002968029598627181,0.1302290941477918
2026-08-21T07:51:00Z,0.1328,0.1332,0.1326,0.1331,0.0002971528169153164,0.1302711704417673
2026-08-21T07:52:00Z,0.133,0.1335,0.133,0.1333,0.00029743464898814015,0.1303126778073629
2026-08-21T07:53:00Z,0.1333,0.1333,0.1328,0.1329,0.0002978135581960198,0.1303552462680847
2026-08-21T07:54:00Z,0.1329,0.1329,0.1313,0.1316,0.0002973150002529255,0.13038900300567674
2026-08-21T07:55:00Z,0.1315,0.132,0.1314,0.1319,0.00029607259412070655,0.13041497450670264
2026-08-21T07:56:00Z,0.1318,0.1318,0.1302,0.1305,0.00029552026641480646,0.13044782839977265
2026-08-21T07:57:00Z,0.1305,0.1312,0.1301,0.1311,0.0002933088646294148,0.13023819441528126
2026-08-21T07:58:00Z,0.1312,0.1314,0.131,0.1311,0.00029186670031555907,0.13013797739961064
2026-08-21T07:59:00Z,0.1312,0.1314,0.1308,0.131,0.00029079930635837867,0.13017568798739518
2026-08-21T08:00:00Z,0.1311,0.1324,0.1311,0.1324,0.00028961208953298933,0.13021308471748297
2026-08-21T08:01:00Z,0.1324,0.1324,0.1316,0.132,0.0002892364523401034,0.13025060575434683
2026-08-21T08:02:00Z,0.132,0.1321,0.1317,0.132,0.0002887467741292947,0.1302879654299509
2026-08-21T08:03:00Z,0.132,0.1325,0.1318,0.1323,0.0002882104905042357,0.13032517174335154
2026-08-21T08:04:00Z,0.1323,0.1323,0.1312,0.1314,0.0002885298852206844,0.1303630296988082
2026-08-21T08:05:00Z,0.1315,0.132,0.1314,0.1319,0.0002874313585781865,0.13039950277199502
2026-08-21T08:06:00Z,0.1319,0.1323,0.1318,0.1321,0.0002862652465917016,0.13043562013530036
2026-08-21T08:07:00Z,0.1321,0.1327,0.1321,0.1325,0.0002847862863206255,0.1304710350361856
2026-08-21T08:08:00Z,0.1324,0.1324,0.1318,0.1322,0.00028339801681731444,0.13050620371821334
2026-08-21T08:09:00Z,0.1323,0.1327,0.1321,0.1325,0.0002816318971957961,0.130540427529348
2026-08-21T08:10:00Z,0.1325,0.1327,0.1324,0.1326,0.00028046554158575246,0.13057521717731427
2026-08-21T08:11:00Z,0.1326,0.1333,0.1326,0.1331,0.00027923780306922787,0.13060959918098985
2026-08-21T08:12:00Z,0.133,0.1335,0.133,0.1335,0.0002785119810685742,0.1306446530318645
2026-08-21T08:13:00Z,0.1335,0.1335,0.1327,0.1329,0.000277786198613734,0.13067952667311558
2026-08-21T08:14:00Z,0.1329,0.1331,0.1329,0.133,0.00027627658919550477,0.13071247812004644
2026-08-21T08:15:00Z,0.133,0.1332,0.1329,0.133,0.00027520504790750185,0.13074607408566713
2026-08-21T08:16:00Z,0.1329,0.1332,0.1327,0.1327,0.0002741589000949096,0.1307794615127759
2026-08-21T08:17:00Z,0.1326,0.1336,0.1324,0.1334,0.0002724835882761236,0.130810937725814
2026-08-21T08:18:00Z,0.1333,0.1338,0.1332,0.1338,0.00027163206433276595,0.1308442466380263
2026-08-21T08:19:00Z,0.1337,0.134,0.1335,0.1336,0.00027203467989667405,0.13088095223683865
2026-08-21T08:20:00Z,0.1336,0.1351,0.1336,0.1349,0.0002719770747160671,0.13091638778426234
2026-08-21T08:21:00Z,0.135,0.1354,0.1348,0.1349,0.0002730351348697563,0.13095532424735654
2026-08-21T08:22:00Z,0.135,0.1353,0.135,0.1351,0.0002733615728044043,0.13099215354949886
2026-08-21T08:23:00Z,0.1351,0.1352,0.1344,0.1344,0.00027385729089186704,0.13102965545250217
2026-08-21T08:24:00Z,0.1345,0.1351,0.1343,0.135,0.00027391278518972874,0.13106574017457434
2026-08-21T08:25:00Z,0.135,0.1353,0.1348,0.1351,0.0002743674080974519,0.13110331453511168
2026-08-21T08:26:00Z,0.1351,0.1364,0.1351,0.136,0.0002751662288748834,0.13114232792881358
2026-08-21T08:27:00Z,0.1359,0.1361,0.1357,0.1358,0.00027633858700779675,0.1311830325576261
2026-08-21T08:28:00Z,0.1359,0.136,0.1346,0.1349,0.0002770346157151916,0.13122211983539994
2026-08-21T08:29:00Z,0.135,0.1352,0.1347,0.1349,0.000277302268987678,0.13125960216210783
2026-08-21T08:30:00Z,0.1348,0.1351,0.1346,0.1348,0.0002777554908760393,0.13129796951485198
2026-08-21T08:31:00Z,0.1348,0.135,0.134,0.1343,0.00027756779700709286,0.13133360519189116
2026-08-21T08:32:00Z,0.1343,0.1345,0.134,0.1343,0.0002770121162398047,0.13136750926226334
2026-08-21T08:33:00Z,0.1343,0.1352,0.1342,0.135,0.0002763104251712693,0.13140058535862253
2026-08-21T08:34:00Z,0.135,0.135,0.1344,0.1344,0.0002763359719629181,0.13143702196506987
2026-08-21T08:35:00Z,0.1343,0.1348,0.1343,0.1346,0.0002762509391208567,0.13147292293881205
2026-08-21T08:36:00Z,0.1346,0.1351,0.1342,0.1347,0.0002763452478839422,0.13150973117174897
2026-08-21T08:37:00Z,0.1347,0.1354,0.1345,0.1354,0.00027654101973761426,0.1315471084077701
2026-08-21T08:38:00Z,0.1354,0.1359,0.1351,0.1358,0.00027696627837150463,0.13158578586741684
2026-08-21T08:39:00Z,0.1358,0.1364,0.1356,0.1359,0.0002777155685354772,0.13162637798181034
2026-08-21T08:40:00Z,0.1358,0.1365,0.1358,0.1364,0.0002788893839776182,0.13166958348384494
2026-08-21T08:41:00Z,0.1363,0.1369,0.1361,0.1367,0.00028029695531584577,0.13171446709170948
2026-08-21T08:42:00Z,0.1367,0.1378,0.1365,0.1375,0.0002812819912948008,0.13175723165362982
2026-08-21T08:43:00Z,0.1375,0.1382,0.1374,0.1377,0.0002831305677771698,0.13180550534401347
2026-08-21T08:44:00Z,0.1377,0.1398,0.1377,0.1384,0.00028455263043408854,0.13185164106140287
2026-08-21T08:45:00Z,0.1385,0.1387,0.1376,0.1382,0.00028616713716399196,0.1318993864526253
2026-08-21T08:46:00Z,0.1382,0.1388,0.138,0.1386,0.0002877099001648334,0.13194711133962692
2026-08-21T08:47:00Z,0.1387,0.1393,0.1386,0.139,0.00028946602404787865,0.1319966689077834
2026-08-21T08:48:00Z,0.139,0.1397,0.1387,0.1394,0.0002910971396110989,0.13204586701792834
2026-08-21T08:49:00Z,0.1394,0.1398,0.1393,0.1395,0.0002926801492510561,0.132095183953131
2026-08-21T08:50:00Z,0.1395,0.1401,0.1394,0.1399,0.0002946583068278745,0.1321477051994996
2026-08-21T08:51:00Z,0.1399,0.1424,0.1398,0.1418,0.00029692123445751423,0.13220280329920236
2026-08-21T08:52:00Z,0.1417,0.1423,0.1416,0.1421,0.0003008199485015314,0.1322704225567775
2026-08-21T08:53:00Z,0.142,0.1427,0.1418,0.1422,0.0003049979006723871,0.13234117774815757
2026-08-21T08:54:00Z,0.1422,0.1429,0.142,0.1429,0.00030922493240013603,0.13241344764557755
2026-08-21T08:55:00Z,0.1429,0.1432,0.1426,0.1428,0.000314020594129859,0.13249124661725345
2026-08-21T08:56:00Z,0.1427,0.1448,0.1427,0.1446,0.0003187997265373975,0.1325702335319924
2026-08-21T08:57:00Z,0.1447,0.1447,0.143,0.1432,0.0003247703017142908,0.13266001850924278
2026-08-21T08:58:00Z,0.1432,0.1432,0.1414,0.1416,0.0003293636507615456,0.13274029740392287
2026-08-21T08:59:00Z,0.1417,0.1426,0.1413,0.1419,0.0003328451420837547,0.13281268928569406
2026-08-21T09:00:00Z,0.1419,0.143,0.1417,0.1419,0.00033636180153554066,0.13288634034906557
2026-08-21T09:01:00Z,0.1419,0.1419,0.1396,0.1398,0.00034010641806798855,0.13296290722447715
2026-08-21T09:02:00Z,0.1398,0.14,0.1381,0.1381,0.0003418714734600694,0.13302339716628053
2026-08-21T09:03:00Z,0.1381,0.1384,0.1356,0.1365,0.0003424424890695621,0.13307389691106183
2026-08-21T09:04:00Z,0.1366,0.1371,0.1358,0.136,0.0003423872509996621,0.13311898220332002
2026-08-21T09:05:00Z,0.136,0.137,0.1358,0.1361,0.00034147507188084827,0.13315630854963778
2026-08-21T09:06:00Z,0.1362,0.1363,0.1328,0.1337,0.0003406583167645087,0.1331942793518686
2026-08-21T09:07:00Z,0.1337,0.1345,0.1318,0.1344,0.0003381802563065124,0.1328449179327884
2026-08-21T09:08:00Z,0.1345,0.135,0.1333,0.1337,0.00033660955380842374,0.13184437260689472
2026-08-21T09:09:00Z,0.1337,0.1358,0.1337,0.1353,0.00033445004227870427,0.13188819052318063
2026-08-21T09:10:00Z,0.1354,0.1363,0.1352,0.1357,0.0003329877943531299,0.13193172915923587
2026-08-21T09:11:00Z,0.1357,0.1357,0.1346,0.1348,0.0003318572920954198,0.13197507133608444
2026-08-21T09:12:00Z,0.1348,0.1355,0.1347,0.135,0.00033047141382648885,0.13201796068656108
2026-08-21T09:13:00Z,0.135,0.1352,0.1335,0.1341,0.00032919031849641537,0.13206058096134143
2026-08-21T09:14:00Z,0.1341,0.1347,0.1337,0.1343,0.000326918438868952,0.13210196032731816
2026-08-21T09:15:00Z,0.1344,0.1345,0.1328,0.1328,0.0003250012245966714,0.13214312716491347
2026-08-21T09:16:00Z,0.1329,0.1343,0.1327,0.1336,0.00032244625899108584,0.1321830412796182
2026-08-21T09:17:00Z,0.1337,0.1339,0.1328,0.1336,0.0003205646707748021,0.13222318215993908
2026-08-21T09:18:00Z,0.1336,0.1336,0.1313,0.1326,0.00031937904044318976,0.13226385004765823
2026-08-21T09:19:00Z,0.1325,0.1325,0.1314,0.1317,0.0003177886311199393,0.1313417322779366
2026-08-21T09:20:00Z,0.1317,0.133,0.1317,0.1322,0.00031563317562642855,0.13138291143876685
2026-08-21T09:21:00Z,0.1322,0.1327,0.1316,0.132,0.0003137775698405596,0.13142365517596014
2026-08-21T09:22:00Z,0.1321,0.1323,0.1311,0.1321,0.0003117483365494903,0.13146383235405368
2026-08-21T09:23:00Z,0.1322,0.1333,0.1321,0.133,0.0003096209777443237,0.1311405975947915
2026-08-21T09:24:00Z,0.1331,0.1331,0.1324,0.1326,0.0003079381078145295,0.13118076624031932
2026-08-21T09:25:00Z,0.1327,0.1337,0.1325,0.1325,0.00030583662824369045,0.13122034074435737
2026-08-21T09:26:00Z,0.1325,0.1333,0.1325,0.1331,0.000303552611555488,0.13125927966945003
2026-08-21T09:27:00Z,0.1332,0.1353,0.1332,0.1352,0.00030155173662114825,0.13129781625546838
2026-08-21T09:28:00Z,0.1352,0.1369,0.1349,0.136,0.0003012274403211849,0.13133715975707821
2026-08-21T09:29:00Z,0.136,0.1363,0.1354,0.1358,0.00030187869128002216,0.1313773269886689
2026-08-21T09:30:00Z,0.1359,0.1366,0.1355,0.1361,0.00030209130459797195,0.13141721651927676
2026-08-21T09:31:00Z,0.1361,0.1366,0.1351,0.1357,0.00030240785150309214,0.13145729702584907
2026-08-21T09:32:00Z,0.1358,0.1368,0.1358,0.1368,0.0003026155425589398,0.13149732986404047
2026-08-21T09:33:00Z,0.1368,0.1377,0.1367,0.1375,0.00030345686619217004,0.13153834634536157
2026-08-21T09:34:00Z,0.1375,0.1384,0.137,0.1382,0.0003039639531619383,0.13157906927870724
2026-08-21T09:35:00Z,0.1381,0.1386,0.1377,0.1383,0.0003050179576474329,0.13162087411647488
2026-08-21T09:36:00Z,0.1382,0.1385,0.1375,0.1376,0.0003067325125460442,0.13166418736879412
2026-08-21T09:37:00Z,0.1377,0.1388,0.1377,0.1386,0.00030777913889077816,0.1317066469486992
2026-08-21T09:38:00Z,0.1386,0.1389,0.138,0.138,0.0003091136862519721,0.13175000294174224
2026-08-21T09:39:00Z,0.138,0.1389,0.138,0.1386,0.00030952370936066507,0.13179165360230205
2026-08-21T09:40:00Z,0.1386,0.1389,0.1382,0.1386,0.00030949673641370105,0.1318323885512241
2026-08-21T09:41:00Z,0.1386,0.1386,0.1367,0.137,0.0003094756025893043,0.13187314360717736
2026-08-21T09:42:00Z,0.137,0.1377,0.1369,0.137,0.00030800925957026826,0.13191009287789424
2026-08-21T09:43:00Z,0.137,0.1382,0.137,0.1381,0.00030664061223437973,0.13194693624593154
2026-08-21T09:44:00Z,0.138,0.1393,0.138,0.1384,0.00030578836392315326,0.131984928069558
2026-08-21T09:45:00Z,0.1384,0.1395,0.1383,0.139,0.00030500383628839285,0.13202291143532077
2026-08-21T09:46:00Z,0.1389,0.139,0.138,0.1385,0.00030508526928605377,0.13206344317475827
2026-08-21T09:47:00Z,0.1384,0.1396,0.1383,0.1393,0.00030496228824967287,0.1321033337767963
2026-08-21T09:48:00Z,0.1394,0.1394,0.138,0.139,0.0003053649351585564,0.1321450098503437
2026-08-21T09:49:00Z,0.139,0.1407,0.1389,0.14,0.0003055491090901788,0.13218602578375505
2026-08-21T09:50:00Z,0.14,0.1406,0.1396,0.1398,0.0003068933268996327,0.13223139812200568
2026-08-21T09:51:00Z,0.1397,0.1404,0.1396,0.1402,0.0003080943737346727,0.13227659244420534
2026-08-21T09:52:00Z,0.1402,0.1404,0.1396,0.1398,0.00030976159171629004,0.1323239706183326
2026-08-21T09:53:00Z,0.1398,0.1401,0.1394,0.1394,0.00031081315269134243,0.132369280806279
2026-08-21T09:54:00Z,0.1393,0.14,0.139,0.1395,0.0003124667721028986,0.13241743610616544
2026-08-21T09:55:00Z,0.1395,0.1398,0.1391,0.1398,0.0003143728741276678,0.1324671507227751
2026-08-21T09:56:00Z,0.1398,0.1399,0.1391,0.1394,0.0003169216703508297,0.132520284935519
2026-08-21T09:57:00Z,0.1395,0.1396,0.137,0.1377,0.0003190325625153388,0.13257208436768975
2026-08-21T09:58:00Z,0.1377,0.1382,0.1371,0.1371,0.00032005257958900334,0.13261925569808505
2026-08-21T09:59:00Z,0.1371,0.1379,0.137,0.1378,0.0003204935285504839,0.13266387203425445
2026-08-21T10:00:00Z,0.1378,0.1382,0.1363,0.1367,0.00032150006953625686,0.13271147268611416
2026-08-21T10:01:00Z,0.1366,0.137,0.1363,0.1364,0.0003205821983711636,0.13274939418136913
2026-08-21T10:02:00Z,0.1364,0.1367,0.1355,0.1365,0.00031898283217471395,0.13278346304921956
2026-08-21T10:03:00Z,0.1364,0.1372,0.136,0.1367,0.000317409722458017,0.13281725879321368
2026-08-21T10:04:00Z,0.1367,0.1372,0.1366,0.1371,0.00031610039015532275,0.1328521169750216
2026-08-21T10:05:00Z,0.137,0.1379,0.137,0.1378,0.00031463760217340184,0.13288575945735376
2026-08-21T10:06:00Z,0.1378,0.1385,0.1371,0.1384,0.0003136468749678066,0.13292178244015374
2026-08-21T10:07:00Z,0.1385,0.1386,0.138,0.1383,0.00031345240907674213,0.13296231592688554
2026-08-21T10:08:00Z,0.1383,0.1387,0.1377,0.1379,0.00031312190716239764,0.13300197776159522
2026-08-21T10:09:00Z,0.138,0.1385,0.1375,0.1376,0.00031226821408999143,0.1330382920364205
2026-08-21T10:10:00Z,0.1376,0.1384,0.1373,0.1377,0.0003110480959101908,0.13307204847108714
2026-08-21T10:11:00Z,0.1377,0.1382,0.1375,0.1375,0.00030984529363626347,0.1331056015989956
2026-08-21T10:12:00Z,0.1375,0.1378,0.1365,0.1365,0.0003087576395415709,0.13313960944425857
2026-08-21T10:13:00Z,0.1364,0.137,0.1362,0.1364,0.00030685807615519724,0.1331678220410395
2026-08-21T10:14:00Z,0.1364,0.1367,0.1357,0.1361,0.000304996028486947,0.13319579442886564
2026-08-21T10:15:00Z,0.1362,0.1367,0.1358,0.1363,0.0003030208437929686,0.1332224777159633
2026-08-21T10:16:00Z,0.1363,0.1375,0.1363,0.1373,0.0003013162584751927,0.13325058705833454
2026-08-21T10:17:00Z,0.1372,0.1372,0.1368,0.1371,0.0003008096648652368,0.13328702989487615
2026-08-21T10:18:00Z,0.1371,0.1374,0.1364,0.137,0.0003000261206917561,0.1333212798899895
2026-08-21T10:19:00Z,0.137,0.1382,0.1369,0.1377,0.0002990416886573042,0.13335380271550581
2026-08-21T10:20:00Z,0.1377,0.1379,0.1374,0.1375,0.000298621448094362,0.13339043573330933
2026-08-21T10:21:00Z,0.1375,0.1381,0.1375,0.138,0.0002975186604883531,0.13342159363898354
2026-08-21T10:22:00Z,0.138,0.1382,0.1375,0.1379,0.0002965794918043528,0.1334537746102153
2026-08-21T10:23:00Z,0.1379,0.1381,0.137,0.1373,0.0002955900750625614,0.13348530346134432
2026-08-21T10:24:00Z,0.1373,0.1373,0.1361,0.1364,0.00029433581294717996,0.1335143831745918
2026-08-21T10:25:00Z,0.1365,0.1374,0.1364,0.137,0.0002923505717275115,0.13353698448167728
2026-08-21T10:26:00Z,0.137,0.1372,0.1361,0.1365,0.00029069696752298275,0.13356189411001984
2026-08-21T10:27:00Z,0.1365,0.1368,0.1361,0.1365,0.0002893398846138538,0.13358894133922475
2026-08-21T10:28:00Z,0.1365,0.1366,0.1355,0.1357,0.00028738228110171713,0.13361033572515008
2026-08-21T10:29:00Z,0.1358,0.136,0.1353,0.1358,0.0002849328272543242,0.13362680673586033
2026-08-21T10:30:00Z,0.1358,0.1359,0.1352,0.1354,0.0002823622789752796,0.13364152460741593
2026-08-21T10:31:00Z,0.1355,0.1364,0.1355,0.1361,0.0002792859960303989,0.13365089304036518
2026-08-21T10:32:00Z,0.136,0.1366,0.1338,0.1355,0.0002764650607412514,0.1336618288740878
2026-08-21T10:33:00Z,0.1354,0.1364,0.1354,0.1363,0.00027338420622769085,0.133669544644355
2026-08-21T10:34:00Z,0.1363,0.1364,0.1357,0.1358,0.0002707146054518006,0.133680395436057
2026-08-21T10:35:00Z,0.1358,0.1366,0.1358,0.1364,0.0002672957455644469,0.13368322117988624
2026-08-21T10:36:00Z,0.1365,0.1374,0.1364,0.1372,0.0002638843726845548,0.13368520694558236
2026-08-21T10:37:00Z,0.1372,0.1374,0.1368,0.1371,0.00026078421603707773,0.13368940106712077
2026-08-21T10:38:00Z,0.1372,0.1378,0.1369,0.1375,0.00025755020348400916,0.13369140632451312
2026-08-21T10:39:00Z,0.1376,0.1377,0.137,0.1375,0.0002543976299548393,0.13369338524493554
2026-08-21T10:40:00Z,0.1376,0.138,0.1375,0.1376,0.0002519969844194472,0.13370236269326954
2026-08-21T10:41:00Z,0.1376,0.1395,0.1373,0.1389,0.0002494548599875466,0.13370920430513464
2026-08-21T10:42:00Z,0.139,0.1395,0.1389,0.1393,0.0002485593001659572,0.13373298126251007
2026-08-21T10:43:00Z,0.1393,0.1398,0.1388,0.1392,0.0002478226038245318,0.1337582440561321
2026-08-21T10:44:00Z,0.1393,0.1394,0.1385,0.1389,0.0002472715290054864,0.13378535083313658
2026-08-21T10:45:00Z,0.139,0.1391,0.1384,0.1388,0.0002459544329293233,0.13380380813715018
2026-08-21T10:46:00Z,0.1389,0.1398,0.1389,0.1396,0.00024417820192340823,0.13381675441946858
2026-08-21T10:47:00Z,0.1396,0.1396,0.1389,0.1391,0.00024317804983999396,0.13383805509508206
2026-08-21T10:48:00Z,0.1392,0.1396,0.1383,0.1384,0.0002419013744598707,0.13385590813645443
2026-08-21T10:49:00Z,0.1385,0.1386,0.1381,0.1381,0.00024028180108172888,0.1338694280638636
2026-08-21T10:50:00Z,0.1382,0.1394,0.1382,0.1392,0.00023830154830914988,0.13387826635595979
2026-08-21T10:51:00Z,0.1393,0.1393,0.1389,0.1392,0.00023692918711968868,0.1338938187464131
2026-08-21T10:52:00Z,0.1391,0.1396,0.1391,0.1392,0.00023541405153415393,0.13390728472110197
2026-08-21T10:53:00Z,0.1393,0.1394,0.1387,0.1389,0.00023375540911252518,0.1339185973637805
2026-08-21T10:54:00Z,0.139,0.1397,0.1387,0.1397,0.00023261484585133783,0.1339358503494098
2026-08-21T10:55:00Z,0.1396,0.14,0.1394,0.1397,0.00023273468446834028,0.13396850250997155
2026-08-21T10:56:00Z,0.1398,0.1398,0.1387,0.139,0.00023256141800807357,0.13399750281420997
2026-08-21T10:57:00Z,0.139,0.139,0.1383,0.1387,0.00023157141956272974,0.13401606430358548
2026-08-21T10:58:00Z,0.1387,0.1387,0.1379,0.1383,0.00023046378808004613,0.13403284936533624
2026-08-21T10:59:00Z,0.1383,0.1384,0.1378,0.1382,0.00022900631871120432,0.13404479078452658
2026-08-21T11:00:00Z,0.1383,0.1393,0.1383,0.1389,0.00022686520610977102,0.1340473614241663
2026-08-21T11:01:00Z,0.1389,0.1396,0.1387,0.1396,0.00022495513408686405,0.13405242423068467
2026-08-21T11:02:00Z,0.1395,0.14,0.1391,0.1397,0.00022334720252916023,0.13406102557535807
2026-08-21T11:03:00Z,0.1397,0.14,0.1391,0.1395,0.00022287274382564828,0.13408454554488664
2026-08-21T11:04:00Z,0.1394,0.1407,0.1394,0.1405,0.00022203481540516583,0.1341029705696154
2026-08-21T11:05:00Z,0.1405,0.1406,0.14,0.1402,0.00022196249401673038,0.13413175023883206
2026-08-21T11:06:00Z,0.1401,0.1402,0.1397,0.1401,0.00022184693888523441,0.13415991345324627
2026-08-21T11:07:00Z,0.1401,0.1401,0.1397,0.1401,0.000221839162226566,0.134189570148597
2026-08-21T11:08:00Z,0.1401,0.1401,0.1398,0.14,0.00022209451206385664,0.1342229749277747
2026-08-21T11:09:00Z,0.1399,0.1415,0.1398,0.1415,0.00022230330910862268,0.13425578783763456
2026-08-21T11:10:00Z,0.1414,0.1419,0.1406,0.1415,0.00022356721429637872,0.1343039681380563
2026-08-21T11:11:00Z,0.1415,0.1418,0.1412,0.1413,0.00022508770664636667,0.13435626296965122
2026-08-21T11:12:00Z,0.1412,0.1416,0.1405,0.1407,0.00022632545200694718,0.13440480655269046
2026-08-21T11:13:00Z,0.1407,0.141,0.1404,0.141,0.00022706529892153033,0.13444626990254896
2026-08-21T11:14:00Z,0.141,0.1417,0.1409,0.1415,0.00022718026398414295,0.13447853299735407
2026-08-21T11:15:00Z,0.1415,0.1416,0.141,0.1411,0.00022807776988906307,0.1345227296934173
2026-08-21T11:16:00Z,0.1412,0.1424,0.1412,0.1419,0.00022909567792344672,0.13456902952496005
2026-08-21T11:17:00Z,0.1419,0.1423,0.1418,0.1418,0.00023072499323509036,0.13462508474850204
2026-08-21T11:18:00Z,0.1419,0.1419,0.1411,0.1413,0.0002321441346477986,0.134678318678294
2026-08-21T11:19:00Z,0.1414,0.1415,0.1406,0.1411,0.00023321747774726433,0.1347265051354305
2026-08-21T11:20:00Z,0.141,0.1419,0.1408,0.1409,0.00023401052223485843,0.1347705405113035
2026-08-21T11:21:00Z,0.1409,0.1416,0.1408,0.1413,0.00023460249087422843,0.13481157829471405
2026-08-21T11:22:00Z,0.1413,0.1414,0.1411,0.1412,0.00023511980986907019,0.13485158023121113
2026-08-21T11:23:00Z,0.1413,0.1421,0.1411,0.1417,0.0002351889240944827,0.1348844182463607
2026-08-21T11:24:00Z,0.1416,0.1417,0.1401,0.1404,0.0002357235270393906,0.13492494502667565
2026-08-21T11:25:00Z,0.1404,0.1411,0.1404,0.1409,0.00023555698835103566,0.13495398929875008
2026-08-21T11:26:00Z,0.1409,0.1421,0.1409,0.1417,0.00023633842773131025,0.134998862949726
2026-08-21T11:27:00Z,0.1417,0.142,0.1414,0.1415,0.0002376583988659121,0.1350530535675918
2026-08-21T11:28:00Z,0.1416,0.1428,0.141,0.1423,0.0002386209743612901,0.13510153860497673
2026-08-21T11:29:00Z,0.1422,0.1427,0.1421,0.1425,0.0002395626117310022,0.13514994184997275
2026-08-21T11:30:00Z,0.1425,0.143,0.1422,0.1425,0.00024074470108428786,0.13520277823976787
2026-08-21T11:31:00Z,0.1424,0.1438,0.1423,0.1427,0.00024202140171825025,0.13525760584405408
2026-08-21T11:32:00Z,0.1426,0.1427,0.1413,0.1414,0.00024314499488765312,0.1353101079543522
2026-08-21T11:33:00Z,0.1415,0.1418,0.1407,0.141,0.0002434909477084868,0.13534914578978224
2026-08-21T11:34:00Z,0.141,0.1413,0.1395,0.1396,0.0002431721296028542,0.1353764087948592
2026-08-21T11:35:00Z,0.1396,0.141,0.1396,0.14,0.0002423148845326952,0.13539389494274776
2026-08-21T11:36:00Z,0.1401,0.1406,0.1393,0.1401,0.00024194808514781384,0.13542005066360557
2026-08-21T11:37:00Z,0.1402,0.1405,0.1398,0.1401,0.00024129842709407997,0.13544094003846147
2026-08-21T11:38:00Z,0.14,0.1404,0.1396,0.1402,0.00024012965474432904,0.1354520934343651
2026-08-21T11:39:00Z,0.1402,0.1415,0.1402,0.1414,0.00023898517223300373,0.1354633818795218
2026-08-21T11:40:00Z,0.1414,0.1414,0.1399,0.1406,0.00023867444913635137,0.1354899495831142
2026-08-21T11:41:00Z,0.1407,0.141,0.1404,0.141,0.00023787542547734975,0.1355072405805614
2026-08-21T11:42:00Z,0.141,0.141,0.14,0.1401,0.0002369241209007478,0.13552142795357683
2026-08-21T11:43:00Z,0.1402,0.1403,0.1397,0.1398,0.00023533051752035018,0.13552308485468245
2026-08-21T11:44:00Z,0.1398,0.1402,0.1397,0.1399,0.0002341737487258993,0.13553271673431969
2026-08-21T11:45:00Z,0.1399,0.1403,0.1396,0.1398,0.00023304787022215568,0.13554263444928055
2026-08-21T11:46:00Z,0.1398,0.14,0.1378,0.1388,0.00023258745335078432,0.13556523777537935
2026-08-21T11:47:00Z,0.1387,0.1389,0.1383,0.1384,0.0002311111195317936,0.13556774833798788
2026-08-21T11:48:00Z,0.1384,0.1386,0.1381,0.1381,0.00022930291089882075,0.13556328994854838
2026-08-21T11:49:00Z,0.1382,0.1388,0.1382,0.1385,0.00022723960886154014,0.13555325829891998
2026-08-21T11:50:00Z,0.1386,0.1391,0.1385,0.139,0.00022521325266191538,0.13554340920671368
2026-08-21T11:51:00Z,0.139,0.1398,0.139,0.1397,0.00022313534625234115,0.13553197053017108
2026-08-21T11:52:00Z,0.1397,0.1401,0.1393,0.1394,0.00022169687315198584,0.13553296864294195
2026-08-21T11:53:00Z,0.1395,0.1404,0.1395,0.1401,0.0002201504443194539,0.1355313674820964
2026-08-21T11:54:00Z,0.1401,0.1405,0.1401,0.1404,0.00021877041668030397,0.1355327751511462
2026-08-21T11:55:00Z,0.1403,0.1403,0.1394,0.1399,0.00021653824489830956,0.13551613927116057
2026-08-21T11:56:00Z,0.1399,0.1401,0.1397,0.14,0.00021411798440131656,0.13549497575961342
2026-08-21T11:57:00Z,0.14,0.1407,0.14,0.1406,0.00021060453517568006,0.1354502065872488
2026-08-21T11:58:00Z,0.1405,0.1415,0.139,0.1408,0.00020795354241687775,0.13542271971174896
2026-08-21T11:59:00Z,0.1408,0.1408,0.1402,0.1405,0.0002053892754700907,0.13539636409037306
2026-08-21T12:00:00Z,0.1406,0.141,0.14,0.1402,0.00020246196592577605,0.13536155469000016
2026-08-21T12:01:00Z,0.1402,0.1403,0.1395,0.1401,0.0002003641069683227,0.1353438102770737
2026-08-21T12:02:00Z,0.1402,0.141,0.14,0.1408,0.00019782604289289636,0.1353159693806206
2026-08-21T12:03:00Z,0.1408,0.1421,0.1408,0.1414,0.00019575329272898296,0.13529758298481342
2026-08-21T12:04:00Z,0.1414,0.1418,0.1403,0.1408,0.0001943030927751553,0.1352922822511478
2026-08-21T12:05:00Z,0.1408,0.141,0.1401,0.1405,0.0001916400241195461,0.1352598461491884
2026-08-21T12:06:00Z,0.1405,0.1408,0.1401,0.1403,0.00018909299130080107,0.13522927095779427
2026-08-21T12:07:00Z,0.1402,0.1402,0.139,0.1395,0.00018650184696488274,0.1351970299468548
2026-08-21T12:08:00Z,0.1396,0.1398,0.139,0.1391,0.0001835814893617253,0.13515670972631183
2026-08-21T12:09:00Z,0.1391,0.1391,0.1387,0.1388,0.00018008146370482344,0.13510253318147092
2026-08-21T12:10:00Z,0.1389,0.1389,0.1385,0.1386,0.0001765504095328015,0.13504672903847217
2026-08-21T12:11:00Z,0.1386,0.1391,0.1385,0.1387,0.00017290836672834723,0.13498746263382735
2026-08-21T12:12:00Z,0.1386,0.1393,0.1386,0.1392,0.00016969641192910999,0.13493710497409342
2026-08-21T12:13:00Z,0.1392,0.1401,0.1389,0.14,0.0001671358480622389,0.1349009250899837
2026-08-21T12:14:00Z,0.14,0.1402,0.1395,0.1399,0.00016466227498259333,0.13486608215595167
2026-08-21T12:15:00Z,0.1399,0.1399,0.1394,0.1398,0.00016214807835270215,0.13482963362406541
2026-08-21T12:16:00Z,0.1399,0.1406,0.1399,0.1404,0.00015951580028728245,0.13478974770967703
2026-08-21T12:17:00Z,0.1404,0.1411,0.1403,0.141,0.00015704828451206407,0.13475304953078543
2026-08-21T12:18:00Z,0.141,0.1413,0.1404,0.1404,0.00015552450452914593,0.13473807431429852
2026-08-21T12:19:00Z,0.1403,0.1408,0.1402,0.1402,0.00015382344308364427,0.1347184628133483
2026-08-21T12:20:00Z,0.1402,0.1407,0.1402,0.1407,0.00015177623590764762,0.13469009686241457
2026-08-21T12:21:00Z,0.1408,0.1408,0.1389,0.1391,0.00015106938276427325,0.13469349776608147
2026-08-21T12:22:00Z,0.1392,0.14,0.1392,0.1398,0.0001491395903413869,0.1346670609359697
2026-08-21T12:23:00Z,0.1399,0.1399,0.1395,0.1397,0.00014785886913018946,0.13465592834243592
2026-08-21T12:24:00Z,0.1398,0.1408,0.1398,0.1406,0.0001459308425307507,0.1346285903126858
2026-08-21T12:25:00Z,0.1405,0.1406,0.1402,0.1404,0.00014510133074579584,0.13462780007020528
2026-08-21T12:26:00Z,0.1404,0.1409,0.1404,0.1405,0.00014416632687362104,0.1346241733293584
2026-08-21T12:27:00Z,0.1405,0.1407,0.1398,0.1399,0.0001439663011515989,0.1346386006399162
2026-08-21T12:28:00Z,0.14,0.1402,0.1399,0.1401,0.00014314013438506437,0.13463729455523207
2026-08-21T12:29:00Z,0.1402,0.1407,0.1402,0.1406,0.00014174078986626206,0.13462133596098053
2026-08-21T12:30:00Z,0.1407,0.1407,0.1399,0.1404,0.0001406781692236355,0.1346135238569706
2026-08-21T12:31:00Z,0.1405,0.1405,0.1394,0.1395,0.00013935438904953974,0.13459878229134012
2026-08-21T12:32:00Z,0.1395,0.1397,0.139,0.139,0.0001369394578754598,0.13455578719975306
2026-08-21T12:33:00Z,0.1391,0.1393,0.139,0.1391,0.00013411907405521078,0.13450173975157684
2026-08-21T12:34:00Z,0.1391,0.1395,0.1391,0.1393,0.0001318872271973163,0.13446214886957905
2026-08-21T12:35:00Z,0.1394,0.1406,0.1394,0.1404,0.00012931251665625104,0.13441307485226314
2026-08-21T12:36:00Z,0.1404,0.1409,0.1403,0.1407,0.00012767819850719359,0.13438784181083505
2026-08-21T12:37:00Z,0.1407,0.1409,0.1401,0.1405,0.00012630636119164476,0.1343690516621737
2026-08-21T12:38:00Z,0.1405,0.1407,0.1401,0.1404,0.00012529131757159205,0.13435929115473255
2026-08-21T12:39:00Z,0.1403,0.1409,0.1401,0.1407,0.0001244788813694861,0.1343546210931242
2026-08-21T12:40:00Z,0.1407,0.1407,0.1398,0.14,0.00012393594460976642,0.13435690210502685
2026-08-21T12:41:00Z,0.1399,0.1403,0.1397,0.1398,0.0001232296415319292,0.134354669331153
2026-08-21T12:42:00Z,0.1398,0.14,0.1395,0.1397,0.00012258223815693456,0.1343538294782435
2026-08-21T12:43:00Z,0.1396,0.1411,0.1395,0.141,0.00012245151429302208,0.13436676928085514
2026-08-21T12:44:00Z,0.141,0.1413,0.1408,0.141,0.00012341990292436957,0.1344095135814827
2026-08-21T12:45:00Z,0.141,0.1413,0.1408,0.141,0.00012489813489323758,0.1344664481989826
2026-08-21T12:46:00Z,0.141,0.141,0.1398,0.14,0.00012620894144228198,0.1345192100943968
2026-08-21T12:47:00Z,0.1401,0.1401,0.1388,0.1389,0.00012706632932170134,0.13455983745914882
2026-08-21T12:48:00Z,0.1388,0.1393,0.1383,0.1392,0.0001273981659735579,0.13458613634191358
2026-08-21T12:49:00Z,0.1392,0.1396,0.1389,0.139,0.00012825501635584468,0.1346271598975795
2026-08-21T12:50:00Z,0.1391,0.1391,0.138,0.1381,0.00012903897292844613,0.13466638492351982
2026-08-21T12:51:00Z,0.1381,0.1381,0.1373,0.1374,0.0001294517070562474,0.13469538177222443
2026-08-21T12:52:00Z,0.1375,0.1383,0.1375,0.1382,0.000130759597127508,0.13474982433695898
2026-08-21T12:53:00Z,0.1381,0.1387,0.1378,0.1386,0.0001329181525619424,0.13482883983521055
2026-08-21T12:54:00Z,0.1386,0.1386,0.1383,0.1385,0.0001354742623808274,0.1349198548532689
2026-08-21T12:55:00Z,0.1384,0.1393,0.1384,0.1388,0.0001384914178494256,0.1350248806774647
2026-08-21T12:56:00Z,0.1387,0.1388,0.1385,0.1387,0.00014168694913214882,0.13513596204468145
2026-08-21T12:57:00Z,0.1387,0.1389,0.1386,0.1387,0.00014614265783131287,0.13528464797774126
2026-08-21T12:58:00Z,0.1386,0.1391,0.1384,0.139,0.00014961684500322214,0.1354059941298441
2026-08-21T12:59:00Z,0.139,0.1396,0.1386,0.1394,0.00015216755650092058,0.1355012344391591
2026-08-21T13:00:00Z,0.1394,0.1395,0.1384,0.1388,0.00015525382403192099,0.13561306554056946
2026-08-21T13:01:00Z,0.1389,0.1397,0.1388,0.1395,0.0001579080682469918,0.1357129858730318
2026-08-21T13:02:00Z,0.1394,0.1401,0.1394,0.1399,0.00015954373075145235,0.1357832699831496
2026-08-21T13:03:00Z,0.14,0.1401,0.1395,0.14,0.00016019849126690754,0.13582458775844708
2026-08-21T13:04:00Z,0.14,0.1405,0.1398,0.1405,0.00015969715324166652,0.13583122994009325
2026-08-21T13:05:00Z,0.1405,0.1407,0.1405,0.1406,0.0001591597948580518,0.13583664512759006
2026-08-21T13:06:00Z,0.1405,0.1412,0.1405,0.141,0.00015874486994248927,0.1358456400680605
2026-08-21T13:07:00Z,0.1411,0.1414,0.141,0.1412,0.0001567353800312231,0.13580579011288613
2026-08-21T13:08:00Z,0.1412,0.1417,0.1408,0.1408,0.00015537300750725197,0.1357852631510727
2026-08-21T13:09:00Z,0.1407,0.1411,0.1404,0.1404,0.00015312727896473025,0.13573714837946968
2026-08-21T13:10:00Z,0.1403,0.1405,0.1402,0.1403,0.00015178587203751605,0.13571642106711138
2026-08-21T13:11:00Z,0.1403,0.1403,0.14,0.1402,0.00015064722433644906,0.13570163360739773
2026-08-21T13:12:00Z,0.1402,0.1412,0.1402,0.1409,0.00014870961067881333,0.13566160699824462
2026-08-21T13:13:00Z,0.1409,0.1413,0.1407,0.1412,0.0001474096263232488,0.13564104405126132
2026-08-21T13:14:00Z,0.1412,0.1419,0.1412,0.1416,0.00014559345815621003,0.13560389144437648
2026-08-21T13:15:00Z,0.1416,0.1418,0.1412,0.1415,0.00014418184521302726,0.1355790358535735
2026-08-21T13:16:00Z,0.1415,0.1416,0.1408,0.1409,0.00014147611912685432,0.1355127595958436
2026-08-21T13:17:00Z,0.141,0.1412,0.1407,0.1412,0.00013890275583070954,0.13544999591737
2026-08-21T13:18:00Z,0.1412,0.1417,0.1412,0.1414,0.0001365038444587794,0.1353921385770688
2026-08-21T13:19:00Z,0.1413,0.1426,0.1413,0.1423,0.0001334178361203112,0.13531162043552883
2026-08-21T13:20:00Z,0.1423,0.1423,0.1418,0.142,0.00013022182641867847,0.13522677520485882
2026-08-21T13:21:00Z,0.1419,0.1425,0.1419,0.1422,0.00012713606474878015,0.13514468026581905
2026-08-21T13:22:00Z,0.1422,0.1423,0.142,0.1423,0.000123975859711731,0.13505938857852068
2026-08-21T13:23:00Z,0.1424,0.1425,0.142,0.142,0.00012090318028801637,0.13598926853576432
2026-08-21T13:24:00Z,0.142,0.1425,0.142,0.1423,0.00011825725149575216,0.13621157614987242
2026-08-21T13:25:00Z,0.1423,0.1435,0.1422,0.143,0.0001154583412841608,0.13620719090665484
