time_utc,mode,event,signal_side,position_side,position_size,position_entry_px,target_bid,target_ask,target_mid,target_bid_sz,target_ask_sz,target_book_time_ms,target_recv_time_ms,target_oracle,target_mark,reference_bid,reference_ask,reference_mid,reference_bid_sz,reference_ask_sz,reference_book_time_ms,reference_recv_time_ms,reference_oracle,reference_mark,gross_edge_bps,oracle_gap_bps,target_spread_bps,target_book_age_ms,reference_book_age_ms
2026-08-24T10:05:47.904Z,dry_run,snapshot,,,,,88.702,88.724,88.7130000000,0.98,0.67,1787565947521,1787565947904,,,,,,,,,,,,,,,,
2026-08-24T10:05:49.105Z,dry_run,snapshot,,,,,88.702,88.724,88.7130000000,0.98,0.67,1787565947521,1787565947904,89.3519,88.8166,88.606,88.685,88.6455000000,15.77,4.04,1787565947521,1787565947937,89.235,88.781,,,,,
2026-08-24T10:05:50.117Z,dry_run,snapshot,,,,,88.702,88.724,88.7130000000,0.98,0.67,1787565947521,1787565947904,89.3519,88.8166,88.606,88.685,88.6455000000,15.77,4.04,1787565947521,1787565947937,89.235,88.781,,,,,
2026-08-24T10:05:51.138Z,dry_run,snapshot,,,,,88.702,88.724,88.7130000000,0.98,0.67,1787565947521,1787565947904,89.3519,88.8166,88.606,88.685,88.6455000000,15.77,4.04,1787565947521,1787565947937,89.235,88.781,,,,,
2026-08-24T10:05:52.197Z,dry_run,snapshot,,,,,88.716,88.731,88.7235000000,0.97,1.51,1787565951260,1787565951654,89.3506,88.813,88.643,88.646,88.6445000000,2.63,0.13,1787565951260,1787565951655,89.235,88.778,,,,,
2026-08-24T10:05:53.214Z,dry_run,snapshot,,,,,88.716,88.731,88.7235000000,0.97,1.51,1787565951260,1787565951654,89.3506,88.813,88.643,88.646,88.6445000000,2.63,0.13,1787565951260,1787565951655,89.235,88.778,,,,,
2026-08-24T10:05:54.220Z,dry_run,snapshot,,,,,88.716,88.731,88.7235000000,0.97,1.51,1787565951260,1787565951654,89.3506,88.813,88.643,88.646,88.6445000000,2.63,0.13,1787565951260,1787565951655,89.235,88.778,,,,,
2026-08-24T10:14:35.851Z,live,snapshot,,,,,88.985,89.064,89.0245000000,20.83,0.83,1787566473722,1787566474577,,,,,,,,,,,,,,,,
2026-08-24T10:14:37.008Z,live,snapshot,,,,,88.985,89.064,89.0245000000,20.83,0.83,1787566473722,1787566474577,89.3261,89.0923,89.004,89.094,89.0490000000,12.41,0.44,1787566474244,1787566476501,89.188,89.038,,,,,
2026-08-24T10:14:38.119Z,live,snapshot,,,,,88.985,89.057,89.0210000000,20.83,487.54,1787566475334,1787566477556,89.3261,89.0923,89.004,89.094,89.0490000000,12.41,0.44,1787566475334,1787566477811,89.188,89.038,,,,,
2026-08-24T10:14:39.337Z,live,snapshot,,,,,88.985,89.057,89.0210000000,20.83,487.54,1787566475334,1787566477556,89.3261,89.0923,89.004,89.094,89.0490000000,12.41,0.44,1787566475334,1787566477811,89.188,89.038,,,,,
2026-08-24T10:14:40.402Z,live,snapshot,,,,,88.985,89.057,89.0210000000,20.83,487.54,1787566475334,1787566477556,89.3254,89.0902,89.004,89.094,89.0490000000,12.41,0.44,1787566475334,1787566477811,89.188,89.038,,,,,
2026-08-24T10:14:42.208Z,live,snapshot,,,,,88.985,89.057,89.0210000000,20.83,487.54,1787566475334,1787566477556,89.3254,89.0902,89.004,89.094,89.0490000000,12.41,0.44,1787566475334,1787566477811,89.187,89.039,,,,,
2026-08-24T10:14:43.539Z,live,snapshot,,,,,88.985,89.056,89.0205000000,20.28,0.82,1787566480715,1787566482758,89.3254,89.0889,89.02,89.094,89.0570000000,7.52,11.23,1787566480715,1787566483254,89.187,89.039,,,,,
2026-08-24T10:14:44.584Z,live,snapshot,,,,,88.985,89.056,89.0205000000,20.28,0.82,1787566480715,1787566482758,89.3254,89.0889,89.02,89.094,89.0570000000,7.52,11.23,1787566480715,1787566483254,89.187,89.039,,,,,
2026-08-24T10:14:45.836Z,live,snapshot,,,,,88.985,89.056,89.0205000000,20.28,0.82,1787566480715,1787566482758,89.3247,89.0868,89.02,89.094,89.0570000000,7.52,11.23,1787566480715,1787566483254,89.187,89.039,,,,,
2026-08-24T10:14:46.991Z,live,snapshot,,,,,88.967,89.074,89.0205000000,0.53,0.66,1787566485810,1787566486693,89.3247,89.0868,89.02,89.094,89.0570000000,7.52,11.23,1787566480715,1787566483254,89.187,89.039,,,,,
2026-08-24T10:14:48.244Z,live,snapshot,,,,,88.967,89.074,89.0205000000,0.53,0.66,1787566485810,1787566486693,89.3247,89.0868,89.004,89.094,89.0490000000,7.36,11.23,1787566485810,1787566486991,89.187,89.039,,,,,
2026-08-24T10:14:49.310Z,live,snapshot,,,,,88.967,89.074,89.0205000000,0.53,0.66,1787566485810,1787566486693,89.3247,89.0856,89.004,89.094,89.0490000000,7.36,11.23,1787566485810,1787566486991,89.187,89.039,,,,,
2026-08-24T10:14:50.455Z,live,snapshot,,,,,88.967,89.074,89.0205000000,0.53,0.66,1787566485810,1787566486693,89.3247,89.0856,89.004,89.094,89.0490000000,7.36,11.23,1787566485810,1787566486991,89.187,89.039,,,,,
2026-08-24T10:14:51.480Z,live,snapshot,,,,,88.967,89.074,89.0205000000,0.53,0.66,1787566485810,1787566486693,89.3247,89.0844,89.004,89.094,89.0490000000,7.36,11.23,1787566485810,1787566486991,89.187,89.039,,,,,
2026-08-24T10:14:52.553Z,live,snapshot,,,,,88.992,89.048,89.0200000000,20.0,477.17,1787566490833,1787566491745,89.3247,89.0844,89.004,89.094,89.0490000000,0.68,11.23,1787566490833,1787566492035,89.187,89.039,,,,,
2026-08-24T10:14:54.202Z,live,snapshot,,,,,88.992,89.048,89.0200000000,20.0,477.17,1787566490833,1787566491745,89.3247,89.0844,89.004,89.094,89.0490000000,0.68,11.23,1787566490833,1787566492035,89.187,89.039,,,,,
2026-08-24T10:14:55.469Z,live,snapshot,,,,,88.992,89.048,89.0200000000,20.0,477.17,1787566490833,1787566491745,89.3247,89.0836,89.004,89.094,89.0490000000,0.68,11.23,1787566490833,1787566492035,89.187,89.039,,,,,
2026-08-24T10:14:56.571Z,live,snapshot,,,,,88.992,89.048,89.0200000000,20.0,477.17,1787566490833,1787566491745,89.3247,89.0836,89.004,89.094,89.0490000000,0.68,11.23,1787566490833,1787566492035,89.187,89.039,,,,,
2026-08-24T10:14:57.574Z,live,snapshot,,,,,88.974,89.046,89.0100000000,20.83,477.17,1787566496283,1787566497067,89.3241,89.0812,89.004,89.094,89.0490000000,0.56,11.23,1787566496283,1787566497320,89.187,89.039,,,,,
2026-08-24T10:14:58.672Z,live,snapshot,,,,,88.974,89.046,89.0100000000,20.83,477.17,1787566496283,1787566497067,89.3241,89.0812,89.004,89.094,89.0490000000,0.56,11.23,1787566496283,1787566497320,89.186,89.039,,,,,
2026-08-24T10:15:00.419Z,live,snapshot,,,,,88.974,89.046,89.0100000000,20.83,477.17,1787566496283,1787566497067,89.3241,89.0812,89.004,89.094,89.0490000000,0.56,11.23,1787566496283,1787566497320,89.186,89.039,,,,,
2026-08-24T10:15:01.445Z,live,snapshot,,,,,88.974,89.046,89.0100000000,20.83,477.17,1787566496283,1787566497067,89.3234,89.0794,89.004,89.094,89.0490000000,0.56,11.23,1787566496283,1787566497320,89.186,89.039,,,,,
2026-08-24T10:15:02.725Z,live,snapshot,,,,,88.974,89.043,89.0085000000,20.83,0.84,1787566501664,1787566502141,89.3234,89.0794,89.004,89.096,89.0500000000,0.56,11.23,1787566501664,1787566502407,89.186,89.096,,,,,
2026-08-24T10:15:03.865Z,live,snapshot,,,,,88.974,89.043,89.0085000000,20.83,0.84,1787566501664,1787566502141,89.3234,89.0781,89.004,89.096,89.0500000000,0.56,11.23,1787566501664,1787566502407,89.186,89.096,,,,,
2026-08-24T10:15:04.894Z,live,snapshot,,,,,88.974,89.043,89.0085000000,20.83,0.84,1787566501664,1787566502141,89.3234,89.0781,89.004,89.096,89.0500000000,0.56,11.23,1787566501664,1787566502407,89.186,89.096,,,,,
2026-08-24T10:15:06.632Z,live,snapshot,,,,,88.974,89.043,89.0085000000,20.83,0.84,1787566501664,1787566502141,89.3234,89.0781,89.004,89.096,89.0500000000,0.56,11.23,1787566501664,1787566502407,89.186,89.096,,,,,
2026-08-24T10:15:07.635Z,live,snapshot,,,,,88.974,89.043,89.0085000000,20.83,0.84,1787566501664,1787566502141,89.3228,89.076,89.004,89.096,89.0500000000,0.56,11.23,1787566501664,1787566502407,89.186,89.096,,,,,
2026-08-24T10:15:08.744Z,live,snapshot,,,,,88.979,89.042,89.0105000000,20.84,477.17,1787566507047,1787566507890,89.3228,89.076,89.004,89.096,89.0500000000,0.56,11.23,1787566507047,1787566508161,89.186,89.096,,,,,
2026-08-24T10:15:09.765Z,live,snapshot,,,,,88.979,89.042,89.0105000000,20.84,477.17,1787566507047,1787566507890,89.3228,89.0746,89.004,89.096,89.0500000000,0.56,11.23,1787566507047,1787566508161,89.186,89.096,,,,,
2026-08-24T10:15:10.790Z,live,snapshot,,,,,88.979,89.042,89.0105000000,20.84,477.17,1787566507047,1787566507890,89.3228,89.0746,89.004,89.096,89.0500000000,0.56,11.23,1787566507047,1787566508161,89.186,89.089,,,,,
2026-08-24T10:15:12.817Z,live,snapshot,,,,,88.979,89.042,89.0105000000,20.84,477.17,1787566507047,1787566507890,89.3221,89.0727,89.004,89.096,89.0500000000,0.56,11.23,1787566507047,1787566508161,89.186,89.089,,,,,
2026-08-24T10:15:13.840Z,live,snapshot,,,,,88.979,89.042,89.0105000000,20.84,477.17,1787566507047,1787566507890,89.3221,89.0727,89.004,89.096,89.0500000000,0.56,11.23,1787566507047,1787566508161,89.186,89.039,,,,,
2026-08-24T10:15:14.930Z,live,snapshot,,,,,88.979,89.034,89.0065000000,20.0,0.85,1787566512449,1787566513840,89.3221,89.0714,88.996,89.085,89.0405000000,4.13,73.37,1787566512449,1787566514120,89.186,89.039,,,,,
2026-08-24T10:15:16.036Z,live,snapshot,,,,,88.979,89.034,89.0065000000,20.0,0.85,1787566512449,1787566513840,89.3221,89.0714,88.996,89.085,89.0405000000,4.13,73.37,1787566512449,1787566514120,89.186,89.039,,,,,
2026-08-24T10:15:17.213Z,live,snapshot,,,,,88.979,89.034,89.0065000000,20.0,0.85,1787566512449,1787566513840,89.3214,89.0693,88.996,89.085,89.0405000000,4.13,73.37,1787566512449,1787566514120,89.186,89.039,,,,,
2026-08-24T10:15:18.945Z,live,snapshot,,,,,88.979,89.034,89.0065000000,20.0,0.85,1787566512449,1787566513840,89.3214,89.0693,88.996,89.085,89.0405000000,4.13,73.37,1787566512449,1787566514120,89.186,89.039,,,,,
2026-08-24T10:15:19.966Z,live,snapshot,,,,,88.979,89.032,89.0055000000,20.0,0.85,1787566517864,1787566519447,89.3214,89.0693,88.996,89.081,89.0385000000,4.13,15.25,1787566517864,1787566519702,89.186,89.039,,,,,
2026-08-24T10:15:21.117Z,live,snapshot,,,,,88.979,89.032,89.0055000000,20.0,0.85,1787566517864,1787566519447,89.3214,89.0679,88.996,89.081,89.0385000000,4.13,15.25,1787566517864,1787566519702,89.185,89.039,,,,,
2026-08-24T10:15:22.194Z,live,snapshot,,,,,88.979,89.032,89.0055000000,20.0,0.85,1787566517864,1787566519447,89.3214,89.0679,88.996,89.081,89.0385000000,4.13,15.25,1787566517864,1787566519702,89.185,89.039,,,,,
2026-08-24T10:15:23.396Z,live,snapshot,,,,,88.979,89.032,89.0055000000,20.0,0.85,1787566517864,1787566519447,89.3208,89.066,88.996,89.081,89.0385000000,4.13,15.25,1787566517864,1787566519702,89.185,89.039,,,,,
2026-08-24T10:15:25.056Z,live,snapshot,,,,,88.976,89.022,88.9990000000,0.51,0.85,1787566523249,1787566523678,89.3208,89.066,88.958,89.061,89.0095000000,4.55,27.63,1787566523249,1787566523930,89.185,89.039,,,,,
2026-08-24T10:15:26.106Z,live,snapshot,,,,,88.976,89.022,88.9990000000,0.51,0.85,1787566523249,1787566523678,89.3208,89.066,88.958,89.061,89.0095000000,4.55,27.63,1787566523249,1787566523930,89.185,89.038,,,,,
2026-08-24T10:15:27.232Z,live,snapshot,,,,,88.976,89.022,88.9990000000,0.51,0.85,1787566523249,1787566523678,89.3201,89.064,88.958,89.061,89.0095000000,4.55,27.63,1787566523249,1787566523930,89.185,89.038,,,,,
2026-08-24T10:15:28.347Z,live,snapshot,,,,,88.976,89.022,88.9990000000,0.51,0.85,1787566523249,1787566523678,89.3201,89.064,88.958,89.061,89.0095000000,4.55,27.63,1787566523249,1787566523930,89.185,89.037,,,,,
2026-08-24T10:15:29.383Z,live,snapshot,,,,,88.976,89.022,88.9990000000,0.51,0.85,1787566523249,1787566523678,89.3201,89.0626,88.958,89.061,89.0095000000,4.55,27.63,1787566523249,1787566523930,89.185,89.037,,,,,
2026-08-24T10:15:31.527Z,live,snapshot,,,,,88.976,89.013,88.9945000000,0.51,0.71,1787566528615,1787566529383,89.3201,89.0626,88.918,89.013,88.9655000000,10.77,22.48,1787566528615,1787566529727,89.185,89.037,,,,,
2026-08-24T10:15:32.601Z,live,snapshot,,,,,88.976,89.013,88.9945000000,0.51,0.71,1787566528615,1787566529383,89.3201,89.0626,88.918,89.013,88.9655000000,10.77,22.48,1787566528615,1787566529727,89.184,89.035,,,,,
2026-08-24T10:15:33.844Z,live,snapshot,,,,,88.976,89.013,88.9945000000,0.51,0.71,1787566528615,1787566529383,89.3195,89.0606,88.918,89.013,88.9655000000,10.77,22.48,1787566528615,1787566529727,89.184,89.035,,,,,
2026-08-24T10:15:35.057Z,live,snapshot,,,,,88.975,89.015,88.9950000000,0.5,1.37,1787566533958,1787566534419,89.3195,89.0606,88.926,89.013,88.9695000000,8.16,11.76,1787566533958,1787566534687,89.184,89.033,,,,,
2026-08-24T10:15:36.300Z,live,snapshot,,,,,88.975,89.015,88.9950000000,0.5,1.37,1787566533958,1787566534419,89.3195,89.0595,88.926,89.013,88.9695000000,8.16,11.76,1787566533958,1787566534687,89.184,89.033,,,,,
2026-08-24T10:15:37.675Z,live,snapshot,,,,,88.975,89.015,88.9950000000,0.5,1.37,1787566533958,1787566534419,89.3195,89.0595,88.926,89.013,88.9695000000,8.16,11.76,1787566533958,1787566534687,89.184,89.033,,,,,
2026-08-24T10:15:38.741Z,live,snapshot,,,,,88.975,89.015,88.9950000000,0.5,1.37,1787566533958,1787566534419,89.3195,89.0595,88.926,89.013,88.9695000000,8.16,11.76,1787566533958,1787566534687,89.184,89.032,,,,,
2026-08-24T10:15:39.814Z,live,snapshot,,,,,88.975,89.015,88.9950000000,0.5,1.37,1787566533958,1787566534419,89.3188,89.058,88.926,89.013,88.9695000000,8.16,11.76,1787566533958,1787566534687,89.184,89.032,,,,,
2026-08-24T10:15:41.043Z,live,snapshot,,,,,88.978,89.015,88.9965000000,0.86,1.49,1787566539315,1787566539814,89.3188,89.058,88.955,89.012,88.9835000000,10.77,11.23,1787566539315,1787566540276,89.184,89.03,,,,,
2026-08-24T10:15:42.130Z,live,snapshot,,,,,88.978,89.015,88.9965000000,0.86,1.49,1787566539315,1787566539814,89.3188,89.0567,88.955,89.012,88.9835000000,10.77,11.23,1787566539315,1787566540276,89.184,89.03,,,,,
2026-08-24T10:15:43.817Z,live,snapshot,,,,,88.978,89.015,88.9965000000,0.86,1.49,1787566539315,1787566539814,89.3188,89.0567,88.955,89.012,88.9835000000,10.77,11.23,1787566539315,1787566540276,89.184,89.03,,,,,
2026-08-24T10:15:44.887Z,live,snapshot,,,,,88.978,89.015,88.9965000000,0.86,1.49,1787566539315,1787566539814,89.3182,89.0547,88.955,89.012,88.9835000000,10.77,11.23,1787566539315,1787566540276,89.183,89.029,,,,,
2026-08-24T10:15:45.986Z,live,snapshot,,,,,88.977,89.015,88.9960000000,0.49,1.49,1787566544398,1787566545133,89.3182,89.0547,88.955,89.012,88.9835000000,10.32,11.23,1787566544398,1787566545394,89.183,89.029,,,,,
2026-08-24T10:15:47.141Z,live,snapshot,,,,,88.977,89.015,88.9960000000,0.49,1.49,1787566544398,1787566545133,89.3182,89.0547,88.955,89.012,88.9835000000,10.32,11.23,1787566544398,1787566545394,89.183,89.028,,,,,
2026-08-24T10:15:48.533Z,live,snapshot,,,,,88.977,89.015,88.9960000000,0.49,1.49,1787566544398,1787566545133,89.3175,89.053,88.955,89.012,88.9835000000,10.32,11.23,1787566544398,1787566545394,89.183,89.028,,,,,
2026-08-24T10:15:50.525Z,live,snapshot,,,,,88.977,89.015,88.9960000000,0.49,1.49,1787566544398,1787566545133,89.3175,89.053,88.955,89.012,88.9835000000,10.32,11.23,1787566544398,1787566545394,89.183,89.026,,,,,
2026-08-24T10:15:51.592Z,live,snapshot,,,,,88.977,89.015,88.9960000000,0.3,1.37,1787566549829,1787566551024,89.3175,89.053,88.926,89.009,88.9675000000,5.64,4.02,1787566549829,1787566551295,89.183,89.026,,,,,
2026-08-24T10:15:52.836Z,live,snapshot,,,,,88.977,89.015,88.9960000000,0.3,1.37,1787566549829,1787566551024,89.3175,89.0518,88.926,89.009,88.9675000000,5.64,4.02,1787566549829,1787566551295,89.182,89.024,,,,,
2026-08-24T10:15:53.945Z,live,snapshot,,,,,88.977,89.015,88.9960000000,0.3,1.37,1787566549829,1787566551024,89.3169,89.05,88.926,89.009,88.9675000000,5.64,4.02,1787566549829,1787566551295,89.182,89.024,,,,,
2026-08-24T10:15:54.980Z,live,snapshot,,,,,88.977,89.015,88.9960000000,0.3,1.37,1787566549829,1787566551024,89.3169,89.05,88.926,89.009,88.9675000000,5.64,4.02,1787566549829,1787566551295,89.182,89.034,,,,,
2026-08-24T10:15:56.592Z,live,snapshot,,,,,88.977,89.015,88.9960000000,0.3,1.37,1787566549829,1787566551024,89.3169,89.05,88.926,89.009,88.9675000000,5.64,4.02,1787566549829,1787566551295,89.182,89.034,,,,,
2026-08-24T10:15:57.638Z,live,snapshot,,,,,88.977,89.028,89.0025000000,0.3,0.86,1787566555257,1787566557093,89.3169,89.0491,88.996,89.088,89.0420000000,10.77,4.02,1787566555257,1787566557369,89.182,89.034,,,,,
2026-08-24T10:15:58.675Z,live,snapshot,,,,,88.977,89.028,89.0025000000,0.3,0.86,1787566555257,1787566557093,89.3169,89.0491,88.996,89.088,89.0420000000,10.77,4.02,1787566555257,1787566557369,89.182,89.025,,,,,
2026-08-24T10:15:59.854Z,live,snapshot,,,,,88.977,89.028,89.0025000000,0.3,0.86,1787566555257,1787566557093,89.3162,89.0474,88.996,89.088,89.0420000000,10.77,4.02,1787566555257,1787566557369,89.182,89.025,,,,,
2026-08-24T10:16:00.946Z,live,snapshot,,,,,88.977,89.028,89.0025000000,0.3,0.86,1787566555257,1787566557093,89.3162,89.0474,88.996,89.088,89.0420000000,10.77,4.02,1787566555257,1787566557369,89.182,89.085,,,,,
2026-08-24T10:16:02.842Z,live,snapshot,,,,,88.977,89.028,89.0025000000,20.29,0.86,1787566560740,1787566561549,89.3162,89.0474,88.996,89.088,89.0420000000,10.77,4.02,1787566555257,1787566557369,89.182,89.085,,,,,
2026-08-24T10:16:04.127Z,live,snapshot,,,,,88.977,89.028,89.0025000000,20.29,0.86,1787566560740,1787566561549,89.3162,89.0466,88.996,89.084,89.0400000000,10.77,22.45,1787566560740,1787566562842,89.182,89.085,,,,,
2026-08-24T10:16:05.177Z,live,snapshot,,,,,88.977,89.028,89.0025000000,20.29,0.86,1787566560740,1787566561549,89.3162,89.0466,88.996,89.084,89.0400000000,10.77,22.45,1787566560740,1787566562842,89.182,89.083,,,,,
2026-08-24T10:16:06.486Z,live,snapshot,,,,,88.977,89.028,89.0025000000,20.29,0.86,1787566560740,1787566561549,89.3156,89.045,88.996,89.084,89.0400000000,10.77,22.45,1787566560740,1787566562842,89.182,89.083,,,,,
2026-08-24T10:16:07.500Z,live,snapshot,,,,,88.977,89.014,88.9955000000,0.29,0.86,1787566566079,1787566566982,89.3156,89.045,88.961,89.069,89.0150000000,10.77,22.45,1787566566079,1787566567235,89.182,89.083,,,,,
2026-08-24T10:16:09.053Z,live,snapshot,,,,,88.977,89.014,88.9955000000,0.29,0.86,1787566566079,1787566566982,89.3156,89.045,88.961,89.069,89.0150000000,10.77,22.45,1787566566079,1787566567235,89.182,89.07,,,,,
2026-08-24T10:16:10.069Z,live,snapshot,,,,,88.977,89.014,88.9955000000,0.29,0.86,1787566566079,1787566566982,89.3156,89.0441,88.961,89.069,89.0150000000,10.77,22.45,1787566566079,1787566567235,89.182,89.07,,,,,
2026-08-24T10:16:11.140Z,live,snapshot,,,,,88.977,89.014,88.9955000000,0.29,0.86,1787566566079,1787566566982,89.3156,89.0441,88.961,89.069,89.0150000000,10.77,22.45,1787566566079,1787566567235,89.181,89.071,,,,,
2026-08-24T10:16:12.143Z,live,snapshot,,,,,88.976,89.013,88.9945000000,0.27,0.87,1787566571340,1787566571887,89.3149,89.0425,88.961,89.069,89.0150000000,10.77,22.45,1787566566079,1787566567235,89.181,89.071,,,,,
2026-08-24T10:16:13.216Z,live,snapshot,,,,,88.976,89.013,88.9945000000,0.27,0.87,1787566571340,1787566571887,89.3149,89.0425,88.963,89.054,89.0085000000,9.76,4.02,1787566571340,1787566572144,89.181,89.025,,,,,
2026-08-24T10:16:15.176Z,live,snapshot,,,,,88.976,89.013,88.9945000000,0.27,0.87,1787566571340,1787566571887,89.3149,89.0425,88.963,89.054,89.0085000000,9.76,4.02,1787566571340,1787566572144,89.181,89.025,,,,,
2026-08-24T10:16:16.208Z,live,snapshot,,,,,88.976,89.013,88.9945000000,0.27,0.87,1787566571340,1787566571887,89.3143,89.0408,88.963,89.054,89.0085000000,9.76,4.02,1787566571340,1787566572144,89.181,89.025,,,,,
2026-08-24T10:16:17.429Z,live,snapshot,,,,,88.976,89.013,88.9945000000,0.27,0.87,1787566576735,1787566577193,89.3143,89.0408,88.963,89.054,89.0085000000,9.76,4.02,1787566571340,1787566572144,89.181,89.024,,,,,
2026-08-24T10:16:18.605Z,live,snapshot,,,,,88.976,89.013,88.9945000000,0.27,0.87,1787566576735,1787566577193,89.3143,89.0402,88.964,89.049,89.0065000000,4.86,11.24,1787566576735,1787566577429,89.181,89.024,,,,,
2026-08-24T10:16:19.626Z,live,snapshot,,,,,88.976,89.013,88.9945000000,0.27,0.87,1787566576735,1787566577193,89.3143,89.0402,88.964,89.049,89.0065000000,4.86,11.24,1787566576735,1787566577429,89.181,89.023,,,,,
2026-08-24T10:16:21.306Z,live,snapshot,,,,,88.976,89.013,88.9945000000,0.27,0.87,1787566576735,1787566577193,89.3143,89.0402,88.964,89.049,89.0065000000,4.86,11.24,1787566576735,1787566577429,89.181,89.023,,,,,
2026-08-24T10:16:22.316Z,live,snapshot,,,,,88.976,89.013,88.9945000000,0.27,0.87,1787566576735,1787566577193,89.3137,89.0386,88.964,89.049,89.0065000000,4.86,11.24,1787566576735,1787566577429,89.181,89.023,,,,,
2026-08-24T10:16:23.384Z,live,snapshot,,,,,88.976,89.013,88.9945000000,0.27,0.87,1787566581983,1787566582847,89.3137,89.0386,88.964,89.049,89.0065000000,4.86,11.24,1787566581983,1787566583112,89.181,89.023,,,,,
2026-08-24T10:16:24.566Z,live,snapshot,,,,,88.976,89.013,88.9945000000,0.27,0.87,1787566581983,1787566582847,89.3137,89.0377,88.964,89.049,89.0065000000,4.86,11.24,1787566581983,1787566583112,89.181,89.023,,,,,
2026-08-24T10:16:25.813Z,live,snapshot,,,,,88.976,89.013,88.9945000000,0.27,0.87,1787566581983,1787566582847,89.3137,89.0377,88.964,89.049,89.0065000000,4.86,11.24,1787566581983,1787566583112,89.18,89.022,,,,,
2026-08-24T10:16:27.640Z,live,snapshot,,,,,88.976,89.013,88.9945000000,0.27,0.87,1787566581983,1787566582847,89.3137,89.0377,88.964,89.049,89.0065000000,4.86,11.24,1787566581983,1787566583112,89.18,89.022,,,,,
2026-08-24T10:16:28.659Z,live,snapshot,,,,,88.976,89.013,88.9945000000,0.27,0.87,1787566581983,1787566582847,89.313,89.0362,88.964,89.049,89.0065000000,4.86,11.24,1787566581983,1787566583112,89.18,89.022,,,,,
2026-08-24T10:16:29.692Z,live,snapshot,,,,,88.976,89.013,88.9945000000,0.27,0.85,1787566587370,1787566588660,89.313,89.0354,88.965,89.048,89.0065000000,10.77,22.46,1787566587370,1787566588918,89.18,89.022,,,,,
2026-08-24T10:16:30.816Z,live,snapshot,,,,,88.976,89.013,88.9945000000,0.27,0.85,1787566587370,1787566588660,89.313,89.0354,88.965,89.048,89.0065000000,10.77,22.46,1787566587370,1787566588918,89.18,89.047,,,,,
2026-08-24T10:16:31.940Z,live,snapshot,,,,,88.976,89.013,88.9945000000,0.27,0.85,1787566587370,1787566588660,89.3124,89.0339,88.965,89.048,89.0065000000,10.77,22.46,1787566587370,1787566588918,89.18,89.047,,,,,
2026-08-24T10:16:33.613Z,live,snapshot,,,,,88.976,89.013,88.9945000000,0.27,0.85,1787566587370,1787566588660,89.3124,89.0339,88.965,89.048,89.0065000000,10.77,22.46,1787566587370,1787566588918,89.18,89.047,,,,,
2026-08-24T10:16:34.722Z,live,snapshot,,,,,88.976,89.018,88.9970000000,0.27,1.34,1787566592730,1787566594109,89.3124,89.0339,88.965,89.051,89.0080000000,7.0,33.7,1787566592730,1787566594471,89.18,89.047,,,,,
2026-08-24T10:16:35.753Z,live,snapshot,,,,,88.976,89.018,88.9970000000,0.27,1.34,1787566592730,1787566594109,89.3124,89.0339,88.965,89.051,89.0080000000,7.0,33.7,1787566592730,1787566594471,89.18,89.047,,,,,
2026-08-24T10:16:36.957Z,live,snapshot,,,,,88.976,89.018,88.9970000000,0.27,1.34,1787566592730,1787566594109,89.3124,89.0332,88.965,89.051,89.0080000000,7.0,33.7,1787566592730,1787566594471,89.18,89.047,,,,,
2026-08-24T10:16:38.055Z,live,snapshot,,,,,88.976,89.018,88.9970000000,0.27,1.34,1787566592730,1787566594109,89.3118,89.0318,88.965,89.051,89.0080000000,7.0,33.7,1787566592730,1787566594471,89.179,89.02,,,,,
2026-08-24T10:16:39.730Z,live,snapshot,,,,,88.976,89.013,88.9945000000,0.77,0.81,1787566598099,1787566598519,89.3118,89.0318,88.965,89.051,89.0080000000,7.0,33.7,1787566592730,1787566594471,89.179,89.02,,,,,
2026-08-24T10:16:40.975Z,live,snapshot,,,,,88.976,89.013,88.9945000000,0.77,0.81,1787566598099,1787566598519,89.3118,89.0318,88.956,89.011,88.9835000000,10.77,11.23,1787566598099,1787566599958,89.179,89.019,,,,,
2026-08-24T10:16:42.159Z,live,snapshot,,,,,88.976,89.013,88.9945000000,0.77,0.81,1787566598099,1787566598519,89.3111,89.0304,88.956,89.011,88.9835000000,10.77,11.23,1787566598099,1787566599958,89.179,89.019,,,,,
2026-08-24T10:16:43.177Z,live,snapshot,,,,,88.976,89.013,88.9945000000,0.77,0.81,1787566598099,1787566598519,89.3111,89.0304,88.956,89.011,88.9835000000,10.77,11.23,1787566598099,1787566599958,89.179,89.018,,,,,
2026-08-24T10:16:44.338Z,live,snapshot,,,,,88.966,89.003,88.9845000000,0.05,0.87,1787566603465,1787566604083,89.3111,89.0294,88.956,89.011,88.9835000000,10.77,11.23,1787566598099,1787566599958,89.179,89.018,,,,,
2026-08-24T10:16:46.161Z,live,snapshot,,,,,88.966,89.003,88.9845000000,0.05,0.87,1787566603465,1787566604083,89.3111,89.0294,88.918,88.993,88.9555000000,9.2,11.24,1787566603465,1787566604338,89.179,89.018,,,,,
2026-08-24T10:16:47.552Z,live,snapshot,,,,,88.966,89.003,88.9845000000,0.05,0.87,1787566603465,1787566604083,89.3111,89.0294,88.918,88.993,88.9555000000,9.2,11.24,1787566603465,1787566604338,89.179,89.017,,,,,
2026-08-24T10:16:48.984Z,live,snapshot,,,,,88.966,89.003,88.9845000000,0.05,0.87,1787566603465,1787566604083,89.3105,89.028,88.918,88.993,88.9555000000,9.2,11.24,1787566603465,1787566604338,89.178,89.015,,,,,
2026-08-24T10:16:50.042Z,live,snapshot,,,,,88.966,89.008,88.9870000000,0.05,0.14,1787566608849,1787566609252,89.3105,89.028,88.918,89.01,88.9640000000,9.2,0.5,1787566608849,1787566609782,89.178,89.015,,,,,
2026-08-24T10:16:52.160Z,live,snapshot,,,,,88.966,89.008,88.9870000000,0.05,0.14,1787566608849,1787566609252,89.3105,89.0272,88.918,89.01,88.9640000000,9.2,0.5,1787566608849,1787566609782,89.178,89.015,,,,,
2026-08-24T10:16:53.429Z,live,snapshot,,,,,88.966,89.008,88.9870000000,0.05,0.14,1787566608849,1787566609252,89.3099,89.0257,88.918,89.01,88.9640000000,9.2,0.5,1787566608849,1787566609782,89.178,89.014,,,,,
2026-08-24T10:16:55.011Z,live,snapshot,,,,,88.962,89.008,88.9850000000,0.87,0.14,1787566614314,1787566614756,89.3099,89.0257,88.918,89.01,88.9640000000,9.2,0.5,1787566608849,1787566609782,89.178,89.014,,,,,
2026-08-24T10:16:56.246Z,live,snapshot,,,,,88.962,89.008,88.9850000000,0.87,0.14,1787566614314,1787566614756,89.3099,89.0257,88.921,89.008,88.9645000000,4.02,11.24,1787566614314,1787566615238,89.178,89.013,,,,,
2026-08-24T10:16:58.282Z,live,snapshot,,,,,88.962,89.008,88.9850000000,0.87,0.14,1787566614314,1787566614756,89.3099,89.0249,88.921,89.008,88.9645000000,4.02,11.24,1787566614314,1787566615238,89.178,89.013,,,,,
2026-08-24T10:16:59.529Z,live,snapshot,,,,,88.962,89.008,88.9850000000,0.87,0.14,1787566614314,1787566614756,89.3099,89.0249,88.921,89.008,88.9645000000,4.02,11.24,1787566614314,1787566615238,89.177,89.011,,,,,
2026-08-24T10:17:00.580Z,live,snapshot,,,,,88.962,89.008,88.9850000000,0.87,0.14,1787566619623,1787566620068,89.3093,89.0237,88.921,89.008,88.9645000000,4.02,11.23,1787566619623,1787566620324,89.177,89.011,,,,,
2026-08-24T10:17:01.837Z,live,snapshot,,,,,88.962,89.008,88.9850000000,0.87,0.14,1787566619623,1787566620068,89.3093,89.0237,88.921,89.008,88.9645000000,4.02,11.23,1787566619623,1787566620324,89.177,89.01,,,,,
2026-08-24T10:17:03.258Z,live,snapshot,,,,,88.962,89.008,88.9850000000,0.87,0.14,1787566619623,1787566620068,89.3093,89.0229,88.921,89.008,88.9645000000,4.02,11.23,1787566619623,1787566620324,89.177,89.01,,,,,
2026-08-24T10:17:04.725Z,live,snapshot,,,,,88.962,89.008,88.9850000000,0.87,0.14,1787566619623,1787566620068,89.3093,89.0229,88.921,89.008,88.9645000000,4.02,11.23,1787566619623,1787566620324,89.177,89.01,,,,,
2026-08-24T10:17:05.740Z,live,snapshot,,,,,88.971,89.009,88.9900000000,0.72,1.34,1787566624651,1787566625227,89.3093,89.0229,88.922,89.018,88.9700000000,4.77,2.01,1787566624651,1787566625482,89.177,89.009,,,,,
2026-08-24T10:17:06.786Z,live,snapshot,,,,,88.971,89.009,88.9900000000,0.72,1.34,1787566624651,1787566625227,89.3086,89.0214,88.922,89.018,88.9700000000,4.77,2.01,1787566624651,1787566625482,89.177,89.009,,,,,
2026-08-24T10:17:07.822Z,live,snapshot,,,,,88.971,89.009,88.9900000000,0.72,1.34,1787566624651,1787566625227,89.3086,89.0214,88.922,89.018,88.9700000000,4.77,2.01,1787566624651,1787566625482,89.177,89.008,,,,,
2026-08-24T10:17:08.878Z,live,snapshot,,,,,88.971,89.009,88.9900000000,0.72,1.34,1787566624651,1787566625227,89.3081,89.0203,88.922,89.018,88.9700000000,4.77,2.01,1787566624651,1787566625482,89.177,89.008,,,,,
2026-08-24T10:17:11.429Z,live,snapshot,,,,,88.971,89.009,88.9900000000,0.72,1.34,1787566624651,1787566625227,89.3081,89.0203,88.922,89.018,88.9700000000,4.77,2.01,1787566624651,1787566625482,89.176,89.008,,,,,
2026-08-24T10:17:12.450Z,live,snapshot,,,,,88.972,89.009,88.9905000000,0.33,1.34,1787566630065,1787566631927,89.3081,89.0203,88.955,89.02,88.9875000000,5.46,11.49,1787566630065,1787566632183,89.176,89.008,,,,,
2026-08-24T10:17:13.453Z,live,snapshot,,,,,88.972,89.009,88.9905000000,0.33,1.34,1787566630065,1787566631927,89.3081,89.0197,88.955,89.02,88.9875000000,5.46,11.49,1787566630065,1787566632183,89.176,89.008,,,,,
2026-08-24T10:17:14.574Z,live,snapshot,,,,,88.972,89.009,88.9905000000,0.33,1.34,1787566630065,1787566631927,89.3081,89.0197,88.955,89.02,88.9875000000,5.46,11.49,1787566630065,1787566632183,89.176,89.007,,,,,
2026-08-24T10:17:15.844Z,live,snapshot,,,,,88.972,89.009,88.9905000000,0.33,1.34,1787566630065,1787566631927,89.3074,89.0185,88.955,89.02,88.9875000000,5.46,11.49,1787566630065,1787566632183,89.176,89.007,,,,,
2026-08-24T10:17:17.646Z,live,snapshot,,,,,88.971,89.01,88.9905000000,5.05,1.34,1787566635426,1787566635864,89.3074,89.0185,88.957,89.038,88.9975000000,10.77,0.49,1787566635426,1787566636375,89.176,89.007,,,,,
2026-08-24T10:17:18.901Z,live,snapshot,,,,,88.971,89.01,88.9905000000,5.05,1.34,1787566635426,1787566635864,89.3074,89.018,88.957,89.038,88.9975000000,10.77,0.49,1787566635426,1787566636375,89.176,89.006,,,,,
2026-08-24T10:17:20.147Z,live,snapshot,,,,,88.971,89.01,88.9905000000,5.05,1.34,1787566635426,1787566635864,89.3074,89.018,88.957,89.038,88.9975000000,10.77,0.49,1787566635426,1787566636375,89.176,89.006,,,,,
2026-08-24T10:17:21.549Z,live,snapshot,,,,,88.972,89.01,88.9910000000,0.79,1.49,1787566640862,1787566641295,89.3068,89.0168,88.957,89.038,88.9975000000,10.77,0.49,1787566635426,1787566636375,89.176,89.006,,,,,
2026-08-24T10:17:23.657Z,live,snapshot,,,,,88.972,89.01,88.9910000000,0.79,1.49,1787566640862,1787566641295,89.3068,89.0168,88.957,89.043,89.0000000000,15.77,4.02,1787566640862,1787566641549,89.175,89.006,,,,,
2026-08-24T10:17:24.693Z,live,snapshot,,,,,88.972,89.01,88.9910000000,0.79,1.49,1787566640862,1787566641295,89.3068,89.0163,88.957,89.043,89.0000000000,15.77,4.02,1787566640862,1787566641549,89.175,89.006,,,,,
2026-08-24T10:17:25.715Z,live,snapshot,,,,,88.972,89.01,88.9910000000,0.79,1.49,1787566640862,1787566641295,89.3068,89.0163,88.957,89.043,89.0000000000,15.77,4.02,1787566640862,1787566641549,89.175,89.005,,,,,
2026-08-24T10:17:26.983Z,live,snapshot,,,,,88.972,89.01,88.9910000000,0.79,1.49,1787566640862,1787566641295,89.3062,89.0151,88.957,89.043,89.0000000000,15.77,4.02,1787566640862,1787566641549,89.175,89.005,,,,,
2026-08-24T10:17:28.183Z,live,snapshot,,,,,88.971,89.01,88.9905000000,5.05,1.49,1787566646261,1787566646983,89.3062,89.0151,88.921,89.035,88.9780000000,144.55,0.45,1787566646261,1787566647239,89.175,89.005,,,,,
2026-08-24T10:17:29.788Z,live,snapshot,,,,,88.971,89.01,88.9905000000,5.05,1.49,1787566646261,1787566646983,89.3062,89.0151,88.921,89.035,88.9780000000,144.55,0.45,1787566646261,1787566647239,89.175,89.005,,,,,
2026-08-24T10:17:30.936Z,live,snapshot,,,,,88.971,89.01,88.9905000000,5.05,1.49,1787566646261,1787566646983,89.3056,89.014,88.921,89.035,88.9780000000,144.55,0.45,1787566646261,1787566647239,89.175,89.005,,,,,
2026-08-24T10:17:32.157Z,live,snapshot,,,,,88.971,89.01,88.9905000000,5.05,1.49,1787566646261,1787566646983,89.3056,89.0135,88.921,89.035,88.9780000000,144.55,0.45,1787566646261,1787566647239,89.175,89.033,,,,,
2026-08-24T10:17:33.235Z,live,snapshot,,,,,88.971,89.01,88.9905000000,5.05,1.34,1787566651651,1787566652424,89.3056,89.0135,88.961,89.034,88.9975000000,10.77,22.46,1787566651651,1787566652735,89.175,89.033,,,,,
2026-08-24T10:17:35.750Z,live,snapshot,,,,,88.971,89.01,88.9905000000,5.05,1.34,1787566651651,1787566652424,89.3056,89.0135,88.961,89.034,88.9975000000,10.77,22.46,1787566651651,1787566652735,89.175,89.034,,,,,
2026-08-24T10:17:36.992Z,live,snapshot,,,,,88.971,89.01,88.9905000000,5.05,1.34,1787566651651,1787566652424,89.305,89.0125,88.961,89.034,88.9975000000,10.77,22.46,1787566651651,1787566652735,89.174,89.036,,,,,
2026-08-24T10:17:38.128Z,live,snapshot,,,,,88.972,89.01,88.9910000000,0.79,1.34,1787566657057,1787566657614,89.305,89.0125,88.961,89.036,88.9985000000,10.77,3.01,1787566657057,1787566657870,89.174,89.036,,,,,
2026-08-24T10:17:39.204Z,live,snapshot,,,,,88.972,89.01,88.9910000000,0.79,1.34,1787566657057,1787566657614,89.305,89.012,88.961,89.036,88.9985000000,10.77,3.01,1787566657057,1787566657870,89.174,89.036,,,,,
2026-08-24T10:17:41.934Z,live,snapshot,,,,,88.972,89.01,88.9910000000,0.79,1.34,1787566657057,1787566657614,89.305,89.012,88.961,89.036,88.9985000000,10.77,3.01,1787566657057,1787566657870,89.174,89.036,,,,,
2026-08-24T10:17:42.943Z,live,snapshot,,,,,88.972,89.01,88.9910000000,0.79,1.34,1787566657057,1787566657614,89.3043,89.011,88.961,89.036,88.9985000000,10.77,3.01,1787566657057,1787566657870,89.174,89.036,,,,,
2026-08-24T10:17:43.979Z,live,snapshot,,,,,88.972,89.01,88.9910000000,0.23,1.34,1787566662412,1787566662944,89.3043,89.011,88.961,89.036,88.9985000000,9.76,3.01,1787566662412,1787566663199,89.174,89.002,,,,,
2026-08-24T10:17:45.047Z,live,snapshot,,,,,88.972,89.01,88.9910000000,0.23,1.34,1787566662412,1787566662944,89.3043,89.0106,88.961,89.036,88.9985000000,9.76,3.01,1787566662412,1787566663199,89.174,89.002,,,,,
2026-08-24T10:17:46.088Z,live,snapshot,,,,,88.972,89.01,88.9910000000,0.23,1.34,1787566662412,1787566662944,89.3043,89.0106,88.961,89.036,88.9985000000,9.76,3.01,1787566662412,1787566663199,89.174,89.002,,,,,
2026-08-24T10:17:48.042Z,live,snapshot,,,,,88.972,89.01,88.9910000000,0.23,1.34,1787566662412,1787566662944,89.3043,89.0106,88.961,89.036,88.9985000000,9.76,3.01,1787566662412,1787566663199,89.174,89.002,,,,,
2026-08-24T10:17:49.045Z,live,snapshot,,,,,88.972,89.01,88.9910000000,0.23,1.34,1787566662412,1787566662944,89.3037,89.0096,88.961,89.036,88.9985000000,9.76,3.01,1787566662412,1787566663199,89.174,89.002,,,,,
2026-08-24T10:17:50.062Z,live,snapshot,,,,,88.971,89.01,88.9905000000,5.05,1.49,1787566667751,1787566669045,89.3037,89.0096,88.954,89.035,88.9945000000,10.77,11.24,1787566667751,1787566669298,89.173,89.002,,,,,
2026-08-24T10:17:51.253Z,live,snapshot,,,,,88.971,89.01,88.9905000000,5.05,1.49,1787566667751,1787566669045,89.3037,89.0092,88.954,89.035,88.9945000000,10.77,11.24,1787566667751,1787566669298,89.173,89.002,,,,,
2026-08-24T10:17:52.692Z,live,snapshot,,,,,88.971,89.01,88.9905000000,5.05,1.49,1787566667751,1787566669045,89.3037,89.0092,88.954,89.035,88.9945000000,10.77,11.24,1787566667751,1787566669298,89.173,89.001,,,,,
2026-08-24T10:17:54.127Z,live,snapshot,,,,,88.971,89.01,88.9905000000,5.05,1.49,1787566667751,1787566669045,89.3037,89.0092,88.954,89.035,88.9945000000,10.77,11.24,1787566667751,1787566669298,89.173,89.001,,,,,
2026-08-24T10:17:55.158Z,live,snapshot,,,,,88.971,89.01,88.9905000000,4.84,1.48,1787566673113,1787566674392,89.3031,89.0082,88.954,89.035,88.9945000000,5.77,11.24,1787566673113,1787566674652,89.173,89.001,,,,,
2026-08-24T10:17:56.159Z,live,snapshot,,,,,88.971,89.01,88.9905000000,4.84,1.48,1787566673113,1787566674392,89.3031,89.0082,88.954,89.035,88.9945000000,5.77,11.24,1787566673113,1787566674652,89.173,89.001,,,,,
2026-08-24T10:17:57.301Z,live,snapshot,,,,,88.971,89.01,88.9905000000,4.84,1.48,1787566673113,1787566674392,89.3025,89.0074,88.954,89.035,88.9945000000,5.77,11.24,1787566673113,1787566674652,89.173,89.001,,,,,
2026-08-24T10:17:58.440Z,live,snapshot,,,,,88.971,89.01,88.9905000000,4.84,1.48,1787566673113,1787566674392,89.3025,89.0074,88.954,89.035,88.9945000000,5.77,11.24,1787566673113,1787566674652,89.173,89.001,,,,,
2026-08-24T10:18:00.186Z,live,snapshot,,,,,88.971,89.01,88.9905000000,4.84,1.48,1787566678521,1787566678973,89.3025,89.0074,88.954,89.035,88.9945000000,5.77,11.24,1787566673113,1787566674652,89.173,89.001,,,,,
2026-08-24T10:18:01.238Z,live,snapshot,,,,,88.971,89.01,88.9905000000,4.84,1.48,1787566678521,1787566678973,89.3025,89.0074,88.954,89.035,88.9945000000,5.77,11.24,1787566678521,1787566680599,89.173,89.001,,,,,
2026-08-24T10:18:02.243Z,live,snapshot,,,,,88.971,89.01,88.9905000000,4.84,1.48,1787566678521,1787566678973,89.3025,89.007,88.954,89.035,88.9945000000,5.77,11.24,1787566678521,1787566680599,89.172,89.035,,,,,
2026-08-24T10:18:03.264Z,live,snapshot,,,,,88.971,89.01,88.9905000000,4.84,1.48,1787566678521,1787566678973,89.3019,89.0061,88.954,89.035,88.9945000000,5.77,11.24,1787566678521,1787566680599,89.172,89.035,,,,,
2026-08-24T10:18:04.601Z,live,snapshot,,,,,88.977,89.01,88.9935000000,0.74,1.48,1787566683890,1787566684346,89.3019,89.0061,88.954,89.035,88.9945000000,5.77,11.24,1787566678521,1787566680599,89.172,89.035,,,,,
2026-08-24T10:18:06.649Z,live,snapshot,,,,,88.977,89.01,88.9935000000,0.74,1.48,1787566683890,1787566684346,89.3019,89.0061,88.955,89.047,89.0010000000,9.02,11.17,1787566683890,1787566684601,89.172,89.035,,,,,
2026-08-24T10:18:07.747Z,live,snapshot,,,,,88.977,89.01,88.9935000000,0.74,1.48,1787566683890,1787566684346,89.3019,89.0057,88.955,89.047,89.0010000000,9.02,11.17,1787566683890,1787566684601,89.172,89.035,,,,,
2026-08-24T10:18:09.007Z,live,snapshot,,,,,88.977,89.01,88.9935000000,0.74,1.48,1787566683890,1787566684346,89.3013,89.0049,88.955,89.047,89.0010000000,9.02,11.17,1787566683890,1787566684601,89.172,89.035,,,,,
2026-08-24T10:18:10.045Z,live,snapshot,,,,,88.977,89.01,88.9935000000,0.74,1.48,1787566683890,1787566684346,89.3013,89.0049,88.955,89.047,89.0010000000,9.02,11.17,1787566683890,1787566684601,89.172,89.035,,,,,
2026-08-24T10:18:11.293Z,live,snapshot,,,,,88.972,89.01,88.9910000000,0.79,1.48,1787566689271,1787566690291,89.3013,89.0046,88.955,89.046,89.0005000000,6.18,11.24,1787566689271,1787566690546,89.172,89.035,,,,,
2026-08-24T10:18:12.655Z,live,snapshot,,,,,88.972,89.01,88.9910000000,0.79,1.48,1787566689271,1787566690291,89.3013,89.0046,88.955,89.046,89.0005000000,6.18,11.24,1787566689271,1787566690546,89.172,89.035,,,,,
2026-08-24T10:18:13.660Z,live,snapshot,,,,,88.972,89.01,88.9910000000,0.79,1.48,1787566689271,1787566690291,89.3013,89.0046,88.955,89.046,89.0005000000,6.18,11.24,1787566689271,1787566690546,89.172,88.999,,,,,
2026-08-24T10:18:14.787Z,live,snapshot,,,,,88.972,89.01,88.9910000000,0.79,1.48,1787566689271,1787566690291,89.3007,89.0038,88.955,89.046,89.0005000000,6.18,11.24,1787566689271,1787566690546,89.172,88.999,,,,,
2026-08-24T10:18:15.964Z,live,snapshot,,,,,88.975,89.01,88.9925000000,0.04,1.48,1787566694632,1787566695459,89.3007,89.0038,88.956,89.044,89.0000000000,10.77,0.49,1787566694632,1787566695697,89.172,88.999,,,,,
2026-08-24T10:18:17.033Z,live,snapshot,,,,,88.975,89.01,88.9925000000,0.04,1.48,1787566694632,1787566695459,89.3007,89.0036,88.956,89.044,89.0000000000,10.77,0.49,1787566694632,1787566695697,89.171,88.999,,,,,
2026-08-24T10:18:18.927Z,live,snapshot,,,,,88.975,89.01,88.9925000000,0.04,1.48,1787566694632,1787566695459,89.3007,89.0036,88.956,89.044,89.0000000000,10.77,0.49,1787566694632,1787566695697,89.171,88.999,,,,,
2026-08-24T10:18:19.939Z,live,snapshot,,,,,88.975,89.01,88.9925000000,0.04,1.48,1787566694632,1787566695459,89.3007,89.0036,88.956,89.044,89.0000000000,10.77,0.49,1787566694632,1787566695697,89.171,88.999,,,,,
2026-08-24T10:18:21.030Z,live,snapshot,,,,,88.973,89.01,88.9915000000,0.55,1.61,1787566700052,1787566700539,89.3001,89.0027,88.956,89.042,88.9990000000,10.77,11.24,1787566700052,1787566700793,89.171,88.999,,,,,
2026-08-24T10:18:22.246Z,live,snapshot,,,,,88.973,89.01,88.9915000000,0.55,1.61,1787566700052,1787566700539,89.3001,89.0027,88.956,89.042,88.9990000000,10.77,11.24,1787566700052,1787566700793,89.171,88.999,,,,,
2026-08-24T10:18:23.398Z,live,snapshot,,,,,88.973,89.01,88.9915000000,0.55,1.61,1787566700052,1787566700539,89.2995,89.0019,88.956,89.042,88.9990000000,10.77,11.24,1787566700052,1787566700793,89.171,88.999,,,,,
2026-08-24T10:18:24.933Z,live,snapshot,,,,,88.973,89.01,88.9915000000,0.55,1.61,1787566700052,1787566700539,89.2995,89.0019,88.956,89.042,88.9990000000,10.77,11.24,1787566700052,1787566700793,89.171,88.999,,,,,
2026-08-24T10:18:25.953Z,live,snapshot,,,,,88.973,89.01,88.9915000000,0.55,1.61,1787566700052,1787566700539,89.2995,89.0019,88.956,89.042,88.9990000000,10.77,11.24,1787566700052,1787566700793,89.171,88.999,,,,,
2026-08-24T10:18:27.032Z,live,snapshot,,,,,88.973,89.01,88.9915000000,0.55,1.61,1787566705489,1787566705974,89.2995,89.0017,88.956,89.042,88.9990000000,10.77,11.24,1787566705489,1787566706211,89.171,88.999,,,,,
2026-08-24T10:18:28.332Z,live,snapshot,,,,,88.973,89.01,88.9915000000,0.55,1.61,1787566705489,1787566705974,89.2995,89.0017,88.956,89.042,88.9990000000,10.77,11.24,1787566705489,1787566706211,89.171,88.998,,,,,
2026-08-24T10:18:29.533Z,live,snapshot,,,,,88.973,89.01,88.9915000000,0.55,1.61,1787566705489,1787566705974,89.2989,89.0008,88.956,89.042,88.9990000000,10.77,11.24,1787566705489,1787566706211,89.171,88.998,,,,,
2026-08-24T10:18:31.354Z,live,snapshot,,,,,88.973,89.01,88.9915000000,0.55,1.61,1787566705489,1787566705974,89.2989,89.0008,88.956,89.042,88.9990000000,10.77,11.24,1787566705489,1787566706211,89.171,88.998,,,,,
2026-08-24T10:18:32.490Z,live,snapshot,,,,,88.973,89.01,88.9915000000,0.55,1.61,1787566705489,1787566705974,89.2989,89.0008,88.956,89.042,88.9990000000,10.77,11.24,1787566705489,1787566706211,89.17,89.041,,,,,
2026-08-24T10:18:33.516Z,live,snapshot,,,,,88.972,89.01,88.9910000000,1.09,2.29,1787566710883,1787566712490,89.2989,89.0008,88.956,89.042,88.9990000000,10.77,11.24,1787566710883,1787566712995,89.17,89.041,,,,,
2026-08-24T10:18:34.568Z,live,snapshot,,,,,88.972,89.01,88.9910000000,1.09,2.29,1787566710883,1787566712490,89.2989,89.0007,88.956,89.042,88.9990000000,10.77,11.24,1787566710883,1787566712995,89.17,89.041,,,,,
2026-08-24T10:18:35.639Z,live,snapshot,,,,,88.972,89.01,88.9910000000,1.09,2.29,1787566710883,1787566712490,89.2983,88.9999,88.956,89.042,88.9990000000,10.77,11.24,1787566710883,1787566712995,89.17,88.998,,,,,
2026-08-24T10:18:37.402Z,live,snapshot,,,,,88.972,89.01,88.9910000000,1.09,2.29,1787566710883,1787566712490,89.2983,88.9999,88.956,89.042,88.9990000000,10.77,11.24,1787566710883,1787566712995,89.17,88.998,,,,,
2026-08-24T10:18:38.601Z,live,snapshot,,,,,88.953,89.01,88.9815000000,0.8,2.29,1787566716252,1787566718081,89.2983,88.9999,88.956,89.044,89.0000000000,5.72,22.46,1787566716252,1787566718341,89.17,88.998,,,,,
2026-08-24T10:18:39.706Z,live,snapshot,,,,,88.953,89.01,88.9815000000,0.8,2.29,1787566716252,1787566718081,89.2983,88.9995,88.956,89.044,89.0000000000,5.72,22.46,1787566716252,1787566718341,89.17,88.998,,,,,
2026-08-24T10:18:40.759Z,live,snapshot,,,,,88.953,89.01,88.9815000000,0.8,2.29,1787566716252,1787566718081,89.2983,88.9995,88.956,89.044,89.0000000000,5.72,22.46,1787566716252,1787566718341,89.17,88.998,,,,,
2026-08-24T10:18:41.827Z,live,snapshot,,,,,88.953,89.01,88.9815000000,0.8,2.29,1787566716252,1787566718081,89.2977,88.9986,88.956,89.044,89.0000000000,5.72,22.46,1787566716252,1787566718341,89.17,88.998,,,,,
2026-08-24T10:18:43.826Z,live,snapshot,,,,,88.953,89.01,88.9815000000,0.24,2.29,1787566721601,1787566722019,89.2977,88.9986,88.956,89.045,89.0005000000,5.72,8.0,1787566721601,1787566722516,89.17,88.998,,,,,
2026-08-24T10:18:45.068Z,live,snapshot,,,,,88.953,89.01,88.9815000000,0.24,2.29,1787566721601,1787566722019,89.2977,88.9982,88.956,89.045,89.0005000000,5.72,8.0,1787566721601,1787566722516,89.17,88.998,,,,,
2026-08-24T10:18:46.108Z,live,snapshot,,,,,88.953,89.01,88.9815000000,0.24,2.29,1787566721601,1787566722019,89.2977,88.9982,88.956,89.045,89.0005000000,5.72,8.0,1787566721601,1787566722516,89.169,88.997,,,,,
2026-08-24T10:18:47.611Z,live,snapshot,,,,,88.953,89.01,88.9815000000,0.24,2.29,1787566726933,1787566727351,89.2971,88.9973,88.956,89.045,89.0005000000,5.72,8.0,1787566721601,1787566722516,89.169,88.997,,,,,
2026-08-24T10:18:49.812Z,live,snapshot,,,,,88.953,89.01,88.9815000000,0.24,2.29,1787566726933,1787566727351,89.2971,88.9973,88.956,89.045,89.0005000000,5.72,8.0,1787566726933,1787566727611,89.169,88.997,,,,,
2026-08-24T10:18:50.835Z,live,snapshot,,,,,88.953,89.01,88.9815000000,0.24,2.29,1787566726933,1787566727351,89.2966,88.9964,88.956,89.045,89.0005000000,5.72,8.0,1787566726933,1787566727611,89.169,88.997,,,,,
2026-08-24T10:18:51.937Z,live,snapshot,,,,,88.953,89.01,88.9815000000,0.24,2.29,1787566726933,1787566727351,89.2966,88.9964,88.956,89.045,89.0005000000,5.72,8.0,1787566726933,1787566727611,89.169,88.997,,,,,
2026-08-24T10:18:53.138Z,live,snapshot,,,,,88.953,89.01,88.9815000000,0.24,2.29,1787566732038,1787566732544,89.2966,88.9964,88.956,89.045,89.0005000000,5.72,8.0,1787566732038,1787566732797,89.169,88.997,,,,,
2026-08-24T10:18:54.233Z,live,snapshot,,,,,88.953,89.01,88.9815000000,0.24,2.29,1787566732038,1787566732544,89.2966,88.9961,88.956,89.045,89.0005000000,5.72,8.0,1787566732038,1787566732797,89.169,88.997,,,,,
2026-08-24T10:18:56.015Z,live,snapshot,,,,,88.953,89.01,88.9815000000,0.24,2.29,1787566732038,1787566732544,89.2966,88.9961,88.956,89.045,89.0005000000,5.72,8.0,1787566732038,1787566732797,89.169,88.997,,,,,
2026-08-24T10:18:57.063Z,live,snapshot,,,,,88.953,89.01,88.9815000000,0.24,2.29,1787566732038,1787566732544,89.296,88.9952,88.956,89.045,89.0005000000,5.72,8.0,1787566732038,1787566732797,89.169,88.997,,,,,
2026-08-24T10:18:58.580Z,live,snapshot,,,,,88.953,89.01,88.9815000000,0.24,2.29,1787566737498,1787566738312,89.296,88.9952,88.956,89.045,89.0005000000,5.72,8.0,1787566732038,1787566732797,89.169,88.997,,,,,
2026-08-24T10:18:59.830Z,live,snapshot,,,,,88.953,89.01,88.9815000000,0.24,2.29,1787566737498,1787566738312,89.296,88.9952,88.956,89.045,89.0005000000,5.72,8.0,1787566737498,1787566738810,89.168,88.997,,,,,
2026-08-24T10:19:02.084Z,live,snapshot,,,,,88.953,89.01,88.9815000000,0.24,2.29,1787566737498,1787566738312,89.296,88.9949,88.956,89.045,89.0005000000,5.72,8.0,1787566737498,1787566738810,89.168,89.045,,,,,
2026-08-24T10:19:03.087Z,live,snapshot,,,,,88.953,89.01,88.9815000000,0.24,2.29,1787566737498,1787566738312,89.2954,88.9941,88.956,89.045,89.0005000000,5.72,8.0,1787566737498,1787566738810,89.168,89.045,,,,,
2026-08-24T10:19:04.302Z,live,snapshot,,,,,88.953,89.009,88.9810000000,0.24,0.78,1787566742831,1787566743729,89.2954,88.9941,88.954,89.043,88.9985000000,10.77,26.93,1787566742831,1787566744046,89.168,89.045,,,,,
2026-08-24T10:19:05.430Z,live,snapshot,,,,,88.953,89.009,88.9810000000,0.24,0.78,1787566742831,1787566743729,89.2954,88.9941,88.954,89.043,88.9985000000,10.77,26.93,1787566742831,1787566744046,89.168,88.997,,,,,
2026-08-24T10:19:06.650Z,live,snapshot,,,,,88.953,89.009,88.9810000000,0.24,0.78,1787566742831,1787566743729,89.2954,88.9939,88.954,89.043,88.9985000000,10.77,26.93,1787566742831,1787566744046,89.168,88.997,,,,,
2026-08-24T10:19:08.360Z,live,snapshot,,,,,88.953,89.009,88.9810000000,0.24,0.78,1787566742831,1787566743729,89.2954,88.9939,88.954,89.043,88.9985000000,10.77,26.93,1787566742831,1787566744046,89.168,88.996,,,,,
2026-08-24T10:19:09.552Z,live,snapshot,,,,,88.953,89.009,88.9810000000,0.24,0.78,1787566742831,1787566743729,89.2948,88.993,88.954,89.043,88.9985000000,10.77,26.93,1787566742831,1787566744046,89.168,88.996,,,,,
2026-08-24T10:19:10.802Z,live,snapshot,,,,,88.953,89.009,88.9810000000,0.24,1.73,1787566748229,1787566749553,89.2948,88.993,88.954,89.042,88.9980000000,10.77,11.24,1787566748229,1787566749804,89.168,88.996,,,,,
2026-08-24T10:19:11.865Z,live,snapshot,,,,,88.953,89.009,88.9810000000,0.24,1.73,1787566748229,1787566749553,89.2942,88.9922,88.954,89.042,88.9980000000,10.77,11.24,1787566748229,1787566749804,89.168,88.996,,,,,
2026-08-24T10:19:14.483Z,live,snapshot,,,,,88.953,89.009,88.9810000000,0.24,1.73,1787566748229,1787566749553,89.2942,88.9922,88.954,89.042,88.9980000000,10.77,11.24,1787566748229,1787566749804,89.167,88.996,,,,,
2026-08-24T10:19:15.642Z,live,snapshot,,,,,88.946,89.002,88.9740000000,0.17,0.79,1787566753584,1787566755125,89.2942,88.9922,88.954,89.04,88.9970000000,10.36,22.46,1787566753584,1787566755387,89.167,88.996,,,,,
2026-08-24T10:19:16.666Z,live,snapshot,,,,,88.946,89.002,88.9740000000,0.17,0.79,1787566753584,1787566755125,89.2942,88.992,88.954,89.04,88.9970000000,10.36,22.46,1787566753584,1787566755387,89.167,88.996,,,,,
2026-08-24T10:19:17.675Z,live,snapshot,,,,,88.946,89.002,88.9740000000,0.17,0.79,1787566753584,1787566755125,89.2942,88.992,88.954,89.04,88.9970000000,10.36,22.46,1787566753584,1787566755387,89.167,88.996,,,,,
2026-08-24T10:19:18.725Z,live,snapshot,,,,,88.946,89.002,88.9740000000,0.17,0.79,1787566753584,1787566755125,89.2937,88.9911,88.954,89.04,88.9970000000,10.36,22.46,1787566753584,1787566755387,89.167,88.996,,,,,
2026-08-24T10:19:20.873Z,live,snapshot,,,,,88.953,89.002,88.9775000000,0.8,0.95,1787566759052,1787566759627,89.2937,88.9911,88.954,89.04,88.9970000000,10.36,22.46,1787566753584,1787566755387,89.167,88.996,,,,,
2026-08-24T10:19:21.910Z,live,snapshot,,,,,88.953,89.002,88.9775000000,0.8,0.95,1787566759052,1787566759627,89.2937,88.9907,88.955,89.045,89.0000000000,2.01,4.02,1787566759052,1787566761118,89.167,88.996,,,,,
2026-08-24T10:19:22.941Z,live,snapshot,,,,,88.953,89.002,88.9775000000,0.8,0.95,1787566759052,1787566759627,89.2937,88.9907,88.955,89.045,89.0000000000,2.01,4.02,1787566759052,1787566761118,89.167,88.996,,,,,
2026-08-24T10:19:24.247Z,live,snapshot,,,,,88.953,89.002,88.9775000000,0.8,0.95,1787566759052,1787566759627,89.2931,88.9898,88.955,89.045,89.0000000000,2.01,4.02,1787566759052,1787566761118,89.167,88.996,,,,,
2026-08-24T10:19:25.289Z,live,snapshot,,,,,88.953,89.002,88.9775000000,0.8,0.95,1787566759052,1787566759627,89.2931,88.9898,88.955,89.045,89.0000000000,2.01,4.02,1787566759052,1787566761118,89.167,88.996,,,,,
2026-08-24T10:19:26.931Z,live,snapshot,,,,,88.953,89.002,88.9775000000,0.8,0.95,1787566764299,1787566765289,89.2931,88.9898,88.955,89.045,89.0000000000,2.01,4.02,1787566764299,1787566765634,89.167,88.996,,,,,
2026-08-24T10:19:28.272Z,live,snapshot,,,,,88.953,89.002,88.9775000000,0.8,0.95,1787566764299,1787566765289,89.2931,88.9896,88.955,89.045,89.0000000000,2.01,4.02,1787566764299,1787566765634,89.167,88.996,,,,,
2026-08-24T10:19:29.285Z,live,snapshot,,,,,88.953,89.002,88.9775000000,0.8,0.95,1787566764299,1787566765289,89.2925,88.9888,88.955,89.045,89.0000000000,2.01,4.02,1787566764299,1787566765634,89.166,88.995,,,,,
2026-08-24T10:19:30.470Z,live,snapshot,,,,,88.953,89.002,88.9775000000,0.8,2.29,1787566769679,1787566770162,89.2925,88.9888,88.955,89.045,89.0000000000,2.01,4.02,1787566764299,1787566765634,89.166,88.995,,,,,
2026-08-24T10:19:32.867Z,live,snapshot,,,,,88.953,89.002,88.9775000000,0.8,2.29,1787566769679,1787566770162,89.2925,88.9888,88.955,89.045,89.0000000000,2.01,4.02,1787566769679,1787566770470,89.166,89.044,,,,,
2026-08-24T10:19:33.880Z,live,snapshot,,,,,88.953,89.002,88.9775000000,0.8,2.29,1787566769679,1787566770162,89.2925,88.9886,88.955,89.045,89.0000000000,2.01,4.02,1787566769679,1787566770470,89.166,89.044,,,,,
2026-08-24T10:19:35.056Z,live,snapshot,,,,,88.953,89.002,88.9775000000,0.8,2.29,1787566769679,1787566770162,89.2925,88.9886,88.955,89.045,89.0000000000,2.01,4.02,1787566769679,1787566770470,89.166,89.044,,,,,
2026-08-24T10:19:36.258Z,live,snapshot,,,,,88.953,89.002,88.9775000000,0.8,2.29,1787566775014,1787566775642,89.2919,88.9878,88.954,89.048,89.0010000000,7.48,11.27,1787566775014,1787566776005,89.166,89.044,,,,,
2026-08-24T10:19:37.393Z,live,snapshot,,,,,88.953,89.002,88.9775000000,0.8,2.29,1787566775014,1787566775642,89.2919,88.9878,88.954,89.048,89.0010000000,7.48,11.27,1787566775014,1787566776005,89.166,88.995,,,,,
2026-08-24T10:19:39.035Z,live,snapshot,,,,,88.953,89.002,88.9775000000,0.8,2.29,1787566775014,1787566775642,89.2919,88.9878,88.954,89.048,89.0010000000,7.48,11.27,1787566775014,1787566776005,89.166,88.995,,,,,
2026-08-24T10:19:40.295Z,live,snapshot,,,,,88.953,89.002,88.9775000000,0.8,2.29,1787566775014,1787566775642,89.2914,88.987,88.954,89.048,89.0010000000,7.48,11.27,1787566775014,1787566776005,89.166,88.995,,,,,
2026-08-24T10:19:41.347Z,live,snapshot,,,,,88.953,89.002,88.9775000000,0.24,2.29,1787566780435,1787566780856,89.2914,88.987,88.956,89.048,89.0020000000,2.78,4.34,1787566780435,1787566781092,89.166,88.995,,,,,
2026-08-24T10:19:42.362Z,live,snapshot,,,,,88.953,89.002,88.9775000000,0.24,2.29,1787566780435,1787566780856,89.2914,88.9868,88.956,89.048,89.0020000000,2.78,4.34,1787566780435,1787566781092,89.166,88.995,,,,,
2026-08-24T10:19:43.577Z,live,snapshot,,,,,88.953,89.002,88.9775000000,0.24,2.29,1787566780435,1787566780856,89.2914,88.9868,88.956,89.048,89.0020000000,2.78,4.34,1787566780435,1787566781092,89.165,88.995,,,,,
2026-08-24T10:19:45.258Z,live,snapshot,,,,,88.953,89.002,88.9775000000,0.24,2.29,1787566780435,1787566780856,89.2914,88.9868,88.956,89.048,89.0020000000,2.78,4.34,1787566780435,1787566781092,89.165,88.995,,,,,
2026-08-24T10:19:46.451Z,live,snapshot,,,,,88.953,89.002,88.9775000000,0.24,2.29,1787566780435,1787566780856,89.2908,88.986,88.956,89.048,89.0020000000,2.78,4.34,1787566780435,1787566781092,89.165,88.995,,,,,
2026-08-24T10:19:47.493Z,live,snapshot,,,,,88.953,89.002,88.9775000000,0.24,2.29,1787566785827,1787566786952,89.2908,88.986,88.956,89.048,89.0020000000,2.78,4.34,1787566785827,1787566787242,89.165,88.995,,,,,
2026-08-24T10:19:48.903Z,live,snapshot,,,,,88.953,89.002,88.9775000000,0.24,2.29,1787566785827,1787566786952,89.2908,88.9859,88.956,89.048,89.0020000000,2.78,4.34,1787566785827,1787566787242,89.165,88.995,,,,,
2026-08-24T10:19:51.483Z,live,snapshot,,,,,88.953,89.002,88.9775000000,0.24,2.29,1787566785827,1787566786952,89.2908,88.9859,88.956,89.048,89.0020000000,2.78,4.34,1787566785827,1787566787242,89.165,88.995,,,,,
2026-08-24T10:19:52.583Z,live,snapshot,,,,,88.953,89.002,88.9775000000,0.24,2.29,1787566785827,1787566786952,89.2902,88.9852,88.956,89.048,89.0020000000,2.78,4.34,1787566785827,1787566787242,89.165,88.995,,,,,
2026-08-24T10:19:53.631Z,live,snapshot,,,,,88.953,89.002,88.9775000000,0.24,2.73,1787566791267,1787566792583,89.2902,88.9852,88.956,89.048,89.0020000000,2.78,4.34,1787566791267,1787566792872,89.165,88.995,,,,,
2026-08-24T10:19:54.880Z,live,snapshot,,,,,88.953,89.002,88.9775000000,0.24,2.73,1787566791267,1787566792583,89.2902,88.985,88.956,89.048,89.0020000000,2.78,4.34,1787566791267,1787566792872,89.165,88.995,,,,,
2026-08-24T10:19:57.504Z,live,snapshot,,,,,88.953,89.002,88.9775000000,0.24,2.73,1787566791267,1787566792583,89.2902,88.985,88.956,89.048,89.0020000000,2.78,4.34,1787566791267,1787566792872,89.165,88.995,,,,,
2026-08-24T10:19:58.646Z,live,snapshot,,,,,88.953,89.002,88.9775000000,0.24,2.73,1787566796523,1787566798012,89.2897,88.9843,88.956,89.048,89.0020000000,2.78,4.34,1787566796523,1787566798274,89.165,88.995,,,,,
2026-08-24T10:19:59.710Z,live,snapshot,,,,,88.953,89.002,88.9775000000,0.24,2.73,1787566796523,1787566798012,89.2897,88.9843,88.956,89.048,89.0020000000,2.78,4.34,1787566796523,1787566798274,89.165,88.995,,,,,
2026-08-24T10:20:00.838Z,live,snapshot,,,,,88.953,89.002,88.9775000000,0.24,2.73,1787566796523,1787566798012,89.2891,88.9836,88.956,89.048,89.0020000000,2.78,4.34,1787566796523,1787566798274,89.164,89.048,,,,,
2026-08-24T10:20:01.970Z,live,snapshot,,,,,88.953,89.002,88.9775000000,0.24,2.73,1787566796523,1787566798012,89.2891,88.9834,88.956,89.048,89.0020000000,2.78,4.34,1787566796523,1787566798274,89.164,89.048,,,,,
2026-08-24T10:20:03.412Z,live,snapshot,,,,,88.95,89.002,88.9760000000,0.16,2.59,1787566801839,1787566802281,89.2891,88.9834,88.956,89.048,89.0020000000,2.78,4.34,1787566796523,1787566798274,89.164,89.048,,,,,
2026-08-24T10:20:04.646Z,live,snapshot,,,,,88.95,89.002,88.9760000000,0.16,2.59,1787566801839,1787566802281,89.2891,88.9834,88.958,89.048,89.0030000000,0.47,4.32,1787566801839,1787566804105,89.164,89.048,,,,,
2026-08-24T10:20:05.732Z,live,snapshot,,,,,88.95,89.002,88.9760000000,0.16,2.59,1787566801839,1787566802281,89.2891,88.9834,88.958,89.048,89.0030000000,0.47,4.32,1787566801839,1787566804105,89.164,89.048,,,,,
2026-08-24T10:20:06.912Z,live,snapshot,,,,,88.95,89.002,88.9760000000,0.16,2.59,1787566801839,1787566802281,89.2885,88.9827,88.958,89.048,89.0030000000,0.47,4.32,1787566801839,1787566804105,89.164,89.048,,,,,
2026-08-24T10:20:08.022Z,live,snapshot,,,,,88.95,89.002,88.9760000000,0.16,2.59,1787566801839,1787566802281,89.2885,88.9826,88.958,89.048,89.0030000000,0.47,4.32,1787566801839,1787566804105,89.164,89.047,,,,,
2026-08-24T10:20:09.484Z,live,snapshot,,,,,88.95,89.002,88.9760000000,0.16,2.59,1787566807172,1787566808022,89.2885,88.9826,88.957,89.047,89.0020000000,4.02,0.51,1787566807172,1787566808295,89.164,89.047,,,,,
2026-08-24T10:20:10.729Z,live,snapshot,,,,,88.95,89.002,88.9760000000,0.16,2.59,1787566807172,1787566808022,89.2885,88.9826,88.957,89.047,89.0020000000,4.02,0.51,1787566807172,1787566808295,89.164,89.047,,,,,
2026-08-24T10:20:11.797Z,live,snapshot,,,,,88.95,89.002,88.9760000000,0.16,2.59,1787566807172,1787566808022,89.288,88.9819,88.957,89.047,89.0020000000,4.02,0.51,1787566807172,1787566808295,89.164,89.047,,,,,
2026-08-24T10:20:12.804Z,live,snapshot,,,,,88.95,89.002,88.9760000000,0.16,2.59,1787566807172,1787566808022,89.288,88.9819,88.957,89.047,89.0020000000,4.02,0.51,1787566807172,1787566808295,89.164,88.995,,,,,
2026-08-24T10:20:14.183Z,live,snapshot,,,,,88.945,89.001,88.9730000000,20.1,0.8,1787566812589,1787566813054,89.288,88.9819,88.957,89.047,89.0020000000,3.55,0.51,1787566812589,1787566813309,89.164,88.995,,,,,
2026-08-24T10:20:15.623Z,live,snapshot,,,,,88.945,89.001,88.9730000000,20.1,0.8,1787566812589,1787566813054,89.288,88.9818,88.957,89.047,89.0020000000,3.55,0.51,1787566812589,1787566813309,89.164,88.995,,,,,
2026-08-24T10:20:17.111Z,live,snapshot,,,,,88.945,89.001,88.9730000000,20.1,0.8,1787566812589,1787566813054,89.288,88.9818,88.957,89.047,89.0020000000,3.55,0.51,1787566812589,1787566813309,89.164,88.995,,,,,
2026-08-24T10:20:18.211Z,live,snapshot,,,,,88.945,89.001,88.9730000000,20.1,0.8,1787566812589,1787566813054,89.2874,88.981,88.957,89.047,89.0020000000,3.55,0.51,1787566812589,1787566813309,89.164,88.995,,,,,
2026-08-24T10:20:19.280Z,live,snapshot,,,,,88.945,89.001,88.9730000000,20.1,0.8,1787566818087,1787566819024,89.2874,88.981,88.957,89.047,89.0020000000,3.55,0.51,1787566812589,1787566813309,89.164,88.995,,,,,
2026-08-24T10:20:20.337Z,live,snapshot,,,,,88.945,89.001,88.9730000000,20.1,0.8,1787566818087,1787566819024,89.2874,88.981,88.957,89.048,89.0025000000,3.55,4.32,1787566818087,1787566819569,89.163,88.995,,,,,
2026-08-24T10:20:21.779Z,live,snapshot,,,,,88.945,89.001,88.9730000000,20.1,0.8,1787566818087,1787566819024,89.2874,88.9808,88.957,89.048,89.0025000000,3.55,4.32,1787566818087,1787566819569,89.163,88.995,,,,,
2026-08-24T10:20:22.808Z,live,snapshot,,,,,88.945,89.001,88.9730000000,20.1,0.8,1787566818087,1787566819024,89.2874,88.9808,88.957,89.048,89.0025000000,3.55,4.32,1787566818087,1787566819569,89.163,88.995,,,,,
2026-08-24T10:20:24.284Z,live,snapshot,,,,,88.945,89.001,88.9730000000,20.1,0.8,1787566818087,1787566819024,89.2869,88.9801,88.957,89.048,89.0025000000,3.55,4.32,1787566818087,1787566819569,89.163,88.995,,,,,
2026-08-24T10:20:25.289Z,live,snapshot,,,,,88.945,89.001,88.9730000000,20.1,4.2,1787566823390,1787566824540,89.2869,88.9801,88.957,89.044,89.0005000000,3.55,33.7,1787566823390,1787566824776,89.163,88.995,,,,,
2026-08-24T10:20:26.553Z,live,snapshot,,,,,88.945,89.001,88.9730000000,20.1,4.2,1787566823390,1787566824540,89.2869,88.9801,88.957,89.044,89.0005000000,3.55,33.7,1787566823390,1787566824776,89.163,88.995,,,,,
2026-08-24T10:20:28.081Z,live,snapshot,,,,,88.945,89.001,88.9730000000,20.1,4.2,1787566823390,1787566824540,89.2863,88.9794,88.957,89.044,89.0005000000,3.55,33.7,1787566823390,1787566824776,89.163,88.995,,,,,
2026-08-24T10:20:29.553Z,live,snapshot,,,,,88.945,89.001,88.9730000000,20.1,4.2,1787566823390,1787566824540,89.2863,88.9794,88.957,89.044,89.0005000000,3.55,33.7,1787566823390,1787566824776,89.163,88.995,,,,,
2026-08-24T10:20:30.561Z,live,snapshot,,,,,88.945,89.001,88.9730000000,20.1,5.54,1787566828762,1787566830050,89.2863,88.9793,88.957,89.044,89.0005000000,3.55,11.24,1787566828762,1787566830326,89.163,88.995,,,,,
2026-08-24T10:20:31.810Z,live,snapshot,,,,,88.945,89.001,88.9730000000,20.1,5.54,1787566828762,1787566830050,89.2863,88.9793,88.957,89.044,89.0005000000,3.55,11.24,1787566828762,1787566830326,89.163,89.044,,,,,
2026-08-24T10:20:34.173Z,live,snapshot,,,,,88.945,89.001,88.9730000000,20.1,5.54,1787566828762,1787566830050,89.2857,88.9786,88.957,89.044,89.0005000000,3.55,11.24,1787566828762,1787566830326,89.163,89.044,,,,,
2026-08-24T10:20:35.182Z,live,snapshot,,,,,88.945,89.001,88.9730000000,20.1,5.54,1787566828762,1787566830050,89.2857,88.9786,88.957,89.044,89.0005000000,3.55,11.24,1787566828762,1787566830326,89.162,89.044,,,,,
2026-08-24T10:20:36.302Z,live,snapshot,,,,,88.945,89.001,88.9730000000,20.1,4.74,1787566834219,1787566835182,89.2857,88.9785,88.957,89.045,89.0010000000,3.55,4.02,1787566834219,1787566835452,89.162,89.044,,,,,
2026-08-24T10:20:37.309Z,live,snapshot,,,,,88.945,89.001,88.9730000000,20.1,4.74,1787566834219,1787566835182,89.2857,88.9785,88.957,89.045,89.0010000000,3.55,4.02,1787566834219,1787566835452,89.162,89.044,,,,,
2026-08-24T10:20:38.543Z,live,snapshot,,,,,88.945,89.001,88.9730000000,20.1,4.74,1787566834219,1787566835182,89.2852,88.9778,88.957,89.045,89.0010000000,3.55,4.02,1787566834219,1787566835452,89.162,89.044,,,,,
2026-08-24T10:20:40.370Z,live,snapshot,,,,,88.945,89.001,88.9730000000,20.1,4.74,1787566834219,1787566835182,89.2852,88.9778,88.957,89.045,89.0010000000,3.55,4.02,1787566834219,1787566835452,89.162,89.044,,,,,
2026-08-24T10:20:41.432Z,live,snapshot,,,,,88.945,89.001,88.9730000000,20.1,4.74,1787566839589,1787566840876,89.2852,88.9778,88.957,89.048,89.0025000000,3.55,4.32,1787566839589,1787566841131,89.162,89.044,,,,,
2026-08-24T10:20:42.479Z,live,snapshot,,,,,88.945,89.001,88.9730000000,20.1,4.74,1787566839589,1787566840876,89.2852,88.9777,88.957,89.048,89.0025000000,3.55,4.32,1787566839589,1787566841131,89.162,89.044,,,,,
2026-08-24T10:20:43.706Z,live,snapshot,,,,,88.945,89.001,88.9730000000,20.1,4.74,1787566839589,1787566840876,89.2852,88.9777,88.957,89.048,89.0025000000,3.55,4.32,1787566839589,1787566841131,89.162,88.994,,,,,
2026-08-24T10:20:46.372Z,live,snapshot,,,,,88.945,89.001,88.9730000000,20.1,4.74,1787566839589,1787566840876,89.2846,88.9771,88.957,89.048,89.0025000000,3.55,4.32,1787566839589,1787566841131,89.162,88.994,,,,,
2026-08-24T10:20:47.477Z,live,snapshot,,,,,88.945,89.001,88.9730000000,19.55,4.74,1787566844991,1787566846899,89.2846,88.9771,88.958,89.048,89.0030000000,1.38,4.32,1787566844991,1787566847206,89.162,88.994,,,,,
2026-08-24T10:20:48.481Z,live,snapshot,,,,,88.945,89.001,88.9730000000,19.55,4.74,1787566844991,1787566846899,89.2846,88.977,88.958,89.048,89.0030000000,1.38,4.32,1787566844991,1787566847206,89.162,88.994,,,,,
2026-08-24T10:20:49.532Z,live,snapshot,,,,,88.945,89.001,88.9730000000,19.55,4.74,1787566844991,1787566846899,89.2846,88.977,88.958,89.048,89.0030000000,1.38,4.32,1787566844991,1787566847206,89.161,88.994,,,,,
2026-08-24T10:20:50.622Z,live,snapshot,,,,,88.945,89.001,88.9730000000,19.55,4.74,1787566844991,1787566846899,89.2846,88.977,88.958,89.048,89.0030000000,1.38,4.32,1787566844991,1787566847206,89.161,88.994,,,,,
2026-08-24T10:20:52.516Z,live,snapshot,,,,,88.942,88.991,88.9665000000,25.61,0.8,1787566850374,1787566850875,89.2841,88.9764,88.952,89.024,88.9880000000,0.14,4.02,1787566850374,1787566851374,89.161,88.994,,,,,
2026-08-24T10:20:53.540Z,live,snapshot,,,,,88.942,88.991,88.9665000000,25.61,0.8,1787566850374,1787566850875,89.2841,88.9764,88.952,89.024,88.9880000000,0.14,4.02,1787566850374,1787566851374,89.161,88.994,,,,,
2026-08-24T10:20:54.711Z,live,snapshot,,,,,88.942,88.991,88.9665000000,25.61,0.8,1787566850374,1787566850875,89.2835,88.9757,88.952,89.024,88.9880000000,0.14,4.02,1787566850374,1787566851374,89.161,88.994,,,,,
2026-08-24T10:20:55.840Z,live,snapshot,,,,,88.942,88.991,88.9665000000,25.61,0.8,1787566850374,1787566850875,89.2835,88.9757,88.952,89.024,88.9880000000,0.14,4.02,1787566850374,1787566851374,89.161,88.994,,,,,
2026-08-24T10:20:56.989Z,live,snapshot,,,,,88.942,88.991,88.9665000000,25.61,0.8,1787566855770,1787566856220,89.2835,88.9757,88.952,89.022,88.9870000000,0.14,22.47,1787566855770,1787566856471,89.161,88.994,,,,,
2026-08-24T10:20:58.647Z,live,snapshot,,,,,88.942,88.991,88.9665000000,25.61,0.8,1787566855770,1787566856220,89.2835,88.9756,88.952,89.022,88.9870000000,0.14,22.47,1787566855770,1787566856471,89.161,88.993,,,,,
2026-08-24T10:20:59.701Z,live,snapshot,,,,,88.942,88.991,88.9665000000,25.61,0.8,1787566855770,1787566856220,89.283,88.9748,88.952,89.022,88.9870000000,0.14,22.47,1787566855770,1787566856471,89.161,88.993,,,,,
2026-08-24T10:21:00.782Z,live,snapshot,,,,,88.942,88.991,88.9665000000,25.61,0.8,1787566855770,1787566856220,89.283,88.9748,88.952,89.022,88.9870000000,0.14,22.47,1787566855770,1787566856471,89.161,89.023,,,,,
2026-08-24T10:21:01.794Z,live,snapshot,,,,,88.942,88.991,88.9665000000,25.61,2.95,1787566860800,1787566861283,89.283,88.9748,88.952,89.024,88.9880000000,0.14,4.02,1787566860800,1787566861540,89.161,89.023,,,,,
2026-08-24T10:21:02.866Z,live,snapshot,,,,,88.942,88.991,88.9665000000,25.61,2.95,1787566860800,1787566861283,89.283,88.9746,88.952,89.024,88.9880000000,0.14,4.02,1787566860800,1787566861540,89.161,89.023,,,,,
2026-08-24T10:21:05.053Z,live,snapshot,,,,,88.942,88.991,88.9665000000,25.61,2.95,1787566860800,1787566861283,89.283,88.9746,88.952,89.024,88.9880000000,0.14,4.02,1787566860800,1787566861540,89.16,89.023,,,,,
2026-08-24T10:21:06.130Z,live,snapshot,,,,,88.942,88.991,88.9665000000,25.61,2.95,1787566860800,1787566861283,89.2824,88.9739,88.952,89.024,88.9880000000,0.14,4.02,1787566860800,1787566861540,89.16,89.023,,,,,
2026-08-24T10:21:07.286Z,live,snapshot,,,,,88.942,88.991,88.9665000000,5.61,4.29,1787566866240,1787566866757,89.2824,88.9739,88.95,89.024,88.9870000000,0.13,4.02,1787566866240,1787566867030,89.16,89.023,,,,,
2026-08-24T10:21:08.528Z,live,snapshot,,,,,88.942,88.991,88.9665000000,5.61,4.29,1787566866240,1787566866757,89.2824,88.9738,88.95,89.024,88.9870000000,0.13,4.02,1787566866240,1787566867030,89.16,89.023,,,,,
2026-08-24T10:21:09.746Z,live,snapshot,,,,,88.942,88.991,88.9665000000,5.61,4.29,1787566866240,1787566866757,89.2824,88.9738,88.95,89.024,88.9870000000,0.13,4.02,1787566866240,1787566867030,89.16,89.023,,,,,
2026-08-24T10:21:11.440Z,live,snapshot,,,,,88.942,88.991,88.9665000000,5.61,4.29,1787566866240,1787566866757,89.2824,88.9738,88.95,89.024,88.9870000000,0.13,4.02,1787566866240,1787566867030,89.16,89.023,,,,,
2026-08-24T10:21:12.485Z,live,snapshot,,,,,88.942,88.991,88.9665000000,5.61,4.29,1787566866240,1787566866757,89.2819,88.9731,88.95,89.024,88.9870000000,0.13,4.02,1787566866240,1787566867030,89.16,89.023,,,,,
2026-08-24T10:21:13.507Z,live,snapshot,,,,,88.942,88.983,88.9625000000,5.05,0.8,1787566871700,1787566872734,89.2819,88.9731,88.934,89.031,88.9825000000,6.89,0.52,1787566871700,1787566872994,89.16,88.992,,,,,
2026-08-24T10:21:14.743Z,live,snapshot,,,,,88.942,88.983,88.9625000000,5.05,0.8,1787566871700,1787566872734,89.2819,88.9729,88.934,89.031,88.9825000000,6.89,0.52,1787566871700,1787566872994,89.16,88.992,,,,,
2026-08-24T10:21:16.147Z,live,snapshot,,,,,88.942,88.983,88.9625000000,5.05,0.8,1787566871700,1787566872734,89.2819,88.9729,88.934,89.031,88.9825000000,6.89,0.52,1787566871700,1787566872994,89.16,88.992,,,,,
2026-08-24T10:21:18.025Z,live,snapshot,,,,,88.942,88.983,88.9625000000,5.05,0.8,1787566871700,1787566872734,89.2819,88.9729,88.934,89.031,88.9825000000,6.89,0.52,1787566871700,1787566872994,89.16,88.992,,,,,
2026-08-24T10:21:19.071Z,live,snapshot,,,,,88.942,88.959,88.9505000000,0.76,0.8,1787566877245,1787566878527,89.2813,88.9721,88.898,88.995,88.9465000000,7.8,0.51,1787566877245,1787566878815,89.16,88.992,,,,,
2026-08-24T10:21:20.106Z,live,snapshot,,,,,88.942,88.959,88.9505000000,0.76,0.8,1787566877245,1787566878527,89.2813,88.9721,88.898,88.995,88.9465000000,7.8,0.51,1787566877245,1787566878815,89.159,88.991,,,,,
2026-08-24T10:21:21.343Z,live,snapshot,,,,,88.942,88.959,88.9505000000,0.76,0.8,1787566877245,1787566878527,89.2807,88.9712,88.898,88.995,88.9465000000,7.8,0.51,1787566877245,1787566878815,89.159,88.991,,,,,
2026-08-24T10:21:22.522Z,live,snapshot,,,,,88.942,88.959,88.9505000000,0.76,0.8,1787566877245,1787566878527,89.2807,88.9712,88.898,88.995,88.9465000000,7.8,0.51,1787566877245,1787566878815,89.159,88.989,,,,,
2026-08-24T10:21:24.659Z,live,snapshot,,,,,88.903,88.92,88.9115000000,0.41,0.8,1787566882528,1787566882961,89.2807,88.9712,88.898,88.995,88.9465000000,7.8,0.51,1787566877245,1787566878815,89.159,88.989,,,,,
2026-08-24T10:21:25.703Z,live,snapshot,,,,,88.903,88.92,88.9115000000,0.41,0.8,1787566882528,1787566882961,89.2807,88.9704,88.834,88.931,88.8825000000,2.0,11.77,1787566882528,1787566884903,89.159,88.989,,,,,
2026-08-24T10:21:26.723Z,live,snapshot,,,,,88.903,88.92,88.9115000000,0.41,0.8,1787566882528,1787566882961,89.2807,88.9704,88.834,88.931,88.8825000000,2.0,11.77,1787566882528,1787566884903,89.159,88.986,,,,,
2026-08-24T10:21:27.730Z,live,snapshot,,,,,88.903,88.92,88.9115000000,0.41,0.8,1787566882528,1787566882961,89.2801,88.9687,88.834,88.931,88.8825000000,2.0,11.77,1787566882528,1787566884903,89.159,88.986,,,,,
2026-08-24T10:21:28.849Z,live,snapshot,,,,,88.869,88.929,88.8990000000,5.62,2.15,1787566887849,1787566888592,89.2801,88.9687,88.834,88.931,88.8825000000,2.0,11.77,1787566882528,1787566884903,89.158,88.984,,,,,
2026-08-24T10:21:30.737Z,live,snapshot,,,,,88.869,88.929,88.8990000000,5.62,2.15,1787566887849,1787566888592,89.2801,88.9687,88.834,88.932,88.8830000000,7.0,4.02,1787566887849,1787566888849,89.158,88.984,,,,,
2026-08-24T10:21:32.027Z,live,snapshot,,,,,88.869,88.929,88.8990000000,5.62,2.15,1787566887849,1787566888592,89.2801,88.9675,88.834,88.932,88.8830000000,7.0,4.02,1787566887849,1787566888849,89.158,88.982,,,,,
2026-08-24T10:21:33.553Z,live,snapshot,,,,,88.869,88.929,88.8990000000,5.62,2.15,1787566887849,1787566888592,89.2795,88.9656,88.834,88.932,88.8830000000,7.0,4.02,1787566887849,1787566888849,89.158,88.982,,,,,
2026-08-24T10:21:34.783Z,live,snapshot,,,,,88.872,88.929,88.9005000000,0.75,3.49,1787566893365,1787566894257,89.2795,88.9656,88.883,88.932,88.9075000000,76.43,4.01,1787566893365,1787566894530,89.158,88.982,,,,,
2026-08-24T10:21:36.800Z,live,snapshot,,,,,88.872,88.929,88.9005000000,0.75,3.49,1787566893365,1787566894257,89.2795,88.9643,88.883,88.932,88.9075000000,76.43,4.01,1787566893365,1787566894530,89.158,88.979,,,,,
2026-08-24T10:21:37.864Z,live,snapshot,,,,,88.872,88.929,88.9005000000,0.75,3.49,1787566893365,1787566894257,89.2795,88.9643,88.883,88.932,88.9075000000,76.43,4.01,1787566893365,1787566894530,89.157,88.977,,,,,
2026-08-24T10:21:38.939Z,live,snapshot,,,,,88.872,88.929,88.9005000000,0.75,3.49,1787566893365,1787566894257,89.2789,88.9623,88.883,88.932,88.9075000000,76.43,4.01,1787566893365,1787566894530,89.157,88.977,,,,,
2026-08-24T10:21:40.107Z,live,snapshot,,,,,88.872,88.929,88.9005000000,20.75,4.74,1787566898741,1787566899360,89.2789,88.9623,88.883,88.932,88.9075000000,76.43,4.01,1787566898741,1787566899854,89.157,88.977,,,,,
2026-08-24T10:21:41.374Z,live,snapshot,,,,,88.872,88.929,88.9005000000,20.75,4.74,1787566898741,1787566899360,89.2789,88.9611,88.883,88.932,88.9075000000,76.43,4.01,1787566898741,1787566899854,89.157,88.976,,,,,
2026-08-24T10:21:42.942Z,live,snapshot,,,,,88.872,88.929,88.9005000000,20.75,4.74,1787566898741,1787566899360,89.2789,88.9611,88.883,88.932,88.9075000000,76.43,4.01,1787566898741,1787566899854,89.157,88.976,,,,,
2026-08-24T10:21:43.980Z,live,snapshot,,,,,88.872,88.929,88.9005000000,20.75,4.74,1787566898741,1787566899360,89.2789,88.9611,88.883,88.932,88.9075000000,76.43,4.01,1787566898741,1787566899854,89.156,88.974,,,,,
2026-08-24T10:21:45.058Z,live,snapshot,,,,,88.872,88.929,88.9005000000,20.75,4.74,1787566898741,1787566899360,89.2783,88.9593,88.883,88.932,88.9075000000,76.43,4.01,1787566898741,1787566899854,89.156,88.974,,,,,
2026-08-24T10:21:46.060Z,live,snapshot,,,,,88.872,88.929,88.9005000000,20.2,4.74,1787566904142,1787566905058,89.2783,88.9593,88.883,88.93,88.9065000000,75.7,33.73,1787566904142,1787566905555,89.156,88.972,,,,,
2026-08-24T10:21:47.736Z,live,snapshot,,,,,88.872,88.929,88.9005000000,20.2,4.74,1787566904142,1787566905058,89.2777,88.9575,88.883,88.93,88.9065000000,75.7,33.73,1787566904142,1787566905555,89.156,88.972,,,,,
2026-08-24T10:21:49.157Z,live,snapshot,,,,,88.872,88.929,88.9005000000,20.2,4.74,1787566904142,1787566905058,89.2777,88.9575,88.883,88.93,88.9065000000,75.7,33.73,1787566904142,1787566905555,89.156,88.972,,,,,
2026-08-24T10:21:50.680Z,live,snapshot,,,,,88.872,88.929,88.9005000000,20.2,4.74,1787566904142,1787566905058,89.2777,88.9564,88.883,88.93,88.9065000000,75.7,33.73,1787566904142,1787566905555,89.156,88.971,,,,,
2026-08-24T10:21:51.712Z,live,snapshot,,,,,88.872,88.929,88.9005000000,20.2,4.74,1787566909667,1787566910680,89.2777,88.9564,88.883,88.93,88.9065000000,73.06,11.24,1787566909667,1787566910936,89.156,88.971,,,,,
2026-08-24T10:21:53.046Z,live,snapshot,,,,,88.872,88.929,88.9005000000,20.2,4.74,1787566909667,1787566910680,89.2777,88.9564,88.883,88.93,88.9065000000,73.06,11.24,1787566909667,1787566910936,89.155,88.969,,,,,
2026-08-24T10:21:54.142Z,live,snapshot,,,,,88.872,88.929,88.9005000000,20.2,4.74,1787566909667,1787566910680,89.2771,88.9546,88.883,88.93,88.9065000000,73.06,11.24,1787566909667,1787566910936,89.155,88.969,,,,,
2026-08-24T10:21:55.363Z,live,snapshot,,,,,88.872,88.929,88.9005000000,20.2,4.74,1787566909667,1787566910680,89.2771,88.9546,88.883,88.93,88.9065000000,73.06,11.24,1787566909667,1787566910936,89.155,88.969,,,,,
2026-08-24T10:21:56.555Z,live,snapshot,,,,,88.896,88.929,88.9125000000,0.77,4.86,1787566915061,1787566916287,89.2771,88.9546,88.883,88.93,88.9065000000,73.06,11.24,1787566909667,1787566910936,89.155,88.967,,,,,
2026-08-24T10:21:57.636Z,live,snapshot,,,,,88.896,88.929,88.9125000000,0.77,4.86,1787566915061,1787566916287,89.2771,88.9535,88.883,88.93,88.9065000000,73.06,9.56,1787566915061,1787566916555,89.155,88.967,,,,,
2026-08-24T10:21:58.770Z,live,snapshot,,,,,88.896,88.929,88.9125000000,0.77,4.86,1787566915061,1787566916287,89.2771,88.9535,88.883,88.93,88.9065000000,73.06,9.56,1787566915061,1787566916555,89.155,88.966,,,,,
2026-08-24T10:22:00.032Z,live,snapshot,,,,,88.896,88.929,88.9125000000,0.77,4.86,1787566915061,1787566916287,89.2765,88.9521,88.883,88.93,88.9065000000,73.06,9.56,1787566915061,1787566916555,89.155,88.966,,,,,
2026-08-24T10:22:01.948Z,live,snapshot,,,,,88.896,88.929,88.9125000000,0.77,4.86,1787566915061,1787566916287,89.2765,88.9521,88.883,88.93,88.9065000000,73.06,9.56,1787566915061,1787566916555,89.154,88.964,,,,,
2026-08-24T10:22:03.355Z,live,snapshot,,,,,88.904,88.929,88.9165000000,0.81,0.12,1787566920427,1787566922203,89.2765,88.9521,88.885,88.93,88.9075000000,15.77,9.56,1787566920427,1787566922496,89.154,88.964,,,,,
2026-08-24T10:22:04.420Z,live,snapshot,,,,,88.904,88.929,88.9165000000,0.81,0.12,1787566920427,1787566922203,89.2765,88.9513,88.885,88.93,88.9075000000,15.77,9.56,1787566920427,1787566922496,89.154,88.963,,,,,
2026-08-24T10:22:06.016Z,live,snapshot,,,,,88.904,88.929,88.9165000000,0.81,0.12,1787566920427,1787566922203,89.276,88.95,88.885,88.93,88.9075000000,15.77,9.56,1787566920427,1787566922496,89.154,88.963,,,,,
2026-08-24T10:22:08.124Z,live,snapshot,,,,,88.896,88.929,88.9125000000,0.77,0.12,1787566925776,1787566926359,89.276,88.95,88.885,88.93,88.9075000000,15.77,9.56,1787566925776,1787566926665,89.153,88.961,,,,,
2026-08-24T10:22:09.239Z,live,snapshot,,,,,88.896,88.929,88.9125000000,0.77,0.12,1787566925776,1787566926359,89.276,88.9493,88.885,88.93,88.9075000000,15.77,9.56,1787566925776,1787566926665,89.153,88.961,,,,,
2026-08-24T10:22:10.264Z,live,snapshot,,,,,88.896,88.929,88.9125000000,0.77,0.12,1787566925776,1787566926359,89.276,88.9493,88.885,88.93,88.9075000000,15.77,9.56,1787566925776,1787566926665,89.153,88.96,,,,,
2026-08-24T10:22:11.531Z,live,snapshot,,,,,88.896,88.929,88.9125000000,0.77,0.12,1787566925776,1787566926359,89.2754,88.9479,88.885,88.93,88.9075000000,15.77,9.56,1787566925776,1787566926665,89.153,88.96,,,,,
2026-08-24T10:22:12.645Z,live,snapshot,,,,,88.896,88.929,88.9125000000,0.21,0.12,1787566931098,1787566931532,89.2754,88.9479,88.885,88.93,88.9075000000,15.31,9.56,1787566931098,1787566931786,89.153,88.96,,,,,
2026-08-24T10:22:14.238Z,live,snapshot,,,,,88.896,88.929,88.9125000000,0.21,0.12,1787566931098,1787566931532,89.2754,88.9479,88.885,88.93,88.9075000000,15.31,9.56,1787566931098,1787566931786,89.153,88.959,,,,,
2026-08-24T10:22:15.298Z,live,snapshot,,,,,88.896,88.929,88.9125000000,0.21,0.12,1787566931098,1787566931532,89.2748,88.9469,88.885,88.93,88.9075000000,15.31,9.56,1787566931098,1787566931786,89.153,88.959,,,,,
2026-08-24T10:22:16.406Z,live,snapshot,,,,,88.896,88.929,88.9125000000,0.21,0.12,1787566931098,1787566931532,89.2748,88.9469,88.885,88.93,88.9075000000,15.31,9.56,1787566931098,1787566931786,89.152,88.957,,,,,
2026-08-24T10:22:17.441Z,live,snapshot,,,,,88.896,88.929,88.9125000000,0.21,0.12,1787566936530,1787566936953,89.2748,88.9469,88.885,88.93,88.9075000000,15.31,9.56,1787566936530,1787566937205,89.152,88.957,,,,,
2026-08-24T10:22:18.674Z,live,snapshot,,,,,88.896,88.929,88.9125000000,0.21,0.12,1787566936530,1787566936953,89.2748,88.9462,88.885,88.93,88.9075000000,15.31,9.56,1787566936530,1787566937205,89.152,88.957,,,,,
2026-08-24T10:22:20.305Z,live,snapshot,,,,,88.896,88.929,88.9125000000,0.21,0.12,1787566936530,1787566936953,89.2748,88.9462,88.885,88.93,88.9075000000,15.31,9.56,1787566936530,1787566937205,89.152,88.956,,,,,
2026-08-24T10:22:21.345Z,live,snapshot,,,,,88.896,88.929,88.9125000000,0.21,0.12,1787566936530,1787566936953,89.2743,88.9449,88.885,88.93,88.9075000000,15.31,9.56,1787566936530,1787566937205,89.152,88.956,,,,,
2026-08-24T10:22:22.402Z,live,snapshot,,,,,88.896,88.929,88.9125000000,0.21,0.12,1787566936530,1787566936953,89.2743,88.9449,88.885,88.93,88.9075000000,15.31,9.56,1787566936530,1787566937205,89.152,88.955,,,,,
2026-08-24T10:22:23.647Z,live,snapshot,,,,,88.888,88.929,88.9085000000,0.75,0.12,1787566941839,1787566942880,89.2743,88.9449,88.885,88.93,88.9075000000,9.91,9.56,1787566941839,1787566943142,89.152,88.955,,,,,
2026-08-24T10:22:24.701Z,live,snapshot,,,,,88.888,88.929,88.9085000000,0.75,0.12,1787566941839,1787566942880,89.2743,88.9443,88.885,88.93,88.9075000000,9.91,9.56,1787566941839,1787566943142,89.152,88.955,,,,,
2026-08-24T10:22:26.444Z,live,snapshot,,,,,88.888,88.929,88.9085000000,0.75,0.12,1787566941839,1787566942880,89.2743,88.9443,88.885,88.93,88.9075000000,9.91,9.56,1787566941839,1787566943142,89.151,88.953,,,,,
2026-08-24T10:22:27.670Z,live,snapshot,,,,,88.888,88.929,88.9085000000,0.75,0.12,1787566941839,1787566942880,89.2737,88.943,88.885,88.93,88.9075000000,9.91,9.56,1787566941839,1787566943142,89.151,88.953,,,,,
2026-08-24T10:22:28.704Z,live,snapshot,,,,,88.888,88.929,88.9085000000,0.75,0.19,1787566947228,1787566947907,89.2737,88.943,88.885,88.886,88.8855000000,9.19,10.6,1787566947228,1787566948145,89.151,88.951,,,,,
2026-08-24T10:22:29.951Z,live,snapshot,,,,,88.888,88.929,88.9085000000,0.75,0.19,1787566947228,1787566947907,89.2737,88.943,88.885,88.886,88.8855000000,9.19,10.6,1787566947228,1787566948145,89.151,88.951,,,,,
2026-08-24T10:22:32.488Z,live,snapshot,,,,,88.888,88.929,88.9085000000,0.75,0.19,1787566947228,1787566947907,89.2737,88.9424,88.885,88.886,88.8855000000,9.19,10.6,1787566947228,1787566948145,89.15,88.95,,,,,
2026-08-24T10:22:33.578Z,live,snapshot,,,,,88.888,88.929,88.9085000000,0.75,0.19,1787566947228,1787566947907,89.2731,88.941,88.885,88.886,88.8855000000,9.19,10.6,1787566947228,1787566948145,89.15,88.95,,,,,
2026-08-24T10:22:34.844Z,live,snapshot,,,,,88.912,88.937,88.9245000000,0.81,4.67,1787566952597,1787566953578,89.2731,88.941,88.886,88.961,88.9235000000,4.02,4.25,1787566952597,1787566953834,89.15,88.948,,,,,
2026-08-24T10:22:35.944Z,live,snapshot,,,,,88.912,88.937,88.9245000000,0.81,4.67,1787566952597,1787566953578,89.2731,88.9404,88.886,88.961,88.9235000000,4.02,4.25,1787566952597,1787566953834,89.15,88.948,,,,,
2026-08-24T10:22:37.041Z,live,snapshot,,,,,88.912,88.937,88.9245000000,0.81,4.67,1787566952597,1787566953578,89.2731,88.9404,88.886,88.961,88.9235000000,4.02,4.25,1787566952597,1787566953834,89.15,88.947,,,,,
2026-08-24T10:22:38.673Z,live,snapshot,,,,,88.912,88.937,88.9245000000,0.81,4.67,1787566952597,1787566953578,89.2731,88.9404,88.886,88.961,88.9235000000,4.02,4.25,1787566952597,1787566953834,89.15,88.947,,,,,
2026-08-24T10:22:40.117Z,live,snapshot,,,,,88.888,88.937,88.9125000000,0.75,4.67,1787566957958,1787566959152,89.2725,88.9396,88.885,88.959,88.9220000000,10.77,11.24,1787566957958,1787566959520,89.15,88.947,,,,,
2026-08-24T10:22:41.169Z,live,snapshot,,,,,88.888,88.937,88.9125000000,0.75,4.67,1787566957958,1787566959152,89.2725,88.9396,88.885,88.959,88.9220000000,10.77,11.24,1787566957958,1787566959520,89.149,88.946,,,,,
2026-08-24T10:22:42.213Z,live,snapshot,,,,,88.888,88.937,88.9125000000,0.75,4.67,1787566957958,1787566959152,89.272,88.9385,88.885,88.959,88.9220000000,10.77,11.24,1787566957958,1787566959520,89.149,88.946,,,,,
2026-08-24T10:22:45.024Z,live,snapshot,,,,,88.888,88.937,88.9125000000,0.75,4.67,1787566957958,1787566959152,89.272,88.9385,88.885,88.959,88.9220000000,10.77,11.24,1787566957958,1787566959520,89.149,88.945,,,,,
2026-08-24T10:22:46.258Z,live,snapshot,,,,,88.872,88.921,88.8965000000,20.0,0.82,1787566963458,1787566965530,89.272,88.9378,88.883,88.946,88.9145000000,70.92,4.02,1787566963458,1787566965766,89.149,88.945,,,,,
2026-08-24T10:22:47.300Z,live,snapshot,,,,,88.872,88.921,88.8965000000,20.0,0.82,1787566963458,1787566965530,89.272,88.9378,88.883,88.946,88.9145000000,70.92,4.02,1787566963458,1787566965766,89.149,88.945,,,,,
2026-08-24T10:22:48.939Z,live,snapshot,,,,,88.872,88.921,88.8965000000,20.0,0.82,1787566963458,1787566965530,89.2714,88.9363,88.883,88.946,88.9145000000,70.92,4.02,1787566963458,1787566965766,89.148,88.944,,,,,
2026-08-24T10:22:51.404Z,live,snapshot,,,,,88.872,88.929,88.9005000000,20.0,0.82,1787566968897,1787566969387,89.2714,88.9363,88.883,88.936,88.9095000000,65.07,33.73,1787566968897,1787566970220,89.148,88.944,,,,,
2026-08-24T10:22:52.444Z,live,snapshot,,,,,88.872,88.929,88.9005000000,20.0,0.82,1787566968897,1787566969387,89.2714,88.9356,88.883,88.936,88.9095000000,65.07,33.73,1787566968897,1787566970220,89.148,88.944,,,,,
2026-08-24T10:22:53.496Z,live,snapshot,,,,,88.872,88.929,88.9005000000,20.0,0.82,1787566968897,1787566969387,89.2714,88.9356,88.883,88.936,88.9095000000,65.07,33.73,1787566968897,1787566970220,89.148,88.942,,,,,
2026-08-24T10:22:55.257Z,live,snapshot,,,,,88.872,88.929,88.9005000000,20.0,0.82,1787566974378,1787566975003,89.2708,88.9343,88.883,88.936,88.9095000000,65.07,33.73,1787566968897,1787566970220,89.148,88.942,,,,,
2026-08-24T10:22:57.393Z,live,snapshot,,,,,88.872,88.929,88.9005000000,20.0,0.82,1787566974378,1787566975003,89.2708,88.9343,88.883,88.935,88.9090000000,65.07,11.24,1787566974378,1787566975504,89.148,88.941,,,,,
2026-08-24T10:22:58.444Z,live,snapshot,,,,,88.872,88.929,88.9005000000,20.0,0.82,1787566974378,1787566975003,89.2708,88.9336,88.883,88.935,88.9090000000,65.07,11.24,1787566974378,1787566975504,89.148,88.941,,,,,
2026-08-24T10:22:59.480Z,live,snapshot,,,,,88.872,88.929,88.9005000000,20.0,0.82,1787566974378,1787566975003,89.2702,88.9324,88.883,88.935,88.9090000000,65.07,11.24,1787566974378,1787566975504,89.147,88.94,,,,,
2026-08-24T10:23:00.655Z,live,snapshot,,,,,88.872,88.929,88.9005000000,20.0,0.82,1787566974378,1787566975003,89.2702,88.9324,88.883,88.935,88.9090000000,65.07,11.24,1787566974378,1787566975504,89.147,88.94,,,,,
2026-08-24T10:23:01.687Z,live,snapshot,,,,,88.873,88.929,88.9010000000,20.82,0.82,1787566979822,1787566980655,89.2702,88.9324,88.883,88.933,88.9080000000,64.24,22.49,1787566979822,1787566980912,89.147,88.94,,,,,
2026-08-24T10:23:03.444Z,live,snapshot,,,,,88.873,88.929,88.9010000000,20.82,0.82,1787566979822,1787566980655,89.2702,88.9317,88.883,88.933,88.9080000000,64.24,22.49,1787566979822,1787566980912,89.147,88.94,,,,,
2026-08-24T10:23:04.523Z,live,snapshot,,,,,88.873,88.929,88.9010000000,20.82,0.82,1787566979822,1787566980655,89.2702,88.9317,88.883,88.933,88.9080000000,64.24,22.49,1787566979822,1787566980912,89.147,88.939,,,,,
2026-08-24T10:23:05.684Z,live,snapshot,,,,,88.873,88.929,88.9010000000,20.82,0.82,1787566979822,1787566980655,89.2696,88.9306,88.883,88.933,88.9080000000,64.24,22.49,1787566979822,1787566980912,89.147,88.939,,,,,
2026-08-24T10:23:06.934Z,live,snapshot,,,,,88.873,88.936,88.9045000000,20.82,0.82,1787566985218,1787566985930,89.2696,88.9306,88.883,88.935,88.9090000000,64.24,11.24,1787566985218,1787566986184,89.147,88.939,,,,,
2026-08-24T10:23:08.337Z,live,snapshot,,,,,88.873,88.936,88.9045000000,20.82,0.82,1787566985218,1787566985930,89.2696,88.9306,88.883,88.935,88.9090000000,64.24,11.24,1787566985218,1787566986184,89.146,88.938,,,,,
2026-08-24T10:23:09.768Z,live,snapshot,,,,,88.873,88.936,88.9045000000,20.82,0.82,1787566985218,1787566985930,89.2691,88.9295,88.883,88.935,88.9090000000,64.24,11.24,1787566985218,1787566986184,89.146,88.938,,,,,
2026-08-24T10:23:10.813Z,live,snapshot,,,,,88.873,88.936,88.9045000000,20.82,0.82,1787566985218,1787566985930,89.2691,88.9295,88.883,88.935,88.9090000000,64.24,11.24,1787566985218,1787566986184,89.146,88.937,,,,,
2026-08-24T10:23:11.816Z,live,snapshot,,,,,88.873,88.936,88.9045000000,20.26,0.82,1787566990245,1787566991055,89.2691,88.9295,88.883,88.931,88.9070000000,63.78,22.49,1787566990245,1787566991310,89.146,88.937,,,,,
2026-08-24T10:23:13.364Z,live,snapshot,,,,,88.873,88.936,88.9045000000,20.26,0.82,1787566990245,1787566991055,89.2691,88.9291,88.883,88.931,88.9070000000,63.78,22.49,1787566990245,1787566991310,89.145,88.936,,,,,
2026-08-24T10:23:14.392Z,live,snapshot,,,,,88.873,88.936,88.9045000000,20.26,0.82,1787566990245,1787566991055,89.2691,88.9291,88.883,88.931,88.9070000000,63.78,22.49,1787566990245,1787566991310,89.145,88.936,,,,,
2026-08-24T10:23:16.338Z,live,snapshot,,,,,88.873,88.936,88.9045000000,20.26,0.82,1787566990245,1787566991055,89.2685,88.9281,88.883,88.931,88.9070000000,63.78,22.49,1787566990245,1787566991310,89.145,88.936,,,,,
2026-08-24T10:23:17.344Z,live,snapshot,,,,,88.869,88.918,88.8935000000,5.27,0.82,1787566995707,1787566996834,89.2685,88.9281,88.817,88.915,88.8660000000,5.47,22.96,1787566995707,1787566997089,89.145,88.936,,,,,
2026-08-24T10:23:18.461Z,live,snapshot,,,,,88.869,88.918,88.8935000000,5.27,0.82,1787566995707,1787566996834,89.2685,88.9274,88.817,88.915,88.8660000000,5.47,22.96,1787566995707,1787566997089,89.145,88.934,,,,,
2026-08-24T10:23:19.540Z,live,snapshot,,,,,88.869,88.918,88.8935000000,5.27,0.82,1787566995707,1787566996834,89.2685,88.9274,88.817,88.915,88.8660000000,5.47,22.96,1787566995707,1787566997089,89.145,88.932,,,,,
2026-08-24T10:23:20.756Z,live,snapshot,,,,,88.869,88.918,88.8935000000,5.27,0.82,1787566995707,1787566996834,89.268,88.9262,88.817,88.915,88.8660000000,5.47,22.96,1787566995707,1787566997089,89.145,88.932,,,,,
2026-08-24T10:23:22.558Z,live,snapshot,,,,,88.869,88.918,88.8935000000,5.27,0.82,1787566995707,1787566996834,89.268,88.9262,88.817,88.915,88.8660000000,5.47,22.96,1787566995707,1787566997089,89.145,88.932,,,,,
2026-08-24T10:23:23.803Z,live,snapshot,,,,,88.869,88.918,88.8935000000,5.27,0.82,1787567001110,1787567003054,89.268,88.9262,88.817,88.898,88.8575000000,5.0,11.24,1787567001110,1787567003307,89.144,88.93,,,,,
2026-08-24T10:23:25.220Z,live,snapshot,,,,,88.869,88.918,88.8935000000,5.27,0.82,1787567001110,1787567003054,89.268,88.9255,88.817,88.898,88.8575000000,5.0,11.24,1787567001110,1787567003307,89.144,88.93,,,,,
2026-08-24T10:23:26.266Z,live,snapshot,,,,,88.869,88.918,88.8935000000,5.27,0.82,1787567001110,1787567003054,89.268,88.9255,88.817,88.898,88.8575000000,5.0,11.24,1787567001110,1787567003307,89.144,88.929,,,,,
2026-08-24T10:23:27.395Z,live,snapshot,,,,,88.869,88.918,88.8935000000,5.27,0.82,1787567006432,1787567006861,89.2674,88.9243,88.817,88.898,88.8575000000,5.0,11.24,1787567006432,1787567007116,89.144,88.929,,,,,
2026-08-24T10:23:28.616Z,live,snapshot,,,,,88.869,88.918,88.8935000000,5.27,0.82,1787567006432,1787567006861,89.2674,88.9243,88.817,88.898,88.8575000000,5.0,11.24,1787567006432,1787567007116,89.144,88.929,,,,,
2026-08-24T10:23:29.642Z,live,snapshot,,,,,88.869,88.918,88.8935000000,5.27,0.82,1787567006432,1787567006861,89.2674,88.9243,88.817,88.898,88.8575000000,5.0,11.24,1787567006432,1787567007116,89.143,88.927,,,,,
2026-08-24T10:23:30.877Z,live,snapshot,,,,,88.869,88.918,88.8935000000,5.27,0.82,1787567006432,1787567006861,89.2668,88.9231,88.817,88.898,88.8575000000,5.0,11.24,1787567006432,1787567007116,89.143,88.927,,,,,
2026-08-24T10:23:32.518Z,live,snapshot,,,,,88.869,88.902,88.8855000000,5.27,0.82,1787567011865,1787567012282,89.2668,88.9231,88.817,88.898,88.8575000000,5.0,11.24,1787567006432,1787567007116,89.143,88.925,,,,,
2026-08-24T10:23:34.828Z,live,snapshot,,,,,88.869,88.902,88.8855000000,5.27,0.82,1787567011865,1787567012282,89.2668,88.9225,88.791,88.888,88.8395000000,1.19,0.47,1787567011865,1787567012518,89.143,88.925,,,,,
2026-08-24T10:23:36.289Z,live,snapshot,,,,,88.869,88.902,88.8855000000,5.27,0.82,1787567011865,1787567012282,89.2668,88.9225,88.791,88.888,88.8395000000,1.19,0.47,1787567011865,1787567012518,89.143,88.923,,,,,
2026-08-24T10:23:37.678Z,live,snapshot,,,,,88.869,88.902,88.8855000000,5.27,0.82,1787567011865,1787567012282,89.2662,88.9214,88.791,88.888,88.8395000000,1.19,0.47,1787567011865,1787567012518,89.142,88.921,,,,,
2026-08-24T10:23:38.702Z,live,snapshot,,,,,88.825,88.897,88.8610000000,0.72,0.82,1787567017357,1787567017930,89.2662,88.9204,88.779,88.868,88.8235000000,11.33,22.51,1787567017357,1787567018446,89.142,88.921,,,,,
2026-08-24T10:23:39.744Z,live,snapshot,,,,,88.825,88.897,88.8610000000,0.72,0.82,1787567017357,1787567017930,89.2662,88.9204,88.779,88.868,88.8235000000,11.33,22.51,1787567017357,1787567018446,89.142,88.919,,,,,
2026-08-24T10:23:40.947Z,live,snapshot,,,,,88.825,88.897,88.8610000000,0.72,0.82,1787567017357,1787567017930,89.2662,88.9204,88.779,88.868,88.8235000000,11.33,22.51,1787567017357,1787567018446,89.142,88.919,,,,,
2026-08-24T10:23:41.977Z,live,snapshot,,,,,88.825,88.897,88.8610000000,0.72,0.82,1787567017357,1787567017930,89.2656,88.9186,88.779,88.868,88.8235000000,11.33,22.51,1787567017357,1787567018446,89.142,88.919,,,,,
2026-08-24T10:23:43.038Z,live,snapshot,,,,,88.825,88.897,88.8610000000,0.72,0.82,1787567017357,1787567017930,89.2656,88.9186,88.779,88.868,88.8235000000,11.33,22.51,1787567017357,1787567018446,89.141,88.916,,,,,
2026-08-24T10:23:44.079Z,live,snapshot,,,,,88.817,88.874,88.8455000000,0.79,0.78,1787567022760,1787567023241,89.2656,88.9186,88.779,88.871,88.8250000000,10.88,0.48,1787567022760,1787567023825,89.141,88.916,,,,,
2026-08-24T10:23:45.290Z,live,snapshot,,,,,88.817,88.874,88.8455000000,0.79,0.78,1787567022760,1787567023241,89.2656,88.9173,88.779,88.871,88.8250000000,10.88,0.48,1787567022760,1787567023825,89.141,88.916,,,,,
2026-08-24T10:23:47.270Z,live,snapshot,,,,,88.817,88.874,88.8455000000,0.79,0.78,1787567022760,1787567023241,89.2656,88.9173,88.779,88.871,88.8250000000,10.88,0.48,1787567022760,1787567023825,89.141,88.914,,,,,
2026-08-24T10:23:48.340Z,live,snapshot,,,,,88.817,88.874,88.8455000000,0.79,0.78,1787567022760,1787567023241,89.265,88.9152,88.779,88.871,88.8250000000,10.88,0.48,1787567022760,1787567023825,89.141,88.914,,,,,
2026-08-24T10:23:49.506Z,live,snapshot,,,,,88.817,88.874,88.8455000000,0.79,0.78,1787567028180,1787567028760,89.265,88.9152,88.779,88.869,88.8240000000,9.75,0.49,1787567028180,1787567028996,89.14,88.912,,,,,
2026-08-24T10:23:50.945Z,live,snapshot,,,,,88.817,88.874,88.8455000000,0.79,0.78,1787567028180,1787567028760,89.265,88.9139,88.779,88.869,88.8240000000,9.75,0.49,1787567028180,1787567028996,89.14,88.912,,,,,
2026-08-24T10:23:52.191Z,live,snapshot,,,,,88.817,88.874,88.8455000000,0.79,0.78,1787567028180,1787567028760,89.265,88.9139,88.779,88.869,88.8240000000,9.75,0.49,1787567028180,1787567028996,89.14,88.91,,,,,
2026-08-24T10:23:53.879Z,live,snapshot,,,,,88.817,88.874,88.8455000000,0.79,0.78,1787567028180,1787567028760,89.265,88.9139,88.779,88.869,88.8240000000,9.75,0.49,1787567028180,1787567028996,89.14,88.91,,,,,
2026-08-24T10:23:55.452Z,live,snapshot,,,,,88.809,88.866,88.8375000000,0.81,0.84,1787567033589,1787567034877,89.2644,88.9118,88.779,88.869,88.8240000000,9.75,0.49,1787567028180,1787567028996,89.14,88.91,,,,,
2026-08-24T10:23:56.706Z,live,snapshot,,,,,88.809,88.866,88.8375000000,0.81,0.84,1787567033589,1787567034877,89.2644,88.9118,88.779,88.862,88.8205000000,3.73,0.49,1787567033589,1787567035452,89.14,88.907,,,,,
2026-08-24T10:23:58.111Z,live,snapshot,,,,,88.809,88.866,88.8375000000,0.81,0.84,1787567033589,1787567034877,89.2637,88.9097,88.779,88.862,88.8205000000,3.73,0.49,1787567033589,1787567035452,89.139,88.905,,,,,
2026-08-24T10:23:59.959Z,live,snapshot,,,,,88.809,88.866,88.8375000000,0.81,0.84,1787567033589,1787567034877,89.2637,88.9097,88.779,88.862,88.8205000000,3.73,0.49,1787567033589,1787567035452,89.139,88.905,,,,,
2026-08-24T10:24:01.102Z,live,snapshot,,,,,88.801,88.866,88.8335000000,0.84,0.84,1787567038786,1787567040573,89.2637,88.908,88.751,88.843,88.7970000000,4.04,0.5,1787567038786,1787567040846,89.139,88.905,,,,,
2026-08-24T10:24:02.221Z,live,snapshot,,,,,88.801,88.866,88.8335000000,0.84,0.84,1787567038786,1787567040573,89.2637,88.908,88.751,88.843,88.7970000000,4.04,0.5,1787567038786,1787567040846,89.139,88.902,,,,,
2026-08-24T10:24:03.289Z,live,snapshot,,,,,88.801,88.866,88.8335000000,0.84,0.84,1787567038786,1787567040573,89.2631,88.906,88.751,88.843,88.7970000000,4.04,0.5,1787567038786,1787567040846,89.139,88.902,,,,,
2026-08-24T10:24:04.294Z,live,snapshot,,,,,88.801,88.866,88.8335000000,0.84,0.84,1787567038786,1787567040573,89.2631,88.906,88.751,88.843,88.7970000000,4.04,0.5,1787567038786,1787567040846,89.138,88.9,,,,,
2026-08-24T10:24:06.543Z,live,snapshot,,,,,88.793,88.858,88.8255000000,0.84,0.84,1787567044150,1787567044621,89.2631,88.906,88.751,88.836,88.7935000000,4.04,2.52,1787567044150,1787567045128,89.138,88.9,,,,,
2026-08-24T10:24:07.867Z,live,snapshot,,,,,88.793,88.858,88.8255000000,0.84,0.84,1787567044150,1787567044621,89.2631,88.9044,88.751,88.836,88.7935000000,4.04,2.52,1787567044150,1787567045128,89.138,88.9,,,,,
2026-08-24T10:24:08.931Z,live,snapshot,,,,,88.793,88.858,88.8255000000,0.84,0.84,1787567044150,1787567044621,89.2624,88.9028,88.751,88.836,88.7935000000,4.04,2.52,1787567044150,1787567045128,89.138,88.897,,,,,
2026-08-24T10:24:10.237Z,live,snapshot,,,,,88.801,88.858,88.8295000000,0.84,0.84,1787567049527,1787567049984,89.2624,88.9028,88.751,88.836,88.7935000000,4.04,2.52,1787567044150,1787567045128,89.138,88.897,,,,,
2026-08-24T10:24:11.272Z,live,snapshot,,,,,88.801,88.858,88.8295000000,0.84,0.84,1787567049527,1787567049984,89.2624,88.9028,88.751,88.835,88.7930000000,3.91,24.53,1787567049527,1787567050696,89.137,88.895,,,,,
2026-08-24T10:24:12.745Z,live,snapshot,,,,,88.801,88.858,88.8295000000,0.84,0.84,1787567049527,1787567049984,89.2624,88.9028,88.751,88.835,88.7930000000,3.91,24.53,1787567049527,1787567050696,89.137,88.895,,,,,
2026-08-24T10:24:13.831Z,live,snapshot,,,,,88.801,88.858,88.8295000000,0.84,0.84,1787567049527,1787567049984,89.2624,88.9012,88.751,88.835,88.7930000000,3.91,24.53,1787567049527,1787567050696,89.137,88.895,,,,,
2026-08-24T10:24:14.906Z,live,snapshot,,,,,88.801,88.858,88.8295000000,0.84,0.84,1787567049527,1787567049984,89.2618,88.899,88.751,88.835,88.7930000000,3.91,24.53,1787567049527,1787567050696,89.137,88.892,,,,,
2026-08-24T10:24:15.950Z,live,snapshot,,,,,88.801,88.858,88.8295000000,0.84,0.84,1787567049527,1787567049984,89.2618,88.899,88.751,88.835,88.7930000000,3.91,24.53,1787567049527,1787567050696,89.137,88.892,,,,,
2026-08-24T10:24:16.950Z,live,snapshot,,,,,88.801,88.858,88.8295000000,0.28,0.19,1787567055016,1787567056428,89.2618,88.899,88.751,88.834,88.7925000000,7.9,11.78,1787567055016,1787567056695,89.137,88.892,,,,,
2026-08-24T10:24:18.652Z,live,snapshot,,,,,88.801,88.858,88.8295000000,0.28,0.19,1787567055016,1787567056428,89.2618,88.899,88.751,88.834,88.7925000000,7.9,11.78,1787567055016,1787567056695,89.136,88.89,,,,,
2026-08-24T10:24:19.687Z,live,snapshot,,,,,88.801,88.858,88.8295000000,0.28,0.19,1787567055016,1787567056428,89.2618,88.8976,88.751,88.834,88.7925000000,7.9,11.78,1787567055016,1787567056695,89.136,88.887,,,,,
2026-08-24T10:24:20.847Z,live,snapshot,,,,,88.801,88.858,88.8295000000,0.28,0.19,1787567055016,1787567056428,89.2612,88.8955,88.751,88.834,88.7925000000,7.9,11.78,1787567055016,1787567056695,89.136,88.887,,,,,
2026-08-24T10:24:21.860Z,live,snapshot,,,,,88.801,88.858,88.8295000000,0.28,4.99,1787567060347,1787567061342,89.2612,88.8955,88.751,88.834,88.7925000000,7.9,11.78,1787567060347,1787567061595,89.136,88.887,,,,,
2026-08-24T10:24:23.012Z,live,snapshot,,,,,88.801,88.858,88.8295000000,0.28,4.99,1787567060347,1787567061342,89.2605,88.8936,88.751,88.834,88.7925000000,7.9,11.78,1787567060347,1787567061595,89.135,88.885,,,,,
2026-08-24T10:24:24.793Z,live,snapshot,,,,,88.801,88.858,88.8295000000,0.28,4.99,1787567060347,1787567061342,89.2605,88.8936,88.751,88.834,88.7925000000,7.9,11.78,1787567060347,1787567061595,89.135,88.885,,,,,
2026-08-24T10:24:25.798Z,live,snapshot,,,,,88.801,88.858,88.8295000000,0.28,4.99,1787567060347,1787567061342,89.2605,88.8936,88.751,88.834,88.7925000000,7.9,11.78,1787567060347,1787567061595,89.135,88.883,,,,,
2026-08-24T10:24:26.831Z,live,snapshot,,,,,88.801,88.857,88.8290000000,0.28,0.84,1787567065745,1787567066308,89.2605,88.8923,88.751,88.834,88.7925000000,7.9,11.78,1787567065745,1787567066595,89.135,88.883,,,,,
2026-08-24T10:24:27.906Z,live,snapshot,,,,,88.801,88.857,88.8290000000,0.28,0.84,1787567065745,1787567066308,89.2605,88.8923,88.751,88.834,88.7925000000,7.9,11.78,1787567065745,1787567066595,89.134,88.88,,,,,
2026-08-24T10:24:28.910Z,live,snapshot,,,,,88.801,88.857,88.8290000000,0.28,0.84,1787567065745,1787567066308,89.2605,88.8923,88.751,88.834,88.7925000000,7.9,11.78,1787567065745,1787567066595,89.134,88.88,,,,,
2026-08-24T10:24:31.081Z,live,snapshot,,,,,88.801,88.857,88.8290000000,0.28,0.84,1787567065745,1787567066308,89.2599,88.8904,88.751,88.834,88.7925000000,7.9,11.78,1787567065745,1787567066595,89.134,88.88,,,,,
2026-08-24T10:24:32.315Z,live,snapshot,,,,,88.808,88.857,88.8325000000,0.84,0.19,1787567071005,1787567072060,89.2599,88.8904,88.751,88.834,88.7925000000,7.9,11.78,1787567065745,1787567066595,89.134,88.878,,,,,
2026-08-24T10:24:33.372Z,live,snapshot,,,,,88.808,88.857,88.8325000000,0.84,0.19,1787567071005,1787567072060,89.2599,88.8891,88.752,88.835,88.7935000000,1.14,2.02,1787567071005,1787567072315,89.134,88.878,,,,,
2026-08-24T10:24:34.420Z,live,snapshot,,,,,88.808,88.857,88.8325000000,0.84,0.19,1787567071005,1787567072060,89.2599,88.8891,88.752,88.835,88.7935000000,1.14,2.02,1787567071005,1787567072315,89.133,88.876,,,,,
2026-08-24T10:24:35.478Z,live,snapshot,,,,,88.808,88.857,88.8325000000,0.84,0.19,1787567071005,1787567072060,89.2593,88.8874,88.752,88.835,88.7935000000,1.14,2.02,1787567071005,1787567072315,89.133,88.876,,,,,
2026-08-24T10:24:37.279Z,live,snapshot,,,,,88.808,88.857,88.8325000000,0.84,0.19,1787567071005,1787567072060,89.2593,88.8874,88.752,88.835,88.7935000000,1.14,2.02,1787567071005,1787567072315,89.133,88.876,,,,,
2026-08-24T10:24:38.469Z,live,snapshot,,,,,88.816,88.857,88.8365000000,0.84,4.84,1787567076311,1787567077846,89.2593,88.8874,88.778,88.854,88.8160000000,10.77,10.87,1787567076311,1787567078103,89.133,88.876,,,,,
2026-08-24T10:24:39.536Z,live,snapshot,,,,,88.816,88.857,88.8365000000,0.84,4.84,1787567076311,1787567077846,89.2593,88.8863,88.778,88.854,88.8160000000,10.77,10.87,1787567076311,1787567078103,89.133,88.874,,,,,
2026-08-24T10:24:40.822Z,live,snapshot,,,,,88.816,88.857,88.8365000000,0.84,4.84,1787567076311,1787567077846,89.2593,88.8863,88.778,88.854,88.8160000000,10.77,10.87,1787567076311,1787567078103,89.132,88.872,,,,,
2026-08-24T10:24:42.207Z,live,snapshot,,,,,88.816,88.857,88.8365000000,0.84,4.84,1787567076311,1787567077846,89.2587,88.8847,88.778,88.854,88.8160000000,10.77,10.87,1787567076311,1787567078103,89.132,88.872,,,,,
2026-08-24T10:24:43.659Z,live,snapshot,,,,,88.816,88.857,88.8365000000,0.84,4.84,1787567076311,1787567077846,89.2587,88.8847,88.778,88.854,88.8160000000,10.77,10.87,1787567076311,1787567078103,89.132,88.872,,,,,
2026-08-24T10:24:44.685Z,live,snapshot,,,,,88.816,88.857,88.8365000000,0.29,4.84,1787567081661,1787567083660,89.2587,88.8847,88.778,88.871,88.8245000000,10.32,0.52,1787567081661,1787567083916,89.132,88.871,,,,,
2026-08-24T10:24:45.713Z,live,snapshot,,,,,88.816,88.857,88.8365000000,0.29,4.84,1787567081661,1787567083660,89.2587,88.8837,88.778,88.871,88.8245000000,10.32,0.52,1787567081661,1787567083916,89.132,88.871,,,,,
2026-08-24T10:24:47.294Z,live,snapshot,,,,,88.816,88.857,88.8365000000,0.29,4.84,1787567081661,1787567083660,89.2587,88.8837,88.778,88.871,88.8245000000,10.32,0.52,1787567081661,1787567083916,89.131,88.87,,,,,
2026-08-24T10:24:48.474Z,live,snapshot,,,,,88.816,88.857,88.8365000000,0.29,4.84,1787567087104,1787567087993,89.2581,88.8821,88.778,88.871,88.8245000000,10.32,0.52,1787567087104,1787567088232,89.131,88.87,,,,,
2026-08-24T10:24:49.693Z,live,snapshot,,,,,88.816,88.857,88.8365000000,0.29,4.84,1787567087104,1787567087993,89.2581,88.8821,88.778,88.871,88.8245000000,10.32,0.52,1787567087104,1787567088232,89.131,88.87,,,,,
2026-08-24T10:24:50.725Z,live,snapshot,,,,,88.816,88.857,88.8365000000,0.29,4.84,1787567087104,1787567087993,89.2581,88.8821,88.778,88.871,88.8245000000,10.32,0.52,1787567087104,1787567088232,89.131,88.868,,,,,
2026-08-24T10:24:52.336Z,live,snapshot,,,,,88.816,88.857,88.8365000000,0.29,4.84,1787567087104,1787567087993,89.2574,88.8809,88.778,88.871,88.8245000000,10.32,0.52,1787567087104,1787567088232,89.131,88.867,,,,,
2026-08-24T10:24:53.495Z,live,snapshot,,,,,88.816,88.857,88.8365000000,0.29,4.84,1787567092461,1787567092871,89.2574,88.8809,88.778,88.871,88.8245000000,10.32,0.52,1787567092461,1787567093172,89.131,88.867,,,,,
2026-08-24T10:24:54.717Z,live,snapshot,,,,,88.816,88.857,88.8365000000,0.29,4.84,1787567092461,1787567092871,89.2574,88.88,88.778,88.871,88.8245000000,10.32,0.52,1787567092461,1787567093172,89.131,88.867,,,,,
2026-08-24T10:24:56.346Z,live,snapshot,,,,,88.816,88.857,88.8365000000,0.29,4.84,1787567092461,1787567092871,89.2574,88.88,88.778,88.871,88.8245000000,10.32,0.52,1787567092461,1787567093172,89.13,88.866,,,,,
2026-08-24T10:24:57.604Z,live,snapshot,,,,,88.816,88.857,88.8365000000,0.29,4.84,1787567092461,1787567092871,89.2568,88.8785,88.778,88.871,88.8245000000,10.32,0.52,1787567092461,1787567093172,89.13,88.866,,,,,
2026-08-24T10:24:58.679Z,live,snapshot,,,,,88.816,88.857,88.8365000000,0.29,4.84,1787567092461,1787567092871,89.2568,88.8785,88.778,88.871,88.8245000000,10.32,0.52,1787567092461,1787567093172,89.13,88.865,,,,,
2026-08-24T10:24:59.980Z,live,snapshot,,,,,88.808,88.856,88.8320000000,0.84,0.79,1787567097924,1787567098679,89.2568,88.8776,88.779,88.87,88.8245000000,4.02,0.52,1787567097924,1787567098962,89.13,88.865,,,,,
2026-08-24T10:25:02.548Z,live,snapshot,,,,,88.808,88.856,88.8320000000,0.84,0.79,1787567097924,1787567098679,89.2568,88.8776,88.779,88.87,88.8245000000,4.02,0.52,1787567097924,1787567098962,89.129,88.874,,,,,
2026-08-24T10:25:03.555Z,live,snapshot,,,,,88.808,88.856,88.8320000000,0.84,0.79,1787567097924,1787567098679,89.2562,88.876,88.779,88.87,88.8245000000,4.02,0.52,1787567097924,1787567098962,89.129,88.874,,,,,
2026-08-24T10:25:04.620Z,live,snapshot,,,,,88.816,88.856,88.8360000000,0.84,4.65,1787567103391,1787567104087,89.2562,88.876,88.779,88.871,88.8250000000,4.02,0.52,1787567103391,1787567104366,89.129,88.874,,,,,
2026-08-24T10:25:05.843Z,live,snapshot,,,,,88.816,88.856,88.8360000000,0.84,4.65,1787567103391,1787567104087,89.2562,88.8752,88.779,88.871,88.8250000000,4.02,0.52,1787567103391,1787567104366,89.129,88.874,,,,,
2026-08-24T10:25:08.490Z,live,snapshot,,,,,88.816,88.856,88.8360000000,0.84,4.65,1787567103391,1787567104087,89.2562,88.8752,88.779,88.871,88.8250000000,4.02,0.52,1787567103391,1787567104366,89.128,88.871,,,,,
2026-08-24T10:25:09.734Z,live,snapshot,,,,,88.816,88.856,88.8360000000,0.84,4.65,1787567108754,1787567109478,89.2556,88.8738,88.779,88.871,88.8250000000,4.02,0.52,1787567103391,1787567104366,89.128,88.871,,,,,
2026-08-24T10:25:10.760Z,live,snapshot,,,,,88.816,88.856,88.8360000000,0.84,4.65,1787567108754,1787567109478,89.2556,88.8738,88.779,88.871,88.8250000000,4.02,0.52,1787567108754,1787567109734,89.128,88.871,,,,,
2026-08-24T10:25:11.958Z,live,snapshot,,,,,88.816,88.856,88.8360000000,0.84,4.65,1787567108754,1787567109478,89.2556,88.873,88.779,88.871,88.8250000000,4.02,0.52,1787567108754,1787567109734,89.128,88.871,,,,,
2026-08-24T10:25:13.017Z,live,snapshot,,,,,88.816,88.856,88.8360000000,0.84,4.65,1787567108754,1787567109478,89.2556,88.873,88.779,88.871,88.8250000000,4.02,0.52,1787567108754,1787567109734,89.128,88.859,,,,,
2026-08-24T10:25:14.752Z,live,snapshot,,,,,88.816,88.856,88.8360000000,0.84,4.65,1787567108754,1787567109478,89.2556,88.873,88.779,88.871,88.8250000000,4.02,0.52,1787567108754,1787567109734,89.128,88.859,,,,,
2026-08-24T10:25:16.011Z,live,snapshot,,,,,88.816,88.856,88.8360000000,0.84,4.65,1787567108754,1787567109478,89.255,88.8716,88.779,88.871,88.8250000000,4.02,0.52,1787567108754,1787567109734,89.128,88.859,,,,,
2026-08-24T10:25:17.057Z,live,snapshot,,,,,88.801,88.848,88.8245000000,0.07,0.84,1787567114152,1787567116011,89.255,88.8716,88.779,88.846,88.8125000000,3.56,0.42,1787567114152,1787567116265,89.127,88.858,,,,,
2026-08-24T10:25:18.131Z,live,snapshot,,,,,88.801,88.848,88.8245000000,0.07,0.84,1787567114152,1787567116011,89.2543,88.8702,88.779,88.846,88.8125000000,3.56,0.42,1787567114152,1787567116265,89.127,88.858,,,,,
2026-08-24T10:25:20.828Z,live,snapshot,,,,,88.801,88.848,88.8245000000,0.07,0.84,1787567114152,1787567116011,89.2543,88.8702,88.779,88.846,88.8125000000,3.56,0.42,1787567114152,1787567116265,89.127,88.857,,,,,
2026-08-24T10:25:21.985Z,live,snapshot,,,,,88.801,88.848,88.8245000000,0.07,5.49,1787567119559,1787567121324,89.2543,88.8692,88.779,88.858,88.8185000000,3.56,11.23,1787567119559,1787567121729,89.127,88.857,,,,,
2026-08-24T10:25:23.219Z,live,snapshot,,,,,88.801,88.848,88.8245000000,0.07,5.49,1787567119559,1787567121324,89.2543,88.8692,88.779,88.858,88.8185000000,3.56,11.23,1787567119559,1787567121729,89.126,88.855,,,,,
2026-08-24T10:25:24.290Z,live,snapshot,,,,,88.801,88.848,88.8245000000,0.07,5.49,1787567119559,1787567121324,89.2537,88.8676,88.779,88.858,88.8185000000,3.56,11.23,1787567119559,1787567121729,89.126,88.855,,,,,
2026-08-24T10:25:25.422Z,live,snapshot,,,,,88.801,88.848,88.8245000000,0.07,5.49,1787567119559,1787567121324,89.2537,88.8676,88.779,88.858,88.8185000000,3.56,11.23,1787567119559,1787567121729,89.126,88.854,,,,,
2026-08-24T10:25:27.170Z,live,snapshot,,,,,88.793,88.842,88.8175000000,0.84,0.84,1787567124904,1787567125422,89.2537,88.8676,88.779,88.857,88.8180000000,3.56,4.04,1787567124904,1787567125924,89.126,88.854,,,,,
2026-08-24T10:25:28.444Z,live,snapshot,,,,,88.793,88.842,88.8175000000,0.84,0.84,1787567124904,1787567125422,89.2537,88.8667,88.779,88.857,88.8180000000,3.56,4.04,1787567124904,1787567125924,89.126,88.854,,,,,
2026-08-24T10:25:29.488Z,live,snapshot,,,,,88.793,88.842,88.8175000000,0.84,0.84,1787567124904,1787567125422,89.2531,88.865,88.779,88.857,88.8180000000,3.56,4.04,1787567124904,1787567125924,89.125,88.853,,,,,
2026-08-24T10:25:30.733Z,live,snapshot,,,,,88.793,88.842,88.8175000000,0.84,0.84,1787567124904,1787567125422,89.2531,88.865,88.779,88.857,88.8180000000,3.56,4.04,1787567124904,1787567125924,89.125,88.853,,,,,
2026-08-24T10:25:31.848Z,live,snapshot,,,,,88.793,88.842,88.8175000000,0.84,1.03,1787567130391,1787567131059,89.2531,88.865,88.778,88.855,88.8165000000,5.21,0.46,1787567130391,1787567131338,89.125,88.856,,,,,
2026-08-24T10:25:33.306Z,live,snapshot,,,,,88.793,88.842,88.8175000000,0.84,1.03,1787567130391,1787567131059,89.2531,88.865,88.778,88.855,88.8165000000,5.21,0.46,1787567130391,1787567131338,89.125,88.856,,,,,
2026-08-24T10:25:34.353Z,live,snapshot,,,,,88.793,88.842,88.8175000000,0.84,1.03,1787567130391,1787567131059,89.2531,88.8641,88.778,88.855,88.8165000000,5.21,0.46,1787567130391,1787567131338,89.125,88.856,,,,,
2026-08-24T10:25:35.512Z,live,snapshot,,,,,88.793,88.842,88.8175000000,0.84,1.03,1787567130391,1787567131059,89.2524,88.8628,88.778,88.855,88.8165000000,5.21,0.46,1787567130391,1787567131338,89.125,88.851,,,,,
2026-08-24T10:25:36.868Z,live,snapshot,,,,,88.793,88.842,88.8175000000,0.84,1.03,1787567130391,1787567131059,89.2524,88.8628,88.778,88.855,88.8165000000,5.21,0.46,1787567130391,1787567131338,89.125,88.851,,,,,
2026-08-24T10:25:37.886Z,live,snapshot,,,,,88.764,88.789,88.7765000000,7.12,0.84,1787567135780,1787567136868,89.2524,88.8628,88.666,88.744,88.7050000000,0.54,4.53,1787567135780,1787567137122,89.124,88.848,,,,,
2026-08-24T10:25:39.514Z,live,snapshot,,,,,88.764,88.789,88.7765000000,7.12,0.84,1787567135780,1787567136868,89.2524,88.8614,88.666,88.744,88.7050000000,0.54,4.53,1787567135780,1787567137122,89.124,88.848,,,,,
2026-08-24T10:25:40.577Z,live,snapshot,,,,,88.764,88.789,88.7765000000,7.12,0.84,1787567135780,1787567136868,89.2524,88.8614,88.666,88.744,88.7050000000,0.54,4.53,1787567135780,1787567137122,89.123,88.844,,,,,
2026-08-24T10:25:41.630Z,live,snapshot,,,,,88.764,88.789,88.7765000000,7.12,0.84,1787567135780,1787567136868,89.2524,88.8614,88.666,88.744,88.7050000000,0.54,4.53,1787567135780,1787567137122,89.123,88.844,,,,,
2026-08-24T10:25:42.738Z,live,snapshot,,,,,88.729,88.789,88.7590000000,0.83,2.25,1787567141170,1787567142235,89.2517,88.8588,88.655,88.744,88.6995000000,4.04,4.53,1787567141170,1787567142477,89.123,88.844,,,,,
2026-08-24T10:25:43.765Z,live,snapshot,,,,,88.729,88.789,88.7590000000,0.83,2.25,1787567141170,1787567142235,89.2517,88.8588,88.655,88.744,88.6995000000,4.04,4.53,1787567141170,1787567142477,89.123,88.841,,,,,
2026-08-24T10:25:45.823Z,live,snapshot,,,,,88.729,88.789,88.7590000000,0.83,2.25,1787567141170,1787567142235,89.2511,88.8565,88.655,88.744,88.6995000000,4.04,4.53,1787567141170,1787567142477,89.123,88.841,,,,,
2026-08-24T10:25:47.114Z,live,snapshot,,,,,88.729,88.789,88.7590000000,0.83,2.25,1787567141170,1787567142235,89.2511,88.8565,88.655,88.744,88.6995000000,4.04,4.53,1787567141170,1787567142477,89.122,88.838,,,,,
2026-08-24T10:25:48.132Z,live,snapshot,,,,,88.748,88.789,88.7685000000,0.83,2.44,1787567146277,1787567147114,89.2511,88.8547,88.692,88.786,88.7390000000,2.02,0.53,1787567146277,1787567147367,89.122,88.838,,,,,
2026-08-24T10:25:49.460Z,live,snapshot,,,,,88.748,88.789,88.7685000000,0.83,2.44,1787567146277,1787567147114,89.2511,88.8547,88.692,88.786,88.7390000000,2.02,0.53,1787567146277,1787567147367,89.122,88.835,,,,,
2026-08-24T10:25:50.469Z,live,snapshot,,,,,88.748,88.789,88.7685000000,0.83,2.44,1787567146277,1787567147114,89.2511,88.8547,88.692,88.786,88.7390000000,2.02,0.53,1787567146277,1787567147367,89.122,88.835,,,,,
2026-08-24T10:25:52.519Z,live,snapshot,,,,,88.748,88.789,88.7685000000,0.83,2.44,1787567146277,1787567147114,89.2504,88.8522,88.692,88.786,88.7390000000,2.02,0.53,1787567146277,1787567147367,89.122,88.835,,,,,
2026-08-24T10:25:53.539Z,live,snapshot,,,,,88.732,88.789,88.7605000000,0.83,7.09,1787567151741,1787567153022,89.2504,88.8522,88.689,88.766,88.7275000000,10.77,0.44,1787567151741,1787567153278,89.122,88.835,,,,,
2026-08-24T10:25:54.620Z,live,snapshot,,,,,88.732,88.789,88.7605000000,0.83,7.09,1787567151741,1787567153022,89.2504,88.8504,88.689,88.766,88.7275000000,10.77,0.44,1787567151741,1787567153278,89.121,88.833,,,,,
2026-08-24T10:25:55.768Z,live,snapshot,,,,,88.732,88.789,88.7605000000,0.83,7.09,1787567151741,1787567153022,89.2504,88.8504,88.689,88.766,88.7275000000,10.77,0.44,1787567151741,1787567153278,89.12,88.83,,,,,
2026-08-24T10:25:56.858Z,live,snapshot,,,,,88.732,88.789,88.7605000000,0.83,7.09,1787567151741,1787567153022,89.2497,88.8478,88.689,88.766,88.7275000000,10.77,0.44,1787567151741,1787567153278,89.12,88.83,,,,,
2026-08-24T10:25:58.828Z,live,snapshot,,,,,88.705,88.772,88.7385000000,0.73,0.83,1787567157109,1787567157567,89.2497,88.8478,88.689,88.766,88.7275000000,10.77,0.44,1787567151741,1787567153278,89.12,88.83,,,,,
2026-08-24T10:25:59.891Z,live,snapshot,,,,,88.705,88.772,88.7385000000,0.73,0.83,1787567157109,1787567157567,89.2497,88.8478,88.658,88.743,88.7005000000,2.59,0.54,1787567157109,1787567159074,89.12,88.827,,,,,
2026-08-24T10:26:00.950Z,live,snapshot,,,,,88.705,88.772,88.7385000000,0.73,0.83,1787567157109,1787567157567,89.2497,88.8458,88.658,88.743,88.7005000000,2.59,0.54,1787567157109,1787567159074,89.12,88.827,,,,,
2026-08-24T10:26:01.967Z,live,snapshot,,,,,88.705,88.772,88.7385000000,0.73,0.83,1787567157109,1787567157567,89.2497,88.8458,88.658,88.743,88.7005000000,2.59,0.54,1787567157109,1787567159074,89.119,88.824,,,,,
2026-08-24T10:26:03.163Z,live,snapshot,,,,,88.705,88.772,88.7385000000,0.73,0.83,1787567157109,1787567157567,89.249,88.8431,88.658,88.743,88.7005000000,2.59,0.54,1787567157109,1787567159074,89.119,88.824,,,,,
2026-08-24T10:26:04.875Z,live,snapshot,,,,,88.756,88.789,88.7725000000,0.83,7.09,1787567162582,1787567163163,89.249,88.8431,88.709,88.806,88.7575000000,4.51,0.54,1787567162582,1787567163696,89.119,88.824,,,,,
2026-08-24T10:26:05.922Z,live,snapshot,,,,,88.756,88.789,88.7725000000,0.83,7.09,1787567162582,1787567163163,89.249,88.8416,88.709,88.806,88.7575000000,4.51,0.54,1787567162582,1787567163696,89.119,88.821,,,,,
2026-08-24T10:26:07.082Z,live,snapshot,,,,,88.756,88.789,88.7725000000,0.83,7.09,1787567162582,1787567163163,89.249,88.8416,88.709,88.806,88.7575000000,4.51,0.54,1787567162582,1787567163696,89.119,88.821,,,,,
2026-08-24T10:26:08.281Z,live,snapshot,,,,,88.756,88.789,88.7725000000,0.83,7.09,1787567162582,1787567163163,89.2483,88.8395,88.709,88.806,88.7575000000,4.51,0.54,1787567162582,1787567163696,89.118,88.82,,,,,
2026-08-24T10:26:09.461Z,live,snapshot,,,,,88.749,88.79,88.7695000000,0.83,0.14,1787567167940,1787567168452,89.2483,88.8395,88.709,88.8,88.7545000000,4.51,0.42,1787567167940,1787567168952,89.118,88.82,,,,,
2026-08-24T10:26:11.032Z,live,snapshot,,,,,88.749,88.79,88.7695000000,0.83,0.14,1787567167940,1787567168452,89.2483,88.8395,88.709,88.8,88.7545000000,4.51,0.42,1787567167940,1787567168952,89.118,88.818,,,,,
2026-08-24T10:26:12.054Z,live,snapshot,,,,,88.749,88.79,88.7695000000,0.83,0.14,1787567167940,1787567168452,89.2477,88.8375,88.709,88.8,88.7545000000,4.51,0.42,1787567167940,1787567168952,89.118,88.818,,,,,
2026-08-24T10:26:13.128Z,live,snapshot,,,,,88.749,88.79,88.7695000000,0.83,0.14,1787567167940,1787567168452,89.2477,88.8375,88.709,88.8,88.7545000000,4.51,0.42,1787567167940,1787567168952,89.117,88.816,,,,,
2026-08-24T10:26:14.319Z,live,snapshot,,,,,88.749,88.79,88.7695000000,0.28,0.14,1787567173323,1787567173806,89.2477,88.8375,88.709,88.8,88.7545000000,3.5,0.42,1787567173323,1787567174064,89.117,88.816,,,,,
2026-08-24T10:26:15.435Z,live,snapshot,,,,,88.749,88.79,88.7695000000,0.28,0.14,1787567173323,1787567173806,89.2477,88.8362,88.709,88.8,88.7545000000,3.5,0.42,1787567173323,1787567174064,89.117,88.816,,,,,
2026-08-24T10:26:17.675Z,live,snapshot,,,,,88.749,88.79,88.7695000000,0.28,0.14,1787567173323,1787567173806,89.2477,88.8362,88.709,88.8,88.7545000000,3.5,0.42,1787567173323,1787567174064,89.117,88.814,,,,,
2026-08-24T10:26:18.922Z,live,snapshot,,,,,88.749,88.79,88.7695000000,0.28,0.14,1787567173323,1787567173806,89.2471,88.8342,88.709,88.8,88.7545000000,3.5,0.42,1787567173323,1787567174064,89.117,88.814,,,,,
2026-08-24T10:26:19.975Z,live,snapshot,,,,,88.749,88.79,88.7695000000,0.83,0.14,1787567178749,1787567179716,89.2471,88.8342,88.709,88.8,88.7545000000,3.5,0.42,1787567173323,1787567174064,89.116,88.813,,,,,
2026-08-24T10:26:20.989Z,live,snapshot,,,,,88.749,88.79,88.7695000000,0.83,0.14,1787567178749,1787567179716,89.2471,88.8333,88.699,88.788,88.7435000000,0.47,0.47,1787567178749,1787567180220,89.116,88.813,,,,,
2026-08-24T10:26:21.989Z,live,snapshot,,,,,88.749,88.79,88.7695000000,0.83,0.14,1787567178749,1787567179716,89.2471,88.8333,88.699,88.788,88.7435000000,0.47,0.47,1787567178749,1787567180220,89.116,88.813,,,,,
2026-08-24T10:26:23.762Z,live,snapshot,,,,,88.749,88.79,88.7695000000,0.83,0.14,1787567178749,1787567179716,89.2471,88.8333,88.699,88.788,88.7435000000,0.47,0.47,1787567178749,1787567180220,89.116,88.811,,,,,
2026-08-24T10:26:24.819Z,live,snapshot,,,,,88.749,88.79,88.7695000000,0.83,0.14,1787567178749,1787567179716,89.2465,88.8314,88.699,88.788,88.7435000000,0.47,0.47,1787567178749,1787567180220,89.116,88.811,,,,,
2026-08-24T10:26:25.856Z,live,snapshot,,,,,88.749,88.79,88.7695000000,0.83,0.14,1787567184116,1787567185061,89.2465,88.8314,88.699,88.788,88.7435000000,0.47,0.47,1787567184116,1787567185328,89.115,88.809,,,,,
2026-08-24T10:26:26.925Z,live,snapshot,,,,,88.749,88.79,88.7695000000,0.83,0.14,1787567184116,1787567185061,89.2465,88.8301,88.699,88.788,88.7435000000,0.47,0.47,1787567184116,1787567185328,89.115,88.809,,,,,
2026-08-24T10:26:27.948Z,live,snapshot,,,,,88.749,88.79,88.7695000000,0.83,0.14,1787567184116,1787567185061,89.2465,88.8301,88.699,88.788,88.7435000000,0.47,0.47,1787567184116,1787567185328,89.115,88.809,,,,,
2026-08-24T10:26:30.301Z,live,snapshot,,,,,88.749,88.79,88.7695000000,0.83,0.14,1787567184116,1787567185061,89.2465,88.8301,88.699,88.788,88.7435000000,0.47,0.47,1787567184116,1787567185328,89.115,88.807,,,,,
2026-08-24T10:26:31.448Z,live,snapshot,,,,,88.749,88.79,88.7695000000,0.83,0.14,1787567189499,1787567190828,89.2458,88.8282,88.698,88.798,88.7480000000,3.38,11.27,1787567189499,1787567191081,89.115,88.807,,,,,
2026-08-24T10:26:32.585Z,live,snapshot,,,,,88.749,88.79,88.7695000000,0.83,0.14,1787567189499,1787567190828,89.2458,88.8282,88.698,88.798,88.7480000000,3.38,11.27,1787567189499,1787567191081,89.114,88.805,,,,,
2026-08-24T10:26:33.644Z,live,snapshot,,,,,88.749,88.79,88.7695000000,0.83,0.14,1787567189499,1787567190828,89.2458,88.8271,88.698,88.798,88.7480000000,3.38,11.27,1787567189499,1787567191081,89.114,88.805,,,,,
2026-08-24T10:26:34.836Z,live,snapshot,,,,,88.749,88.79,88.7695000000,0.83,0.14,1787567189499,1787567190828,89.2458,88.8271,88.698,88.798,88.7480000000,3.38,11.27,1787567189499,1787567191081,89.113,88.804,,,,,
2026-08-24T10:26:36.686Z,live,snapshot,,,,,88.749,88.8,88.7745000000,0.61,4.87,1787567194835,1787567195355,89.2458,88.8271,88.698,88.798,88.7480000000,3.38,11.27,1787567189499,1787567191081,89.113,88.804,,,,,
2026-08-24T10:26:37.750Z,live,snapshot,,,,,88.749,88.8,88.7745000000,0.61,4.87,1787567194835,1787567195355,89.2452,88.8253,88.701,88.79,88.7455000000,0.48,0.47,1787567194835,1787567196686,89.113,88.804,,,,,
2026-08-24T10:26:38.929Z,live,snapshot,,,,,88.749,88.8,88.7745000000,0.61,4.87,1787567194835,1787567195355,89.2452,88.8253,88.701,88.79,88.7455000000,0.48,0.47,1787567194835,1787567196686,89.113,88.802,,,,,
2026-08-24T10:26:40.007Z,live,snapshot,,,,,88.749,88.8,88.7745000000,0.61,4.87,1787567194835,1787567195355,89.2446,88.8235,88.701,88.79,88.7455000000,0.48,0.47,1787567194835,1787567196686,89.112,88.8,,,,,
2026-08-24T10:26:41.112Z,live,snapshot,,,,,88.749,88.8,88.7745000000,0.61,4.87,1787567194835,1787567195355,89.2446,88.8225,88.701,88.79,88.7455000000,0.48,0.47,1787567194835,1787567196686,89.112,88.8,,,,,
2026-08-24T10:26:43.530Z,live,snapshot,,,,,88.743,88.8,88.7715000000,0.2,4.87,1787567200232,1787567201112,89.2446,88.8225,88.703,88.788,88.7455000000,9.76,0.48,1787567200232,1787567202246,89.112,88.8,,,,,
2026-08-24T10:26:44.926Z,live,snapshot,,,,,88.743,88.8,88.7715000000,0.2,4.87,1787567200232,1787567201112,89.2446,88.8225,88.703,88.788,88.7455000000,9.76,0.48,1787567200232,1787567202246,89.112,88.798,,,,,
2026-08-24T10:26:46.097Z,live,snapshot,,,,,88.743,88.8,88.7715000000,0.2,4.87,1787567200232,1787567201112,89.2439,88.8209,88.703,88.788,88.7455000000,9.76,0.48,1787567200232,1787567202246,89.112,88.798,,,,,
2026-08-24T10:26:47.380Z,live,snapshot,,,,,88.75,88.807,88.7785000000,0.73,4.87,1787567205648,1787567206622,89.2439,88.8209,88.703,88.788,88.7455000000,9.76,0.48,1787567205648,1787567207124,89.111,88.797,,,,,
2026-08-24T10:26:48.423Z,live,snapshot,,,,,88.75,88.807,88.7785000000,0.73,4.87,1787567205648,1787567206622,89.2439,88.82,88.703,88.788,88.7455000000,9.76,0.48,1787567205648,1787567207124,89.111,88.797,,,,,
2026-08-24T10:26:49.680Z,live,snapshot,,,,,88.75,88.807,88.7785000000,0.73,4.87,1787567205648,1787567206622,89.2439,88.82,88.703,88.788,88.7455000000,9.76,0.48,1787567205648,1787567207124,89.111,88.795,,,,,
2026-08-24T10:26:50.686Z,live,snapshot,,,,,88.75,88.807,88.7785000000,0.73,4.87,1787567205648,1787567206622,89.2433,88.8186,88.703,88.788,88.7455000000,9.76,0.48,1787567205648,1787567207124,89.111,88.795,,,,,
2026-08-24T10:26:51.869Z,live,snapshot,,,,,88.75,88.807,88.7785000000,0.73,7.12,1787567211059,1787567211615,89.2433,88.8186,88.703,88.788,88.7455000000,9.76,0.48,1787567205648,1787567207124,89.111,88.795,,,,,
2026-08-24T10:26:52.937Z,live,snapshot,,,,,88.75,88.807,88.7785000000,0.73,7.12,1787567211059,1787567211615,89.2433,88.8186,88.703,88.788,88.7455000000,9.76,0.48,1787567211059,1787567211870,89.11,88.794,,,,,
2026-08-24T10:26:54.141Z,live,snapshot,,,,,88.75,88.807,88.7785000000,0.73,7.12,1787567211059,1787567211615,89.2433,88.8178,88.703,88.788,88.7455000000,9.76,0.48,1787567211059,1787567211870,89.11,88.794,,,,,
2026-08-24T10:26:55.867Z,live,snapshot,,,,,88.75,88.807,88.7785000000,0.73,7.12,1787567211059,1787567211615,89.2433,88.8178,88.703,88.788,88.7455000000,9.76,0.48,1787567211059,1787567211870,89.11,88.792,,,,,
2026-08-24T10:26:56.944Z,live,snapshot,,,,,88.75,88.807,88.7785000000,0.73,7.12,1787567211059,1787567211615,89.2427,88.8164,88.703,88.788,88.7455000000,9.76,0.48,1787567211059,1787567211870,89.11,88.792,,,,,
2026-08-24T10:26:57.974Z,live,snapshot,,,,,88.774,88.807,88.7905000000,0.72,2.25,1787567216381,1787567216944,89.2427,88.8164,88.718,88.809,88.7635000000,0.48,10.95,1787567216381,1787567217200,89.11,88.792,,,,,
2026-08-24T10:26:59.060Z,live,snapshot,,,,,88.774,88.807,88.7905000000,0.72,2.25,1787567216381,1787567216944,89.2427,88.8164,88.718,88.809,88.7635000000,0.48,10.95,1787567216381,1787567217200,89.109,88.791,,,,,
2026-08-24T10:27:00.309Z,live,snapshot,,,,,88.774,88.807,88.7905000000,0.72,2.25,1787567216381,1787567216944,89.2421,88.8152,88.718,88.809,88.7635000000,0.48,10.95,1787567216381,1787567217200,89.109,88.791,,,,,
2026-08-24T10:27:02.086Z,live,snapshot,,,,,88.774,88.807,88.7905000000,0.72,2.25,1787567216381,1787567216944,89.2421,88.8152,88.718,88.809,88.7635000000,0.48,10.95,1787567216381,1787567217200,89.109,88.808,,,,,
2026-08-24T10:27:03.097Z,live,snapshot,,,,,88.774,88.807,88.7905000000,0.72,2.25,1787567216381,1787567216944,89.2421,88.8148,88.718,88.809,88.7635000000,0.48,10.95,1787567216381,1787567217200,89.109,88.808,,,,,
2026-08-24T10:27:04.250Z,live,snapshot,,,,,88.766,88.811,88.7885000000,0.84,4.87,1787567221782,1787567223097,89.2421,88.8148,88.718,88.809,88.7635000000,0.48,10.95,1787567221782,1787567223368,89.109,88.808,,,,,
2026-08-24T10:27:05.297Z,live,snapshot,,,,,88.766,88.811,88.7885000000,0.84,4.87,1787567221782,1787567223097,89.2421,88.8148,88.718,88.809,88.7635000000,0.48,10.95,1787567221782,1787567223368,89.108,88.808,,,,,
2026-08-24T10:27:06.507Z,live,snapshot,,,,,88.766,88.811,88.7885000000,0.84,4.87,1787567221782,1787567223097,89.2415,88.8136,88.718,88.809,88.7635000000,0.48,10.95,1787567221782,1787567223368,89.108,88.808,,,,,
2026-08-24T10:27:08.315Z,live,snapshot,,,,,88.766,88.811,88.7885000000,0.84,4.87,1787567221782,1787567223097,89.2415,88.8136,88.718,88.809,88.7635000000,0.48,10.95,1787567221782,1787567223368,89.108,88.808,,,,,
2026-08-24T10:27:09.330Z,live,snapshot,,,,,88.766,88.811,88.7885000000,0.84,4.87,1787567226785,1787567228811,89.2415,88.8136,88.718,88.809,88.7635000000,0.48,10.95,1787567226785,1787567229074,89.108,88.808,,,,,
2026-08-24T10:27:10.433Z,live,snapshot,,,,,88.766,88.811,88.7885000000,0.84,4.87,1787567226785,1787567228811,89.2415,88.8131,88.718,88.809,88.7635000000,0.48,10.95,1787567226785,1787567229074,89.108,88.808,,,,,
2026-08-24T10:27:11.446Z,live,snapshot,,,,,88.766,88.811,88.7885000000,0.84,4.87,1787567226785,1787567228811,89.2415,88.8131,88.718,88.809,88.7635000000,0.48,10.95,1787567226785,1787567229074,89.107,88.808,,,,,
2026-08-24T10:27:12.676Z,live,snapshot,,,,,88.766,88.811,88.7885000000,0.84,4.87,1787567226785,1787567228811,89.2409,88.812,88.718,88.809,88.7635000000,0.48,10.95,1787567226785,1787567229074,89.107,88.808,,,,,
2026-08-24T10:27:14.721Z,live,snapshot,,,,,88.766,88.811,88.7885000000,0.29,4.87,1787567232058,1787567232685,89.2409,88.812,88.716,88.804,88.7600000000,3.68,0.48,1787567232058,1787567232923,89.107,88.786,,,,,
2026-08-24T10:27:16.386Z,live,snapshot,,,,,88.766,88.811,88.7885000000,0.29,4.87,1787567232058,1787567232685,89.2409,88.8117,88.716,88.804,88.7600000000,3.68,0.48,1787567232058,1787567232923,89.107,88.786,,,,,
2026-08-24T10:27:17.550Z,live,snapshot,,,,,88.766,88.811,88.7885000000,0.29,4.87,1787567232058,1787567232685,89.2409,88.8117,88.716,88.804,88.7600000000,3.68,0.48,1787567232058,1787567232923,89.106,88.785,,,,,
2026-08-24T10:27:18.687Z,live,snapshot,,,,,88.766,88.812,88.7890000000,0.29,4.87,1787567237519,1787567237921,89.2403,88.8106,88.716,88.804,88.7600000000,3.68,0.48,1787567237519,1787567238427,89.106,88.785,,,,,
2026-08-24T10:27:20.754Z,live,snapshot,,,,,88.766,88.812,88.7890000000,0.29,4.87,1787567237519,1787567237921,89.2403,88.8106,88.716,88.804,88.7600000000,3.68,0.48,1787567237519,1787567238427,89.106,88.784,,,,,
2026-08-24T10:27:22.091Z,live,snapshot,,,,,88.766,88.812,88.7890000000,0.29,4.87,1787567237519,1787567237921,89.2397,88.8096,88.716,88.804,88.7600000000,3.68,0.48,1787567237519,1787567238427,89.106,88.784,,,,,
2026-08-24T10:27:23.487Z,live,snapshot,,,,,88.766,88.812,88.7890000000,0.29,4.87,1787567242824,1787567243221,89.2397,88.8096,88.716,88.804,88.7600000000,3.68,0.48,1787567237519,1787567238427,89.105,88.783,,,,,
2026-08-24T10:27:24.556Z,live,snapshot,,,,,88.766,88.812,88.7890000000,0.29,4.87,1787567242824,1787567243221,89.2397,88.8091,88.716,88.804,88.7600000000,3.68,0.48,1787567242824,1787567243765,89.105,88.783,,,,,
2026-08-24T10:27:25.694Z,live,snapshot,,,,,88.766,88.812,88.7890000000,0.29,4.87,1787567242824,1787567243221,89.2397,88.8091,88.716,88.804,88.7600000000,3.68,0.48,1787567242824,1787567243765,89.105,88.782,,,,,
2026-08-24T10:27:27.064Z,live,snapshot,,,,,88.766,88.812,88.7890000000,0.29,4.87,1787567242824,1787567243221,89.2391,88.8081,88.716,88.804,88.7600000000,3.68,0.48,1787567242824,1787567243765,89.105,88.782,,,,,
2026-08-24T10:27:28.128Z,live,snapshot,,,,,88.766,88.812,88.7890000000,0.29,4.87,1787567242824,1787567243221,89.2391,88.8081,88.716,88.804,88.7600000000,3.68,0.48,1787567242824,1787567243765,89.104,88.781,,,,,
2026-08-24T10:27:29.208Z,live,snapshot,,,,,88.74,88.812,88.7760000000,0.86,4.87,1787567248138,1787567248955,89.2391,88.8077,88.716,88.804,88.7600000000,3.68,0.48,1787567242824,1787567243765,89.104,88.781,,,,,
2026-08-24T10:27:30.247Z,live,snapshot,,,,,88.74,88.812,88.7760000000,0.86,4.87,1787567248138,1787567248955,89.2391,88.8077,88.696,88.777,88.7365000000,4.04,0.47,1787567248138,1787567249208,89.104,88.781,,,,,
2026-08-24T10:27:31.939Z,live,snapshot,,,,,88.74,88.812,88.7760000000,0.86,4.87,1787567248138,1787567248955,89.2391,88.8077,88.696,88.777,88.7365000000,4.04,0.47,1787567248138,1787567249208,89.104,88.782,,,,,
2026-08-24T10:27:33.415Z,live,snapshot,,,,,88.74,88.812,88.7760000000,0.86,4.87,1787567248138,1787567248955,89.2385,88.8065,88.696,88.777,88.7365000000,4.04,0.47,1787567248138,1787567249208,89.104,88.782,,,,,
2026-08-24T10:27:34.914Z,live,snapshot,,,,,88.74,88.812,88.7760000000,0.86,4.87,1787567248138,1787567248955,89.2385,88.8065,88.696,88.777,88.7365000000,4.04,0.47,1787567248138,1787567249208,89.103,88.778,,,,,
2026-08-24T10:27:36.002Z,live,snapshot,,,,,88.724,88.797,88.7605000000,0.88,0.87,1787567253542,1787567254914,89.2385,88.8057,88.694,88.761,88.7275000000,0.12,0.48,1787567253542,1787567255165,89.103,88.778,,,,,
2026-08-24T10:27:37.064Z,live,snapshot,,,,,88.724,88.797,88.7605000000,0.88,0.87,1787567253542,1787567254914,89.2385,88.8057,88.694,88.761,88.7275000000,0.12,0.48,1787567253542,1787567255165,89.103,88.777,,,,,
2026-08-24T10:27:38.109Z,live,snapshot,,,,,88.724,88.797,88.7605000000,0.88,0.87,1787567253542,1787567254914,89.2378,88.8042,88.694,88.761,88.7275000000,0.12,0.48,1787567253542,1787567255165,89.103,88.777,,,,,
2026-08-24T10:27:39.881Z,live,snapshot,,,,,88.724,88.797,88.7605000000,0.88,0.87,1787567253542,1787567254914,89.2378,88.8042,88.694,88.761,88.7275000000,0.12,0.48,1787567253542,1787567255165,89.103,88.777,,,,,
2026-08-24T10:27:40.926Z,live,snapshot,,,,,88.732,88.797,88.7645000000,0.87,0.87,1787567258923,1787567260412,89.2378,88.8042,88.682,88.761,88.7215000000,0.48,0.48,1787567258923,1787567260672,89.103,88.777,,,,,
2026-08-24T10:27:42.196Z,live,snapshot,,,,,88.732,88.797,88.7645000000,0.87,0.87,1787567258923,1787567260412,89.2378,88.8033,88.682,88.761,88.7215000000,0.48,0.48,1787567258923,1787567260672,89.102,88.775,,,,,
2026-08-24T10:27:43.254Z,live,snapshot,,,,,88.732,88.797,88.7645000000,0.87,0.87,1787567258923,1787567260412,89.2378,88.8033,88.682,88.761,88.7215000000,0.48,0.48,1787567258923,1787567260672,89.102,88.774,,,,,
2026-08-24T10:27:44.301Z,live,snapshot,,,,,88.732,88.797,88.7645000000,0.87,0.87,1787567258923,1787567260412,89.2371,88.8018,88.682,88.761,88.7215000000,0.48,0.48,1787567258923,1787567260672,89.102,88.774,,,,,
2026-08-24T10:27:46.170Z,live,snapshot,,,,,88.732,88.797,88.7645000000,0.31,0.87,1787567264379,1787567264836,89.2371,88.8018,88.682,88.761,88.7215000000,0.48,0.48,1787567258923,1787567260672,89.102,88.774,,,,,
2026-08-24T10:27:47.263Z,live,snapshot,,,,,88.732,88.797,88.7645000000,0.31,0.87,1787567264379,1787567264836,89.2371,88.8018,88.676,88.761,88.7185000000,0.48,0.48,1787567264379,1787567266413,89.102,88.774,,,,,
2026-08-24T10:27:48.347Z,live,snapshot,,,,,88.732,88.797,88.7645000000,0.31,0.87,1787567264379,1787567264836,89.2365,88.8004,88.676,88.761,88.7185000000,0.48,0.48,1787567264379,1787567266413,89.101,88.772,,,,,
2026-08-24T10:27:49.405Z,live,snapshot,,,,,88.732,88.797,88.7645000000,0.31,0.87,1787567264379,1787567264836,89.2365,88.8004,88.676,88.761,88.7185000000,0.48,0.48,1787567264379,1787567266413,89.1,88.771,,,,,
2026-08-24T10:27:50.528Z,live,snapshot,,,,,88.732,88.797,88.7645000000,0.31,0.87,1787567264379,1787567264836,89.2365,88.7998,88.676,88.761,88.7185000000,0.48,0.48,1787567264379,1787567266413,89.1,88.771,,,,,
2026-08-24T10:27:52.527Z,live,snapshot,,,,,88.749,88.797,88.7730000000,0.88,4.87,1787567269766,1787567270528,89.2365,88.7998,88.696,88.781,88.7385000000,0.44,140.32,1787567269766,1787567270781,89.1,88.771,,,,,
2026-08-24T10:27:53.880Z,live,snapshot,,,,,88.749,88.797,88.7730000000,0.88,4.87,1787567269766,1787567270528,89.2365,88.7998,88.696,88.781,88.7385000000,0.44,140.32,1787567269766,1787567270781,89.1,88.781,,,,,
2026-08-24T10:27:55.343Z,live,snapshot,,,,,88.749,88.797,88.7730000000,0.88,4.87,1787567269766,1787567270528,89.2358,88.7987,88.696,88.781,88.7385000000,0.44,140.32,1787567269766,1787567270781,89.099,88.78,,,,,
2026-08-24T10:27:56.384Z,live,snapshot,,,,,88.74,88.797,88.7685000000,0.88,4.87,1787567275023,1787567275878,89.2358,88.7987,88.69,88.775,88.7325000000,0.41,0.48,1787567275023,1787567276132,89.099,88.78,,,,,
2026-08-24T10:27:58.522Z,live,snapshot,,,,,88.74,88.797,88.7685000000,0.88,4.87,1787567275023,1787567275878,89.2358,88.7983,88.69,88.775,88.7325000000,0.41,0.48,1787567275023,1787567276132,89.099,88.78,,,,,
2026-08-24T10:27:59.537Z,live,snapshot,,,,,88.74,88.797,88.7685000000,0.88,4.87,1787567275023,1787567275878,89.2358,88.7983,88.69,88.775,88.7325000000,0.41,0.48,1787567275023,1787567276132,89.099,88.775,,,,,
2026-08-24T10:28:00.742Z,live,snapshot,,,,,88.74,88.797,88.7685000000,0.88,4.87,1787567275023,1787567275878,89.2352,88.797,88.69,88.775,88.7325000000,0.41,0.48,1787567275023,1787567276132,89.099,88.775,,,,,
2026-08-24T10:28:01.920Z,live,snapshot,,,,,88.74,88.797,88.7685000000,0.88,4.87,1787567280366,1787567280845,89.2352,88.797,88.69,88.778,88.7340000000,0.41,0.48,1787567280366,1787567281419,89.098,88.778,,,,,
2026-08-24T10:28:03.007Z,live,snapshot,,,,,88.74,88.797,88.7685000000,0.88,4.87,1787567280366,1787567280845,89.2352,88.7964,88.69,88.778,88.7340000000,0.41,0.48,1787567280366,1787567281419,89.098,88.778,,,,,
2026-08-24T10:28:04.527Z,live,snapshot,,,,,88.74,88.797,88.7685000000,0.88,4.87,1787567280366,1787567280845,89.2352,88.7964,88.69,88.778,88.7340000000,0.41,0.48,1787567280366,1787567281419,89.098,88.778,,,,,
2026-08-24T10:28:05.600Z,live,snapshot,,,,,88.74,88.797,88.7685000000,0.88,4.87,1787567280366,1787567280845,89.2345,88.7952,88.69,88.778,88.7340000000,0.41,0.48,1787567280366,1787567281419,89.098,88.778,,,,,
2026-08-24T10:28:06.783Z,live,snapshot,,,,,88.724,88.789,88.7565000000,0.88,0.88,1787567285832,1787567286289,89.2345,88.7952,88.689,88.762,88.7255000000,2.02,0.48,1787567285832,1787567286528,89.098,88.778,,,,,
2026-08-24T10:28:08.106Z,live,snapshot,,,,,88.724,88.789,88.7565000000,0.88,0.88,1787567285832,1787567286289,89.2345,88.7952,88.689,88.762,88.7255000000,2.02,0.48,1787567285832,1787567286528,89.097,88.764,,,,,
2026-08-24T10:28:10.675Z,live,snapshot,,,,,88.724,88.789,88.7565000000,0.88,0.88,1787567285832,1787567286289,89.2345,88.7945,88.689,88.762,88.7255000000,2.02,0.48,1787567285832,1787567286528,89.097,88.762,,,,,
2026-08-24T10:28:11.937Z,live,snapshot,,,,,88.724,88.789,88.7565000000,0.33,0.88,1787567291090,1787567291675,89.2338,88.793,88.689,88.762,88.7255000000,2.02,0.48,1787567285832,1787567286528,89.097,88.762,,,,,
2026-08-24T10:28:13.133Z,live,snapshot,,,,,88.724,88.789,88.7565000000,0.33,0.88,1787567291090,1787567291675,89.2338,88.793,88.689,88.762,88.7255000000,1.17,0.48,1787567291090,1787567291937,89.096,88.761,,,,,
2026-08-24T10:28:14.192Z,live,snapshot,,,,,88.724,88.789,88.7565000000,0.33,0.88,1787567291090,1787567291675,89.2332,88.7916,88.689,88.762,88.7255000000,1.17,0.48,1787567291090,1787567291937,89.096,88.761,,,,,
2026-08-24T10:28:16.810Z,live,snapshot,,,,,88.724,88.789,88.7565000000,0.33,0.88,1787567291090,1787567291675,89.2332,88.7916,88.689,88.762,88.7255000000,1.17,0.48,1787567291090,1787567291937,89.096,88.76,,,,,
2026-08-24T10:28:17.931Z,live,snapshot,,,,,88.724,88.789,88.7565000000,0.33,0.88,1787567291090,1787567291675,89.2332,88.7916,88.689,88.762,88.7255000000,1.17,0.48,1787567291090,1787567291937,89.096,88.76,,,,,
2026-08-24T10:28:19.032Z,live,snapshot,,,,,88.74,88.791,88.7655000000,0.89,0.14,1787567296579,1787567298204,89.2332,88.791,88.696,88.78,88.7380000000,0.48,0.48,1787567296579,1787567298525,89.096,88.76,,,,,
2026-08-24T10:28:20.036Z,live,snapshot,,,,,88.74,88.791,88.7655000000,0.89,0.14,1787567296579,1787567298204,89.2332,88.791,88.696,88.78,88.7380000000,0.48,0.48,1787567296579,1787567298525,89.095,88.759,,,,,
2026-08-24T10:28:21.213Z,live,snapshot,,,,,88.74,88.791,88.7655000000,0.89,0.14,1787567296579,1787567298204,89.2325,88.7898,88.696,88.78,88.7380000000,0.48,0.48,1787567296579,1787567298525,89.095,88.759,,,,,
2026-08-24T10:28:22.900Z,live,snapshot,,,,,88.74,88.791,88.7655000000,0.89,0.14,1787567296579,1787567298204,89.2325,88.7898,88.696,88.78,88.7380000000,0.48,0.48,1787567296579,1787567298525,89.095,88.758,,,,,
2026-08-24T10:28:23.971Z,live,snapshot,,,,,88.75,88.791,88.7705000000,0.9,5.01,1787567302022,1787567303423,89.2325,88.7898,88.719,88.808,88.7635000000,0.48,11.27,1787567302022,1787567303678,89.095,88.758,,,,,
2026-08-24T10:28:24.993Z,live,snapshot,,,,,88.75,88.791,88.7705000000,0.9,5.01,1787567302022,1787567303423,89.2325,88.7894,88.719,88.808,88.7635000000,0.48,11.27,1787567302022,1787567303678,89.095,88.758,,,,,
2026-08-24T10:28:26.200Z,live,snapshot,,,,,88.75,88.791,88.7705000000,0.9,5.01,1787567302022,1787567303423,89.2325,88.7894,88.719,88.808,88.7635000000,0.48,11.27,1787567302022,1787567303678,89.094,88.758,,,,,
2026-08-24T10:28:27.213Z,live,snapshot,,,,,88.75,88.791,88.7705000000,0.9,5.01,1787567302022,1787567303423,89.2319,88.7884,88.719,88.808,88.7635000000,0.48,11.27,1787567302022,1787567303678,89.094,88.758,,,,,
2026-08-24T10:28:28.919Z,live,snapshot,,,,,88.75,88.791,88.7705000000,0.9,5.01,1787567307094,1787567307792,89.2319,88.7884,88.719,88.808,88.7635000000,0.48,11.27,1787567302022,1787567303678,89.094,88.758,,,,,
2026-08-24T10:28:29.953Z,live,snapshot,,,,,88.75,88.791,88.7705000000,0.9,5.01,1787567307094,1787567307792,89.2319,88.7884,88.729,88.808,88.7685000000,0.48,0.42,1787567307094,1787567308919,89.094,88.758,,,,,
2026-08-24T10:28:31.302Z,live,snapshot,,,,,88.75,88.791,88.7705000000,0.9,5.01,1787567307094,1787567307792,89.2319,88.788,88.729,88.808,88.7685000000,0.48,0.42,1787567307094,1787567308919,89.093,88.808,,,,,
2026-08-24T10:28:32.662Z,live,snapshot,,,,,88.75,88.791,88.7705000000,0.9,5.01,1787567307094,1787567307792,89.2319,88.788,88.729,88.808,88.7685000000,0.48,0.42,1787567307094,1787567308919,89.093,88.808,,,,,
2026-08-24T10:28:33.918Z,live,snapshot,,,,,88.75,88.791,88.7705000000,0.9,4.87,1787567312442,1787567313140,89.2313,88.7872,88.729,88.809,88.7690000000,0.48,10.95,1787567312442,1787567313398,89.093,88.808,,,,,
2026-08-24T10:28:35.020Z,live,snapshot,,,,,88.75,88.791,88.7705000000,0.9,4.87,1787567312442,1787567313140,89.2313,88.7872,88.729,88.809,88.7690000000,0.48,10.95,1787567312442,1787567313398,89.093,88.808,,,,,
2026-08-24T10:28:36.164Z,live,snapshot,,,,,88.75,88.791,88.7705000000,0.9,4.87,1787567312442,1787567313140,89.2313,88.7872,88.729,88.809,88.7690000000,0.48,10.95,1787567312442,1787567313398,89.093,88.808,,,,,
2026-08-24T10:28:37.697Z,live,snapshot,,,,,88.75,88.791,88.7705000000,0.9,4.87,1787567312442,1787567313140,89.2307,88.7862,88.729,88.809,88.7690000000,0.48,10.95,1787567312442,1787567313398,89.092,88.808,,,,,
2026-08-24T10:28:42.092Z,live,snapshot,,,,,88.75,88.791,88.7705000000,0.34,4.87,1787567320513,1787567320947,,,,,,,,,,,,,,,,
2026-08-24T10:28:43.097Z,live,snapshot,,,,,88.75,88.791,88.7705000000,0.34,4.87,1787567320513,1787567320947,89.2301,88.7849,88.714,88.799,88.7565000000,3.17,0.48,1787567320513,1787567322590,89.092,88.799,,,,,
2026-08-24T10:28:44.189Z,live,snapshot,,,,,88.75,88.791,88.7705000000,0.34,4.87,1787567320513,1787567320947,89.2301,88.7849,88.714,88.799,88.7565000000,3.17,0.48,1787567320513,1787567322590,89.092,88.799,,,,,
2026-08-24T10:28:45.203Z,live,snapshot,,,,,88.75,88.791,88.7705000000,0.34,5.01,1787567323213,1787567324952,89.2301,88.7849,88.714,88.799,88.7565000000,3.17,0.48,1787567320513,1787567322590,89.091,88.756,,,,,
2026-08-24T10:28:46.217Z,live,snapshot,,,,,88.75,88.791,88.7705000000,0.34,5.01,1787567323213,1787567324952,89.2301,88.7847,88.714,88.799,88.7565000000,3.17,0.33,1787567323213,1787567325203,89.091,88.756,,,,,
2026-08-24T10:28:48.181Z,live,snapshot,,,,,88.75,88.791,88.7705000000,0.34,5.01,1787567323213,1787567324952,89.2294,88.7837,88.714,88.799,88.7565000000,3.17,0.33,1787567323213,1787567325203,89.091,88.799,,,,,
2026-08-24T10:28:49.568Z,live,snapshot,,,,,88.75,88.791,88.7705000000,0.34,5.01,1787567323213,1787567324952,89.2294,88.7837,88.714,88.799,88.7565000000,3.17,0.33,1787567323213,1787567325203,89.09,88.799,,,,,
2026-08-24T10:28:50.651Z,live,snapshot,,,,,88.75,88.791,88.7705000000,0.34,5.01,1787567328616,1787567329568,89.2294,88.7835,88.717,88.8,88.7585000000,0.48,0.48,1787567328616,1787567329824,89.09,88.799,,,,,
2026-08-24T10:28:51.735Z,live,snapshot,,,,,88.75,88.791,88.7705000000,0.34,5.01,1787567328616,1787567329568,89.2294,88.7835,88.717,88.8,88.7585000000,0.48,0.48,1787567328616,1787567329824,89.09,88.793,,,,,
2026-08-24T10:28:52.884Z,live,snapshot,,,,,88.75,88.791,88.7705000000,0.34,5.01,1787567328616,1787567329568,89.2294,88.7835,88.717,88.8,88.7585000000,0.48,0.48,1787567328616,1787567329824,89.09,88.793,,,,,
2026-08-24T10:28:54.657Z,live,snapshot,,,,,88.75,88.791,88.7705000000,0.34,5.01,1787567328616,1787567329568,89.2288,88.7826,88.717,88.8,88.7585000000,0.48,0.48,1787567328616,1787567329824,89.09,88.793,,,,,
2026-08-24T10:28:55.659Z,live,snapshot,,,,,88.732,88.791,88.7615000000,0.7,4.87,1787567333971,1787567335163,89.2288,88.7826,88.714,88.781,88.7475000000,3.17,0.45,1787567333971,1787567335423,89.09,88.793,,,,,
2026-08-24T10:28:56.684Z,live,snapshot,,,,,88.732,88.791,88.7615000000,0.7,4.87,1787567333971,1787567335163,89.2288,88.7823,88.714,88.781,88.7475000000,3.17,0.45,1787567333971,1787567335423,89.089,88.781,,,,,
2026-08-24T10:28:57.927Z,live,snapshot,,,,,88.732,88.791,88.7615000000,0.7,4.87,1787567333971,1787567335163,89.2288,88.7823,88.714,88.781,88.7475000000,3.17,0.45,1787567333971,1787567335423,89.089,88.781,,,,,
2026-08-24T10:28:59.098Z,live,snapshot,,,,,88.732,88.791,88.7615000000,0.7,4.87,1787567333971,1787567335163,89.2282,88.7813,88.714,88.781,88.7475000000,3.17,0.45,1787567333971,1787567335423,89.089,88.799,,,,,
2026-08-24T10:29:00.683Z,live,snapshot,,,,,88.732,88.791,88.7615000000,0.7,4.87,1787567333971,1787567335163,89.2282,88.7813,88.714,88.781,88.7475000000,3.17,0.45,1787567333971,1787567335423,89.089,88.799,,,,,
2026-08-24T10:29:01.774Z,live,snapshot,,,,,88.748,88.791,88.7695000000,0.73,4.87,1787567339358,1787567341180,89.2282,88.7813,88.72,88.804,88.7620000000,0.48,2.25,1787567339358,1787567341482,89.089,88.799,,,,,
2026-08-24T10:29:02.863Z,live,snapshot,,,,,88.748,88.791,88.7695000000,0.73,4.87,1787567339358,1787567341180,89.2282,88.7813,88.72,88.804,88.7620000000,0.48,2.25,1787567339358,1787567341482,89.088,88.793,,,,,
2026-08-24T10:29:03.871Z,live,snapshot,,,,,88.748,88.791,88.7695000000,0.73,4.87,1787567339358,1787567341180,89.2275,88.7804,88.72,88.804,88.7620000000,0.48,2.25,1787567339358,1787567341482,89.088,88.793,,,,,
2026-08-24T10:29:04.923Z,live,snapshot,,,,,88.748,88.791,88.7695000000,0.73,4.87,1787567339358,1787567341180,89.2275,88.7804,88.72,88.804,88.7620000000,0.48,2.25,1787567339358,1787567341482,89.088,88.793,,,,,
2026-08-24T10:29:06.923Z,live,snapshot,,,,,88.755,88.791,88.7730000000,0.73,4.87,1787567344826,1787567345234,89.2275,88.7802,88.73,88.803,88.7665000000,10.77,0.48,1787567344826,1787567345787,89.088,88.793,,,,,
2026-08-24T10:29:08.313Z,live,snapshot,,,,,88.755,88.791,88.7730000000,0.73,4.87,1787567344826,1787567345234,89.2275,88.7802,88.73,88.803,88.7665000000,10.77,0.48,1787567344826,1787567345787,89.088,88.793,,,,,
2026-08-24T10:29:09.400Z,live,snapshot,,,,,88.755,88.791,88.7730000000,0.73,4.87,1787567344826,1787567345234,89.2269,88.791,88.73,88.803,88.7665000000,10.77,0.48,1787567344826,1787567345787,89.088,88.793,,,,,
2026-08-24T10:29:10.789Z,live,snapshot,,,,,88.769,88.791,88.7800000000,20.12,0.17,1787567350151,1787567350536,89.2269,88.791,88.73,88.803,88.7665000000,10.77,0.48,1787567344826,1787567345787,89.087,88.793,,,,,
2026-08-24T10:29:12.985Z,live,snapshot,,,,,88.769,88.791,88.7800000000,20.12,0.17,1787567350151,1787567350536,89.2269,88.791,88.778,88.863,88.8205000000,3.03,0.47,1787567350151,1787567350789,89.087,88.793,,,,,
2026-08-24T10:29:14.052Z,live,snapshot,,,,,88.769,88.791,88.7800000000,20.12,0.17,1787567350151,1787567350536,89.2269,88.791,88.778,88.863,88.8205000000,3.03,0.47,1787567350151,1787567350789,89.087,88.778,,,,,
2026-08-24T10:29:15.295Z,live,snapshot,,,,,88.769,88.791,88.7800000000,20.12,0.17,1787567350151,1787567350536,89.2264,88.7791,88.778,88.863,88.8205000000,3.03,0.47,1787567350151,1787567350789,89.087,88.778,,,,,
2026-08-24T10:29:16.579Z,live,snapshot,,,,,88.758,88.802,88.7800000000,4.28,0.14,1787567355561,1787567355986,89.2264,88.7791,88.734,88.823,88.7785000000,10.77,0.47,1787567355561,1787567356283,89.087,88.778,,,,,
2026-08-24T10:29:17.736Z,live,snapshot,,,,,88.758,88.802,88.7800000000,4.28,0.14,1787567355561,1787567355986,89.2264,88.7791,88.734,88.823,88.7785000000,10.77,0.47,1787567355561,1787567356283,89.086,88.778,,,,,
2026-08-24T10:29:19.179Z,live,snapshot,,,,,88.758,88.802,88.7800000000,4.28,0.14,1787567355561,1787567355986,89.2264,88.7791,88.734,88.823,88.7785000000,10.77,0.47,1787567355561,1787567356283,89.086,88.778,,,,,
2026-08-24T10:29:20.624Z,live,snapshot,,,,,88.758,88.802,88.7800000000,4.28,0.14,1787567355561,1787567355986,89.2264,88.7791,88.734,88.823,88.7785000000,10.77,0.47,1787567355561,1787567356283,89.086,88.778,,,,,
2026-08-24T10:29:21.778Z,live,snapshot,,,,,88.759,88.802,88.7805000000,0.71,0.14,1787567360964,1787567361520,89.2258,88.7785,88.734,88.823,88.7785000000,10.77,0.47,1787567355561,1787567356283,89.086,88.778,,,,,
2026-08-24T10:29:23.341Z,live,snapshot,,,,,88.759,88.802,88.7805000000,0.71,0.14,1787567360964,1787567361520,89.2258,88.7785,88.742,88.836,88.7890000000,0.47,0.41,1787567360964,1787567361779,89.086,88.778,,,,,
2026-08-24T10:29:25.220Z,live,snapshot,,,,,88.759,88.802,88.7805000000,0.71,0.14,1787567360964,1787567361520,89.2258,88.7786,88.742,88.836,88.7890000000,0.47,0.41,1787567360964,1787567361779,89.086,88.778,,,,,
2026-08-24T10:29:26.249Z,live,snapshot,,,,,88.759,88.802,88.7805000000,0.71,0.14,1787567360964,1787567361520,89.2258,88.7786,88.742,88.836,88.7890000000,0.47,0.41,1787567360964,1787567361779,89.085,88.778,,,,,
2026-08-24T10:29:27.483Z,live,snapshot,,,,,88.758,88.78,88.7690000000,2.58,0.71,1787567366365,1787567366797,89.2252,88.778,88.712,88.773,88.7425000000,0.17,0.47,1787567366365,1787567367219,89.085,88.778,,,,,
2026-08-24T10:29:28.552Z,live,snapshot,,,,,88.758,88.78,88.7690000000,2.58,0.71,1787567366365,1787567366797,89.2252,88.778,88.712,88.773,88.7425000000,0.17,0.47,1787567366365,1787567367219,89.085,88.778,,,,,
2026-08-24T10:29:29.606Z,live,snapshot,,,,,88.758,88.78,88.7690000000,2.58,0.71,1787567366365,1787567366797,89.2252,88.778,88.712,88.773,88.7425000000,0.17,0.47,1787567366365,1787567367219,89.085,88.778,,,,,
2026-08-24T10:29:31.296Z,live,snapshot,,,,,88.758,88.78,88.7690000000,2.58,0.71,1787567366365,1787567366797,89.2246,88.7774,88.712,88.773,88.7425000000,0.17,0.47,1787567366365,1787567367219,89.085,88.778,,,,,
2026-08-24T10:29:32.320Z,live,snapshot,,,,,88.758,88.78,88.7690000000,2.58,0.71,1787567366365,1787567366797,89.2246,88.7774,88.712,88.773,88.7425000000,0.17,0.47,1787567366365,1787567367219,89.084,88.772,,,,,
2026-08-24T10:29:33.450Z,live,snapshot,,,,,88.7,88.75,88.7250000000,7.02,1.36,1787567371725,1787567372321,89.2246,88.7772,88.71,88.753,88.7315000000,2.25,0.42,1787567371725,1787567372580,89.084,88.772,,,,,
2026-08-24T10:29:34.508Z,live,snapshot,,,,,88.7,88.75,88.7250000000,7.02,1.36,1787567371725,1787567372321,89.2246,88.7772,88.71,88.753,88.7315000000,2.25,0.42,1787567371725,1787567372580,89.084,88.754,,,,,
2026-08-24T10:29:35.565Z,live,snapshot,,,,,88.7,88.75,88.7250000000,7.02,1.36,1787567371725,1787567372321,89.2246,88.7772,88.71,88.753,88.7315000000,2.25,0.42,1787567371725,1787567372580,89.084,88.754,,,,,
2026-08-24T10:29:37.634Z,live,snapshot,,,,,88.7,88.75,88.7250000000,7.02,1.36,1787567371725,1787567372321,89.2239,88.7763,88.71,88.753,88.7315000000,2.25,0.42,1787567371725,1787567372580,89.083,88.752,,,,,
2026-08-24T10:29:38.673Z,live,snapshot,,,,,88.7,88.75,88.7250000000,7.02,1.36,1787567371725,1787567372321,89.2239,88.7753,88.71,88.753,88.7315000000,2.25,0.42,1787567371725,1787567372580,89.083,88.752,,,,,
2026-08-24T10:29:39.698Z,live,snapshot,,,,,88.672,88.757,88.7145000000,0.71,0.71,1787567377097,1787567378673,89.2239,88.7753,88.643,88.721,88.6820000000,5.48,2.29,1787567377097,1787567378925,89.083,88.752,,,,,
2026-08-24T10:29:40.751Z,live,snapshot,,,,,88.672,88.757,88.7145000000,0.71,0.71,1787567377097,1787567378673,89.2239,88.7753,88.643,88.721,88.6820000000,5.48,2.29,1787567377097,1787567378925,89.083,88.75,,,,,
2026-08-24T10:29:41.925Z,live,snapshot,,,,,88.672,88.757,88.7145000000,0.71,0.71,1787567377097,1787567378673,89.2233,88.7735,88.643,88.721,88.6820000000,5.48,2.29,1787567377097,1787567378925,89.083,88.75,,,,,
2026-08-24T10:29:44.532Z,live,snapshot,,,,,88.672,88.757,88.7145000000,0.71,0.71,1787567377097,1787567378673,89.2233,88.7735,88.643,88.721,88.6820000000,5.48,2.29,1787567377097,1787567378925,89.082,88.748,,,,,
2026-08-24T10:29:45.570Z,live,snapshot,,,,,88.718,88.768,88.7430000000,0.7,2.4,1787567382497,1787567385015,89.2233,88.7735,88.69,88.773,88.7315000000,4.04,4.5,1787567382497,1787567385316,89.082,88.748,,,,,
2026-08-24T10:29:46.594Z,live,snapshot,,,,,88.718,88.768,88.7430000000,0.7,2.4,1787567382497,1787567385015,89.2233,88.7725,88.69,88.773,88.7315000000,4.04,4.5,1787567382497,1787567385316,89.082,88.748,,,,,
2026-08-24T10:29:47.626Z,live,snapshot,,,,,88.718,88.768,88.7430000000,0.7,2.4,1787567382497,1787567385015,89.2233,88.7725,88.69,88.773,88.7315000000,4.04,4.5,1787567382497,1787567385316,89.081,88.747,,,,,
2026-08-24T10:29:48.660Z,live,snapshot,,,,,88.718,88.768,88.7430000000,0.7,2.4,1787567382497,1787567385015,89.2227,88.7714,88.69,88.773,88.7315000000,4.04,4.5,1787567382497,1787567385316,89.081,88.747,,,,,
2026-08-24T10:29:50.757Z,live,snapshot,,,,,88.697,88.767,88.7320000000,0.7,0.68,1787567387859,1787567388917,89.2227,88.7714,88.658,88.737,88.6975000000,5.0,0.47,1787567387859,1787567389463,89.081,88.747,,,,,
2026-08-24T10:29:52.014Z,live,snapshot,,,,,88.697,88.767,88.7320000000,0.7,0.68,1787567387859,1787567388917,89.2227,88.7707,88.658,88.737,88.6975000000,5.0,0.47,1787567387859,1787567389463,89.081,88.746,,,,,
2026-08-24T10:29:53.129Z,live,snapshot,,,,,88.697,88.767,88.7320000000,0.7,0.68,1787567387859,1787567388917,89.2227,88.7707,88.658,88.737,88.6975000000,5.0,0.47,1787567387859,1787567389463,89.08,88.745,,,,,
2026-08-24T10:29:54.463Z,live,snapshot,,,,,88.686,88.753,88.7195000000,0.14,0.68,1787567393176,1787567394162,89.2221,88.7692,88.658,88.737,88.6975000000,5.0,0.47,1787567387859,1787567389463,89.08,88.745,,,,,
2026-08-24T10:29:55.771Z,live,snapshot,,,,,88.686,88.753,88.7195000000,0.14,0.68,1787567393176,1787567394162,89.2221,88.7692,88.625,88.716,88.6705000000,0.46,0.46,1787567393176,1787567394464,89.08,88.743,,,,,
2026-08-24T10:29:56.931Z,live,snapshot,,,,,88.686,88.753,88.7195000000,0.14,0.68,1787567393176,1787567394162,89.2221,88.7692,88.625,88.716,88.6705000000,0.46,0.46,1787567393176,1787567394464,89.08,88.743,,,,,
2026-08-24T10:29:58.150Z,live,snapshot,,,,,88.686,88.753,88.7195000000,0.14,0.68,1787567393176,1787567394162,89.2214,88.7676,88.625,88.716,88.6705000000,0.46,0.46,1787567393176,1787567394464,89.08,88.743,,,,,
2026-08-24T10:29:59.376Z,live,snapshot,,,,,88.686,88.753,88.7195000000,0.14,0.68,1787567393176,1787567394162,89.2214,88.7666,88.625,88.716,88.6705000000,0.46,0.46,1787567393176,1787567394464,89.079,88.741,,,,,
2026-08-24T10:30:00.401Z,live,snapshot,,,,,88.7,88.77,88.7350000000,0.68,0.53,1787567398702,1787567399618,89.2214,88.7666,88.651,88.727,88.6890000000,5.0,4.04,1787567398702,1787567399871,89.079,88.741,,,,,
2026-08-24T10:30:01.471Z,live,snapshot,,,,,88.7,88.77,88.7350000000,0.68,0.53,1787567398702,1787567399618,89.2214,88.7666,88.651,88.727,88.6890000000,5.0,4.04,1787567398702,1787567399871,89.079,88.739,,,,,
2026-08-24T10:30:03.528Z,live,snapshot,,,,,88.7,88.77,88.7350000000,0.68,0.53,1787567398702,1787567399618,89.2214,88.7666,88.651,88.727,88.6890000000,5.0,4.04,1787567398702,1787567399871,89.079,88.739,,,,,
2026-08-24T10:30:04.713Z,live,snapshot,,,,,88.7,88.77,88.7350000000,0.68,0.53,1787567398702,1787567399618,89.2208,88.7653,88.651,88.727,88.6890000000,5.0,4.04,1787567398702,1787567399871,89.079,88.739,,,,,
2026-08-24T10:30:05.738Z,live,snapshot,,,,,88.685,88.756,88.7205000000,0.66,0.66,1787567403864,1787567405231,89.2208,88.7653,88.63,88.708,88.6690000000,5.0,2.42,1787567403864,1787567405484,89.078,88.737,,,,,
2026-08-24T10:30:06.819Z,live,snapshot,,,,,88.685,88.756,88.7205000000,0.66,0.66,1787567403864,1787567405231,89.2208,88.7647,88.63,88.708,88.6690000000,5.0,2.42,1787567403864,1787567405484,89.078,88.737,,,,,
2026-08-24T10:30:08.490Z,live,snapshot,,,,,88.685,88.756,88.7205000000,0.66,0.66,1787567403864,1787567405231,89.2208,88.7647,88.63,88.708,88.6690000000,5.0,2.42,1787567403864,1787567405484,89.077,88.735,,,,,
2026-08-24T10:30:09.969Z,live,snapshot,,,,,88.685,88.756,88.7205000000,0.66,0.66,1787567403864,1787567405231,89.2202,88.7632,88.63,88.708,88.6690000000,5.0,2.42,1787567403864,1787567405484,89.077,88.735,,,,,
2026-08-24T10:30:11.268Z,live,snapshot,,,,,88.727,88.758,88.7425000000,0.65,2.4,1787567409191,1787567410483,89.2202,88.7632,88.66,88.755,88.7075000000,2.02,0.46,1787567409191,1787567410978,89.077,88.735,,,,,
2026-08-24T10:30:12.281Z,live,snapshot,,,,,88.727,88.758,88.7425000000,0.65,2.4,1787567409191,1787567410483,89.2202,88.7627,88.66,88.755,88.7075000000,2.02,0.46,1787567409191,1787567410978,89.077,88.734,,,,,
2026-08-24T10:30:13.608Z,live,snapshot,,,,,88.727,88.758,88.7425000000,0.65,2.4,1787567409191,1787567410483,89.2202,88.7627,88.66,88.755,88.7075000000,2.02,0.46,1787567409191,1787567410978,89.076,88.733,,,,,
2026-08-24T10:30:14.673Z,live,snapshot,,,,,88.727,88.758,88.7425000000,0.65,2.4,1787567409191,1787567410483,89.2202,88.7627,88.66,88.755,88.7075000000,2.02,0.46,1787567409191,1787567410978,89.076,88.733,,,,,
2026-08-24T10:30:16.223Z,live,snapshot,,,,,88.715,88.762,88.7385000000,0.65,0.53,1787567414574,1787567415006,89.2196,88.7617,88.66,88.755,88.7075000000,2.02,0.46,1787567409191,1787567410978,89.076,88.733,,,,,
2026-08-24T10:30:17.286Z,live,snapshot,,,,,88.715,88.762,88.7385000000,0.65,0.53,1787567414574,1787567415006,89.2196,88.7617,88.66,88.743,88.7015000000,1.55,0.49,1787567414574,1787567416507,89.076,88.733,,,,,
2026-08-24T10:30:18.381Z,live,snapshot,,,,,88.715,88.762,88.7385000000,0.65,0.53,1787567414574,1787567415006,89.2196,88.7612,88.66,88.743,88.7015000000,1.55,0.49,1787567414574,1787567416507,89.076,88.732,,,,,
2026-08-24T10:30:19.789Z,live,snapshot,,,,,88.715,88.762,88.7385000000,0.65,0.53,1787567414574,1787567415006,89.2196,88.7612,88.66,88.743,88.7015000000,1.55,0.49,1787567414574,1787567416507,89.075,88.731,,,,,
2026-08-24T10:30:20.990Z,live,snapshot,,,,,88.719,88.759,88.7390000000,0.62,0.14,1787567419953,1787567420386,89.219,88.7602,88.66,88.743,88.7015000000,1.55,0.49,1787567419953,1787567420645,89.075,88.731,,,,,
2026-08-24T10:30:22.281Z,live,snapshot,,,,,88.719,88.759,88.7390000000,0.62,0.14,1787567419953,1787567420386,89.219,88.7602,88.66,88.743,88.7015000000,1.55,0.49,1787567419953,1787567420645,89.075,88.731,,,,,
2026-08-24T10:30:23.289Z,live,snapshot,,,,,88.719,88.759,88.7390000000,0.62,0.14,1787567419953,1787567420386,89.219,88.7602,88.66,88.743,88.7015000000,1.55,0.49,1787567419953,1787567420645,89.075,88.73,,,,,
2026-08-24T10:30:24.430Z,live,snapshot,,,,,88.719,88.759,88.7390000000,0.62,0.14,1787567419953,1787567420386,89.2184,88.7591,88.66,88.743,88.7015000000,1.55,0.49,1787567419953,1787567420645,89.075,88.73,,,,,
2026-08-24T10:30:25.511Z,live,snapshot,,,,,88.719,88.759,88.7390000000,0.62,0.14,1787567419953,1787567420386,89.2184,88.7591,88.66,88.743,88.7015000000,1.55,0.49,1787567419953,1787567420645,89.074,88.729,,,,,
2026-08-24T10:30:26.698Z,live,snapshot,,,,,88.723,88.759,88.7410000000,0.63,0.14,1787567425306,1787567425676,89.2184,88.7587,88.66,88.743,88.7015000000,1.55,0.49,1787567425306,1787567425935,89.074,88.729,,,,,
2026-08-24T10:30:28.372Z,live,snapshot,,,,,88.723,88.759,88.7410000000,0.63,0.14,1787567425306,1787567425676,89.2184,88.7587,88.66,88.743,88.7015000000,1.55,0.49,1787567425306,1787567425935,89.074,88.729,,,,,
2026-08-24T10:30:29.383Z,live,snapshot,,,,,88.723,88.759,88.7410000000,0.63,0.14,1787567425306,1787567425676,89.2184,88.7587,88.66,88.743,88.7015000000,1.55,0.49,1787567425306,1787567425935,89.074,88.728,,,,,
2026-08-24T10:30:31.073Z,live,snapshot,,,,,88.723,88.759,88.7410000000,0.63,0.14,1787567425306,1787567425676,89.2178,88.7577,88.66,88.743,88.7015000000,1.55,0.49,1787567425306,1787567425935,89.073,88.743,,,,,
2026-08-24T10:30:32.103Z,live,snapshot,,,,,88.73,88.76,88.7450000000,0.62,0.14,1787567430712,1787567431572,89.2178,88.7577,88.664,88.744,88.7040000000,0.49,2.31,1787567430712,1787567431849,89.073,88.743,,,,,
2026-08-24T10:30:33.141Z,live,snapshot,,,,,88.73,88.76,88.7450000000,0.62,0.14,1787567430712,1787567431572,89.2178,88.7574,88.664,88.744,88.7040000000,0.49,2.31,1787567430712,1787567431849,89.073,88.743,,,,,
2026-08-24T10:30:34.331Z,live,snapshot,,,,,88.73,88.76,88.7450000000,0.62,0.14,1787567430712,1787567431572,89.2178,88.7574,88.664,88.744,88.7040000000,0.49,2.31,1787567430712,1787567431849,89.073,88.743,,,,,
2026-08-24T10:30:35.342Z,live,snapshot,,,,,88.73,88.76,88.7450000000,0.62,0.14,1787567430712,1787567431572,89.2178,88.7574,88.664,88.744,88.7040000000,0.49,2.31,1787567430712,1787567431849,89.073,88.743,,,,,
2026-08-24T10:30:36.385Z,live,snapshot,,,,,88.73,88.76,88.7450000000,0.62,0.14,1787567430712,1787567431572,89.2172,88.7565,88.664,88.744,88.7040000000,0.49,2.31,1787567430712,1787567431849,89.073,88.743,,,,,
2026-08-24T10:30:37.741Z,live,snapshot,,,,,88.731,88.76,88.7455000000,0.62,0.14,1787567436123,1787567436524,89.2172,88.7565,88.664,88.744,88.7040000000,0.49,2.31,1787567436123,1787567437025,89.072,88.743,,,,,
2026-08-24T10:30:39.215Z,live,snapshot,,,,,88.731,88.76,88.7455000000,0.62,0.14,1787567436123,1787567436524,89.2172,88.7563,88.664,88.744,88.7040000000,0.49,2.31,1787567436123,1787567437025,89.072,88.743,,,,,
2026-08-24T10:30:40.654Z,live,snapshot,,,,,88.731,88.76,88.7455000000,0.62,0.14,1787567436123,1787567436524,89.2172,88.7563,88.664,88.744,88.7040000000,0.49,2.31,1787567436123,1787567437025,89.072,88.743,,,,,
2026-08-24T10:30:41.696Z,live,snapshot,,,,,88.731,88.76,88.7455000000,0.62,0.14,1787567436123,1787567436524,89.2166,88.7555,88.664,88.744,88.7040000000,0.49,2.31,1787567436123,1787567437025,89.072,88.743,,,,,
2026-08-24T10:30:42.802Z,live,snapshot,,,,,88.731,88.76,88.7455000000,0.61,0.14,1787567441576,1787567441980,89.2166,88.7555,88.684,88.743,88.7135000000,10.77,0.5,1787567441576,1787567442227,89.072,88.743,,,,,
2026-08-24T10:30:44.009Z,live,snapshot,,,,,88.731,88.76,88.7455000000,0.61,0.14,1787567441576,1787567441980,89.2166,88.7555,88.684,88.743,88.7135000000,10.77,0.5,1787567441576,1787567442227,89.071,88.723,,,,,
2026-08-24T10:30:45.469Z,live,snapshot,,,,,88.731,88.76,88.7455000000,0.61,0.14,1787567441576,1787567441980,89.216,88.7548,88.684,88.743,88.7135000000,10.77,0.5,1787567441576,1787567442227,89.071,88.723,,,,,
2026-08-24T10:30:46.717Z,live,snapshot,,,,,88.731,88.76,88.7455000000,0.61,0.14,1787567441576,1787567441980,89.216,88.7548,88.684,88.743,88.7135000000,10.77,0.5,1787567441576,1787567442227,89.071,88.723,,,,,
2026-08-24T10:30:47.720Z,live,snapshot,,,,,88.731,88.76,88.7455000000,0.61,0.14,1787567441576,1787567441980,89.216,88.7548,88.684,88.743,88.7135000000,10.77,0.5,1787567441576,1787567442227,89.071,88.722,,,,,
2026-08-24T10:30:48.778Z,live,snapshot,,,,,88.731,88.76,88.7455000000,0.06,0.14,1787567446933,1787567447978,89.216,88.7546,88.684,88.757,88.7205000000,10.77,0.5,1787567446933,1787567448388,89.071,88.722,,,,,
2026-08-24T10:30:49.811Z,live,snapshot,,,,,88.731,88.76,88.7455000000,0.06,0.14,1787567446933,1787567447978,89.216,88.7546,88.684,88.757,88.7205000000,10.77,0.5,1787567446933,1787567448388,89.07,88.722,,,,,
2026-08-24T10:30:51.518Z,live,snapshot,,,,,88.731,88.76,88.7455000000,0.06,0.14,1787567446933,1787567447978,89.2154,88.7538,88.684,88.757,88.7205000000,10.77,0.5,1787567446933,1787567448388,89.07,88.722,,,,,
2026-08-24T10:30:53.005Z,live,snapshot,,,,,88.731,88.76,88.7455000000,0.06,0.14,1787567446933,1787567447978,89.2154,88.7538,88.684,88.757,88.7205000000,10.77,0.5,1787567446933,1787567448388,89.07,88.722,,,,,
2026-08-24T10:30:54.533Z,live,snapshot,,,,,88.731,88.76,88.7455000000,0.06,0.14,1787567452286,1787567453751,89.2154,88.7538,88.684,88.757,88.7205000000,10.77,0.3,1787567452286,1787567454281,89.07,88.757,,,,,
2026-08-24T10:30:55.554Z,live,snapshot,,,,,88.731,88.76,88.7455000000,0.06,0.14,1787567452286,1787567453751,89.2154,88.7536,88.684,88.757,88.7205000000,10.77,0.3,1787567452286,1787567454281,89.07,88.757,,,,,
2026-08-24T10:30:57.071Z,live,snapshot,,,,,88.731,88.76,88.7455000000,0.06,0.14,1787567452286,1787567453751,89.2148,88.7529,88.684,88.757,88.7205000000,10.77,0.3,1787567452286,1787567454281,89.069,88.757,,,,,
2026-08-24T10:30:59.259Z,live,snapshot,,,,,88.724,88.76,88.7420000000,2.96,0.14,1787567457569,1787567458031,89.2148,88.7529,88.684,88.757,88.7205000000,10.77,0.3,1787567452286,1787567454281,89.069,88.757,,,,,
2026-08-24T10:31:00.264Z,live,snapshot,,,,,88.724,88.76,88.7420000000,2.96,0.14,1787567457569,1787567458031,89.2148,88.7527,88.684,88.751,88.7175000000,10.77,0.5,1787567457569,1787567459501,89.069,88.757,,,,,
2026-08-24T10:31:01.329Z,live,snapshot,,,,,88.724,88.76,88.7420000000,2.96,0.14,1787567457569,1787567458031,89.2148,88.7527,88.684,88.751,88.7175000000,10.77,0.5,1787567457569,1787567459501,89.068,88.75,,,,,
2026-08-24T10:31:02.822Z,live,snapshot,,,,,88.724,88.76,88.7420000000,2.96,0.14,1787567457569,1787567458031,89.2142,88.7519,88.684,88.751,88.7175000000,10.77,0.5,1787567457569,1787567459501,89.068,88.75,,,,,
2026-08-24T10:31:03.979Z,live,snapshot,,,,,88.724,88.76,88.7420000000,0.48,0.14,1787567462978,1787567463472,89.2142,88.7519,88.684,88.757,88.7205000000,10.77,0.5,1787567462978,1787567463725,89.068,88.75,,,,,
2026-08-24T10:31:05.723Z,live,snapshot,,,,,88.724,88.76,88.7420000000,0.48,0.14,1787567462978,1787567463472,89.2142,88.7519,88.684,88.757,88.7205000000,10.77,0.5,1787567462978,1787567463725,89.068,88.75,,,,,
2026-08-24T10:31:06.778Z,live,snapshot,,,,,88.724,88.76,88.7420000000,0.48,0.14,1787567462978,1787567463472,89.2142,88.7517,88.684,88.757,88.7205000000,10.77,0.5,1787567462978,1787567463725,89.068,88.75,,,,,
2026-08-24T10:31:08.022Z,live,snapshot,,,,,88.724,88.76,88.7420000000,0.48,0.14,1787567462978,1787567463472,89.2142,88.7517,88.684,88.757,88.7205000000,10.77,0.5,1787567462978,1787567463725,89.067,88.75,,,,,
2026-08-24T10:31:09.255Z,live,snapshot,,,,,88.724,88.762,88.7430000000,0.29,2.36,1787567468290,1787567468743,89.2136,88.7509,88.684,88.757,88.7205000000,10.77,0.5,1787567468290,1787567468996,89.067,88.75,,,,,
2026-08-24T10:31:10.452Z,live,snapshot,,,,,88.724,88.762,88.7430000000,0.29,2.36,1787567468290,1787567468743,89.2136,88.7509,88.684,88.757,88.7205000000,10.77,0.5,1787567468290,1787567468996,89.067,88.75,,,,,
2026-08-24T10:31:12.080Z,live,snapshot,,,,,88.724,88.762,88.7430000000,0.29,2.36,1787567468290,1787567468743,89.2136,88.7509,88.684,88.757,88.7205000000,10.77,0.5,1787567468290,1787567468996,89.067,88.75,,,,,
2026-08-24T10:31:13.332Z,live,snapshot,,,,,88.724,88.762,88.7430000000,0.29,2.36,1787567468290,1787567468743,89.213,88.7501,88.684,88.757,88.7205000000,10.77,0.5,1787567468290,1787567468996,89.066,88.718,,,,,
2026-08-24T10:31:14.479Z,live,snapshot,,,,,88.724,88.762,88.7430000000,0.29,2.36,1787567468290,1787567468743,89.213,88.7499,88.684,88.757,88.7205000000,10.77,0.5,1787567468290,1787567468996,89.066,88.718,,,,,
2026-08-24T10:31:15.554Z,live,snapshot,,,,,88.719,88.762,88.7405000000,0.61,2.36,1787567473614,1787567474710,89.213,88.7499,88.666,88.745,88.7055000000,10.29,2.31,1787567473614,1787567474974,89.066,88.718,,,,,
2026-08-24T10:31:18.135Z,live,snapshot,,,,,88.719,88.762,88.7405000000,0.61,2.36,1787567473614,1787567474710,89.213,88.7499,88.666,88.745,88.7055000000,10.29,2.31,1787567473614,1787567474974,89.066,88.717,,,,,
2026-08-24T10:31:19.272Z,live,snapshot,,,,,88.719,88.762,88.7405000000,0.61,2.36,1787567473614,1787567474710,89.2123,88.749,88.666,88.745,88.7055000000,10.29,2.31,1787567473614,1787567474974,89.066,88.717,,,,,
2026-08-24T10:31:20.284Z,live,snapshot,,,,,88.719,88.762,88.7405000000,0.61,2.36,1787567479109,1787567479797,89.2123,88.749,88.666,88.745,88.7055000000,10.29,2.31,1787567479109,1787567480032,89.065,88.716,,,,,
2026-08-24T10:31:21.329Z,live,snapshot,,,,,88.719,88.762,88.7405000000,0.61,2.36,1787567479109,1787567479797,89.2123,88.749,88.666,88.745,88.7055000000,10.29,2.31,1787567479109,1787567480032,89.065,88.716,,,,,
2026-08-24T10:31:22.435Z,live,snapshot,,,,,88.719,88.762,88.7405000000,0.61,2.36,1787567479109,1787567479797,89.2123,88.7488,88.666,88.745,88.7055000000,10.29,2.31,1787567479109,1787567480032,89.064,88.716,,,,,
2026-08-24T10:31:24.361Z,live,snapshot,,,,,88.719,88.762,88.7405000000,0.61,2.36,1787567479109,1787567479797,89.2123,88.7488,88.666,88.745,88.7055000000,10.29,2.31,1787567479109,1787567480032,89.064,88.716,,,,,
2026-08-24T10:31:25.599Z,live,snapshot,,,,,88.713,88.763,88.7380000000,0.51,2.36,1787567484431,1787567485360,89.2116,88.748,88.666,88.745,88.7055000000,10.29,2.31,1787567479109,1787567480032,89.064,88.716,,,,,
2026-08-24T10:31:26.654Z,live,snapshot,,,,,88.713,88.763,88.7380000000,0.51,2.36,1787567484431,1787567485360,89.2116,88.748,88.666,88.739,88.7025000000,10.29,0.5,1787567484431,1787567485599,89.064,88.715,,,,,
2026-08-24T10:31:27.677Z,live,snapshot,,,,,88.713,88.763,88.7380000000,0.51,2.36,1787567484431,1787567485360,89.2116,88.7479,88.666,88.739,88.7025000000,10.29,0.5,1787567484431,1787567485599,89.064,88.715,,,,,
2026-08-24T10:31:29.303Z,live,snapshot,,,,,88.713,88.763,88.7380000000,0.51,2.36,1787567484431,1787567485360,89.2116,88.7479,88.666,88.739,88.7025000000,10.29,0.5,1787567484431,1787567485599,89.063,88.714,,,,,
2026-08-24T10:31:30.781Z,live,snapshot,,,,,88.713,88.763,88.7380000000,0.51,2.36,1787567484431,1787567485360,89.2108,88.7468,88.666,88.739,88.7025000000,10.29,0.5,1787567484431,1787567485599,89.063,88.714,,,,,
2026-08-24T10:31:32.114Z,live,snapshot,,,,,88.727,88.763,88.7450000000,0.61,2.36,1787567489797,1787567491327,89.2108,88.7468,88.684,88.767,88.7255000000,4.04,2.2,1787567489797,1787567491858,89.063,88.714,,,,,
2026-08-24T10:31:33.179Z,live,snapshot,,,,,88.727,88.763,88.7450000000,0.61,2.36,1787567489797,1787567491327,89.2108,88.7468,88.684,88.767,88.7255000000,4.04,2.2,1787567489797,1787567491858,89.063,88.766,,,,,
2026-08-24T10:31:34.344Z,live,snapshot,,,,,88.727,88.763,88.7450000000,0.61,2.36,1787567489797,1787567491327,89.2108,88.7468,88.684,88.767,88.7255000000,4.04,2.2,1787567489797,1787567491858,89.062,88.767,,,,,
2026-08-24T10:31:35.354Z,live,snapshot,,,,,88.727,88.763,88.7450000000,0.61,2.36,1787567489797,1787567491327,89.2108,88.7468,88.684,88.767,88.7255000000,4.04,2.2,1787567489797,1787567491858,89.062,88.767,,,,,
2026-08-24T10:31:36.944Z,live,snapshot,,,,,88.72,88.763,88.7415000000,0.48,2.36,1787567495263,1787567495695,89.2103,88.7463,88.684,88.767,88.7255000000,4.04,2.2,1787567489797,1787567491858,89.062,88.767,,,,,
2026-08-24T10:31:38.325Z,live,snapshot,,,,,88.72,88.763,88.7415000000,0.48,2.36,1787567495263,1787567495695,89.2103,88.7463,88.684,88.751,88.7175000000,4.04,0.5,1787567495263,1787567497189,89.062,88.751,,,,,
2026-08-24T10:31:39.343Z,live,snapshot,,,,,88.72,88.763,88.7415000000,0.48,2.36,1787567495263,1787567495695,89.2097,88.7456,88.684,88.751,88.7175000000,4.04,0.5,1787567495263,1787567497189,89.062,88.751,,,,,
2026-08-24T10:31:40.468Z,live,snapshot,,,,,88.72,88.763,88.7415000000,0.48,2.36,1787567495263,1787567495695,89.2097,88.7456,88.684,88.751,88.7175000000,4.04,0.5,1787567495263,1787567497189,89.062,88.763,,,,,
2026-08-24T10:31:41.646Z,live,snapshot,,,,,88.715,88.764,88.7395000000,2.4,2.36,1787567500448,1787567500873,89.2097,88.7456,88.684,88.763,88.7235000000,3.03,0.5,1787567500448,1787567501136,89.062,88.763,,,,,
2026-08-24T10:31:43.099Z,live,snapshot,,,,,88.715,88.764,88.7395000000,2.4,2.36,1787567500448,1787567500873,89.2097,88.7455,88.684,88.763,88.7235000000,3.03,0.5,1787567500448,1787567501136,89.062,88.763,,,,,
2026-08-24T10:31:44.372Z,live,snapshot,,,,,88.715,88.764,88.7395000000,2.4,2.36,1787567500448,1787567500873,89.2097,88.7455,88.684,88.763,88.7235000000,3.03,0.5,1787567500448,1787567501136,89.061,88.713,,,,,
2026-08-24T10:31:45.513Z,live,snapshot,,,,,88.715,88.764,88.7395000000,2.4,2.36,1787567500448,1787567500873,89.2091,88.7448,88.684,88.763,88.7235000000,3.03,0.5,1787567500448,1787567501136,89.061,88.713,,,,,
2026-08-24T10:31:46.777Z,live,snapshot,,,,,88.716,88.764,88.7400000000,0.62,2.36,1787567505810,1787567506273,89.2091,88.7448,88.684,88.763,88.7235000000,3.03,0.5,1787567505810,1787567506511,89.061,88.713,,,,,
2026-08-24T10:31:47.879Z,live,snapshot,,,,,88.716,88.764,88.7400000000,0.62,2.36,1787567505810,1787567506273,89.2091,88.7448,88.684,88.763,88.7235000000,3.03,0.5,1787567505810,1787567506511,89.061,88.712,,,,,
2026-08-24T10:31:49.184Z,live,snapshot,,,,,88.716,88.764,88.7400000000,0.62,2.36,1787567505810,1787567506273,89.2091,88.7447,88.684,88.763,88.7235000000,3.03,0.5,1787567505810,1787567506511,89.061,88.712,,,,,
2026-08-24T10:31:50.408Z,live,snapshot,,,,,88.716,88.764,88.7400000000,0.62,2.36,1787567505810,1787567506273,89.2084,88.744,88.684,88.763,88.7235000000,3.03,0.5,1787567505810,1787567506511,89.06,88.712,,,,,
2026-08-24T10:31:51.751Z,live,snapshot,,,,,88.716,88.764,88.7400000000,0.62,2.36,1787567505810,1787567506273,89.2084,88.744,88.684,88.763,88.7235000000,3.03,0.5,1787567505810,1787567506511,89.06,88.712,,,,,
2026-08-24T10:31:52.975Z,live,snapshot,,,,,88.721,88.764,88.7425000000,0.52,2.36,1787567511181,1787567512233,89.2084,88.744,88.684,88.756,88.7200000000,3.03,2.29,1787567511181,1787567512469,89.06,88.712,,,,,
2026-08-24T10:31:54.046Z,live,snapshot,,,,,88.721,88.764,88.7425000000,0.52,2.36,1787567511181,1787567512233,89.2084,88.7439,88.684,88.756,88.7200000000,3.03,2.29,1787567511181,1787567512469,89.06,88.712,,,,,
2026-08-24T10:31:55.466Z,live,snapshot,,,,,88.721,88.764,88.7425000000,0.52,2.36,1787567511181,1787567512233,89.2084,88.7439,88.684,88.756,88.7200000000,3.03,2.29,1787567511181,1787567512469,89.06,88.712,,,,,
2026-08-24T10:31:56.802Z,live,snapshot,,,,,88.721,88.764,88.7425000000,0.52,2.36,1787567511181,1787567512233,89.2078,88.7432,88.684,88.756,88.7200000000,3.03,2.29,1787567511181,1787567512469,89.059,88.712,,,,,
2026-08-24T10:31:57.877Z,live,snapshot,,,,,88.727,88.764,88.7455000000,0.52,2.36,1787567516480,1787567517384,89.2078,88.7432,88.683,88.754,88.7185000000,10.77,0.46,1787567516480,1787567517622,89.059,88.712,,,,,
2026-08-24T10:31:59.251Z,live,snapshot,,,,,88.727,88.764,88.7455000000,0.52,2.36,1787567516480,1787567517384,89.2078,88.7432,88.683,88.754,88.7185000000,10.77,0.46,1787567516480,1787567517622,89.059,88.711,,,,,
2026-08-24T10:32:00.331Z,live,snapshot,,,,,88.727,88.764,88.7455000000,0.52,2.36,1787567516480,1787567517384,89.2072,88.7426,88.683,88.754,88.7185000000,10.77,0.46,1787567516480,1787567517622,89.059,88.711,,,,,
2026-08-24T10:32:02.018Z,live,snapshot,,,,,88.727,88.764,88.7455000000,0.52,2.36,1787567516480,1787567517384,89.2072,88.7426,88.683,88.754,88.7185000000,10.77,0.46,1787567516480,1787567517622,89.058,88.755,,,,,
2026-08-24T10:32:03.023Z,live,snapshot,,,,,88.727,88.764,88.7455000000,0.52,2.36,1787567516480,1787567517384,89.2072,88.7426,88.683,88.754,88.7185000000,10.77,0.46,1787567516480,1787567517622,89.058,88.755,,,,,
2026-08-24T10:32:04.067Z,live,snapshot,,,,,88.727,88.764,88.7455000000,0.52,2.36,1787567521843,1787567523277,89.2072,88.7427,88.683,88.755,88.7190000000,10.77,0.5,1787567521843,1787567523557,89.058,88.755,,,,,
2026-08-24T10:32:05.158Z,live,snapshot,,,,,88.727,88.764,88.7455000000,0.52,2.36,1787567521843,1787567523277,89.2072,88.7427,88.683,88.755,88.7190000000,10.77,0.5,1787567521843,1787567523557,89.058,88.755,,,,,
2026-08-24T10:32:06.304Z,live,snapshot,,,,,88.727,88.764,88.7455000000,0.52,2.36,1787567521843,1787567523277,89.2066,88.7421,88.683,88.755,88.7190000000,10.77,0.5,1787567521843,1787567523557,89.058,88.755,,,,,
2026-08-24T10:32:08.255Z,live,snapshot,,,,,88.727,88.764,88.7455000000,0.52,2.36,1787567521843,1787567523277,89.2066,88.7421,88.683,88.755,88.7190000000,10.77,0.5,1787567521843,1787567523557,89.057,88.755,,,,,
2026-08-24T10:32:09.568Z,live,snapshot,,,,,88.727,88.764,88.7455000000,0.52,2.36,1787567527216,1787567528761,89.2066,88.7421,88.683,88.755,88.7190000000,10.77,0.5,1787567521843,1787567523557,89.057,88.755,,,,,
2026-08-24T10:32:10.605Z,live,snapshot,,,,,88.727,88.764,88.7455000000,0.52,2.36,1787567527216,1787567528761,89.2066,88.7422,88.683,88.755,88.7190000000,10.77,0.5,1787567527216,1787567529568,89.057,88.755,,,,,
2026-08-24T10:32:11.627Z,live,snapshot,,,,,88.727,88.764,88.7455000000,0.52,2.36,1787567527216,1787567528761,89.2066,88.7422,88.683,88.755,88.7190000000,10.77,0.5,1787567527216,1787567529568,89.057,88.755,,,,,
2026-08-24T10:32:12.780Z,live,snapshot,,,,,88.727,88.764,88.7455000000,0.52,2.36,1787567527216,1787567528761,89.206,88.7417,88.683,88.755,88.7190000000,10.77,0.5,1787567527216,1787567529568,89.057,88.755,,,,,
2026-08-24T10:32:14.425Z,live,snapshot,,,,,88.726,88.764,88.7450000000,2.38,2.36,1787567532606,1787567533023,89.206,88.7417,88.683,88.755,88.7190000000,10.77,0.5,1787567527216,1787567529568,89.057,88.755,,,,,
2026-08-24T10:32:15.674Z,live,snapshot,,,,,88.726,88.764,88.7450000000,2.38,2.36,1787567532606,1787567533023,89.206,88.7417,88.683,88.754,88.7185000000,9.91,0.46,1787567532606,1787567534879,89.056,88.71,,,,,
2026-08-24T10:32:16.894Z,live,snapshot,,,,,88.726,88.764,88.7450000000,2.38,2.36,1787567532606,1787567533023,89.206,88.7417,88.683,88.754,88.7185000000,9.91,0.46,1787567532606,1787567534879,89.056,88.709,,,,,
2026-08-24T10:32:18.009Z,live,snapshot,,,,,88.726,88.764,88.7450000000,2.38,2.36,1787567532606,1787567533023,89.2054,88.7412,88.683,88.754,88.7185000000,9.91,0.46,1787567532606,1787567534879,89.056,88.709,,,,,
2026-08-24T10:32:19.150Z,live,snapshot,,,,,88.739,88.764,88.7515000000,0.52,2.92,1787567537920,1787567538338,89.2054,88.7412,88.689,88.771,88.7300000000,0.46,2.25,1787567537920,1787567538592,89.055,88.709,,,,,
2026-08-24T10:32:20.659Z,live,snapshot,,,,,88.739,88.764,88.7515000000,0.52,2.92,1787567537920,1787567538338,89.2054,88.7412,88.689,88.771,88.7300000000,0.46,2.25,1787567537920,1787567538592,89.055,88.709,,,,,
2026-08-24T10:32:22.138Z,live,snapshot,,,,,88.739,88.764,88.7515000000,0.52,2.92,1787567537920,1787567538338,89.2054,88.764,88.689,88.771,88.7300000000,0.46,2.25,1787567537920,1787567538592,89.055,88.709,,,,,
2026-08-24T10:32:23.245Z,live,snapshot,,,,,88.739,88.764,88.7515000000,0.52,2.92,1787567537920,1787567538338,89.2048,88.769,88.689,88.771,88.7300000000,0.46,2.25,1787567537920,1787567538592,89.055,88.71,,,,,
2026-08-24T10:32:24.457Z,live,snapshot,,,,,88.739,88.764,88.7515000000,0.52,2.92,1787567537920,1787567538338,89.2048,88.769,88.689,88.771,88.7300000000,0.46,2.25,1787567537920,1787567538592,89.055,88.71,,,,,
2026-08-24T10:32:25.529Z,live,snapshot,,,,,88.727,88.769,88.7480000000,2.68,0.53,1787567543273,1787567544457,89.2048,88.769,88.701,88.757,88.7290000000,4.04,0.46,1787567543273,1787567544765,89.054,88.71,,,,,
2026-08-24T10:32:26.822Z,live,snapshot,,,,,88.727,88.769,88.7480000000,2.68,0.53,1787567543273,1787567544457,89.2048,88.769,88.701,88.757,88.7290000000,4.04,0.46,1787567543273,1787567544765,89.054,88.71,,,,,
2026-08-24T10:32:27.838Z,live,snapshot,,,,,88.727,88.769,88.7480000000,2.68,0.53,1787567543273,1787567544457,89.2042,88.769,88.701,88.757,88.7290000000,4.04,0.46,1787567543273,1787567544765,89.054,88.71,,,,,
2026-08-24T10:32:28.950Z,live,snapshot,,,,,88.727,88.769,88.7480000000,2.68,0.53,1787567543273,1787567544457,89.2042,88.769,88.701,88.757,88.7290000000,4.04,0.46,1787567543273,1787567544765,89.054,88.709,,,,,
2026-08-24T10:32:29.966Z,live,snapshot,,,,,88.727,88.769,88.7480000000,2.68,0.53,1787567548654,1787567549708,89.2042,88.769,88.701,88.757,88.7290000000,4.04,0.46,1787567543273,1787567544765,89.054,88.709,,,,,
2026-08-24T10:32:31.040Z,live,snapshot,,,,,88.727,88.769,88.7480000000,2.68,0.53,1787567548654,1787567549708,89.2042,88.769,88.701,88.767,88.7340000000,4.04,9.06,1787567548654,1787567549966,89.053,88.766,,,,,
2026-08-24T10:32:32.939Z,live,snapshot,,,,,88.727,88.769,88.7480000000,2.68,0.53,1787567548654,1787567549708,89.2042,88.769,88.701,88.767,88.7340000000,4.04,9.06,1787567548654,1787567549966,89.053,88.766,,,,,
2026-08-24T10:32:33.990Z,live,snapshot,,,,,88.727,88.769,88.7480000000,2.68,0.53,1787567548654,1787567549708,89.2036,88.769,88.701,88.767,88.7340000000,4.04,9.06,1787567548654,1787567549966,89.053,88.766,,,,,
2026-08-24T10:32:35.169Z,live,snapshot,,,,,88.728,88.776,88.7520000000,0.53,2.34,1787567554096,1787567554659,89.2036,88.769,88.706,88.792,88.7490000000,0.46,6.42,1787567554096,1787567554914,89.053,88.766,,,,,
2026-08-24T10:32:36.187Z,live,snapshot,,,,,88.728,88.776,88.7520000000,0.53,2.34,1787567554096,1787567554659,89.2036,88.77,88.706,88.792,88.7490000000,0.46,6.42,1787567554096,1787567554914,89.053,88.766,,,,,
2026-08-24T10:32:37.419Z,live,snapshot,,,,,88.728,88.776,88.7520000000,0.53,2.34,1787567554096,1787567554659,89.2036,88.77,88.706,88.792,88.7490000000,0.46,6.42,1787567554096,1787567554914,89.053,88.766,,,,,
2026-08-24T10:32:39.091Z,live,snapshot,,,,,88.728,88.776,88.7520000000,0.53,2.34,1787567554096,1787567554659,89.2036,88.77,88.706,88.792,88.7490000000,0.46,6.42,1787567554096,1787567554914,89.053,88.766,,,,,
2026-08-24T10:32:40.119Z,live,snapshot,,,,,88.728,88.776,88.7520000000,0.53,2.34,1787567554096,1787567554659,89.203,88.77,88.706,88.792,88.7490000000,0.46,6.42,1787567554096,1787567554914,89.053,88.766,,,,,
2026-08-24T10:32:41.151Z,live,snapshot,,,,,88.728,88.788,88.7580000000,0.53,2.34,1787567559451,1787567560119,89.203,88.77,88.706,88.792,88.7490000000,0.46,6.42,1787567559451,1787567560405,89.052,88.766,,,,,
2026-08-24T10:32:42.260Z,live,snapshot,,,,,88.728,88.788,88.7580000000,0.53,2.34,1787567559451,1787567560119,89.203,88.77,88.706,88.792,88.7490000000,0.46,6.42,1787567559451,1787567560405,89.052,88.766,,,,,
2026-08-24T10:32:43.319Z,live,snapshot,,,,,88.728,88.788,88.7580000000,0.53,2.34,1787567559451,1787567560119,89.203,88.77,88.706,88.792,88.7490000000,0.46,6.42,1787567559451,1787567560405,89.052,88.711,,,,,
2026-08-24T10:32:45.474Z,live,snapshot,,,,,88.728,88.788,88.7580000000,0.53,2.34,1787567559451,1787567560119,89.203,88.77,88.706,88.792,88.7490000000,0.46,6.42,1787567559451,1787567560405,89.052,88.711,,,,,
2026-08-24T10:32:46.527Z,live,snapshot,,,,,88.728,88.788,88.7580000000,0.53,2.34,1787567559451,1787567560119,89.2024,88.7401,88.706,88.792,88.7490000000,0.46,6.42,1787567559451,1787567560405,89.052,88.711,,,,,
2026-08-24T10:32:47.537Z,live,snapshot,,,,,88.733,88.787,88.7600000000,0.53,0.53,1787567564813,1787567566527,89.2024,88.7401,88.705,88.781,88.7430000000,3.64,0.46,1787567564813,1787567566790,89.051,88.711,,,,,
2026-08-24T10:32:48.559Z,live,snapshot,,,,,88.733,88.787,88.7600000000,0.53,0.53,1787567564813,1787567566527,89.2024,88.7404,88.705,88.781,88.7430000000,3.64,0.46,1787567564813,1787567566790,89.051,88.711,,,,,
2026-08-24T10:32:49.602Z,live,snapshot,,,,,88.733,88.787,88.7600000000,0.53,0.53,1787567564813,1787567566527,89.2024,88.7404,88.705,88.781,88.7430000000,3.64,0.46,1787567564813,1787567566790,89.051,88.711,,,,,
2026-08-24T10:32:51.835Z,live,snapshot,,,,,88.733,88.787,88.7600000000,0.53,0.53,1787567564813,1787567566527,89.2019,88.7402,88.705,88.781,88.7430000000,3.64,0.46,1787567564813,1787567566790,89.051,88.711,,,,,
2026-08-24T10:32:52.884Z,live,snapshot,,,,,88.733,88.787,88.7600000000,0.73,0.53,1787567570272,1787567571836,89.2019,88.7402,88.705,88.792,88.7485000000,3.64,6.42,1787567570272,1787567572091,89.051,88.711,,,,,
2026-08-24T10:32:53.988Z,live,snapshot,,,,,88.733,88.787,88.7600000000,0.73,0.53,1787567570272,1787567571836,89.2019,88.7402,88.705,88.792,88.7485000000,3.64,6.42,1787567570272,1787567572091,89.05,88.711,,,,,
2026-08-24T10:32:54.993Z,live,snapshot,,,,,88.733,88.787,88.7600000000,0.73,0.53,1787567570272,1787567571836,89.2013,88.74,88.705,88.792,88.7485000000,3.64,6.42,1787567570272,1787567572091,89.05,88.711,,,,,
2026-08-24T10:32:56.095Z,live,snapshot,,,,,88.733,88.787,88.7600000000,0.73,0.53,1787567570272,1787567571836,89.2013,88.74,88.705,88.792,88.7485000000,3.64,6.42,1787567570272,1787567572091,89.05,88.711,,,,,
2026-08-24T10:32:57.763Z,live,snapshot,,,,,88.733,88.787,88.7600000000,0.73,0.53,1787567575670,1787567576095,89.2013,88.74,88.705,88.786,88.7455000000,3.64,0.46,1787567575670,1787567576353,89.05,88.711,,,,,
2026-08-24T10:32:59.011Z,live,snapshot,,,,,88.733,88.787,88.7600000000,0.73,0.53,1787567575670,1787567576095,89.2013,88.7404,88.705,88.786,88.7455000000,3.64,0.46,1787567575670,1787567576353,89.05,88.712,,,,,
2026-08-24T10:33:00.204Z,live,snapshot,,,,,88.733,88.787,88.7600000000,0.73,0.53,1787567575670,1787567576095,89.2007,88.7402,88.705,88.786,88.7455000000,3.64,0.46,1787567575670,1787567576353,89.05,88.712,,,,,
2026-08-24T10:33:01.775Z,live,snapshot,,,,,88.738,88.787,88.7625000000,0.53,0.53,1787567581085,1787567581522,89.2007,88.7402,88.705,88.786,88.7455000000,3.64,0.46,1787567575670,1787567576353,89.05,88.712,,,,,
2026-08-24T10:33:03.726Z,live,snapshot,,,,,88.738,88.787,88.7625000000,0.53,0.53,1787567581085,1787567581522,89.2007,88.7406,88.71,88.792,88.7510000000,0.46,6.42,1787567581085,1787567581775,89.049,88.791,,,,,
2026-08-24T10:33:04.726Z,live,snapshot,,,,,88.738,88.787,88.7625000000,0.53,0.53,1787567581085,1787567581522,89.2007,88.7406,88.71,88.792,88.7510000000,0.46,6.42,1787567581085,1787567581775,89.049,88.791,,,,,
2026-08-24T10:33:05.828Z,live,snapshot,,,,,88.738,88.787,88.7625000000,0.53,0.53,1787567581085,1787567581522,89.2001,88.7405,88.71,88.792,88.7510000000,0.46,6.42,1787567581085,1787567581775,89.049,88.791,,,,,
2026-08-24T10:33:06.901Z,live,snapshot,,,,,88.738,88.787,88.7625000000,0.53,0.53,1787567581085,1787567581522,89.2001,88.7405,88.71,88.792,88.7510000000,0.46,6.42,1787567581085,1787567581775,89.048,88.791,,,,,
2026-08-24T10:33:07.938Z,live,snapshot,,,,,88.738,88.787,88.7625000000,0.72,0.53,1787567586391,1787567587156,89.2001,88.7405,88.711,88.791,88.7510000000,11.63,0.46,1787567586391,1787567587415,89.048,88.791,,,,,
2026-08-24T10:33:09.912Z,live,snapshot,,,,,88.738,88.787,88.7625000000,0.72,0.53,1787567586391,1787567587156,89.2001,88.7409,88.711,88.791,88.7510000000,11.63,0.46,1787567586391,1787567587415,89.048,88.791,,,,,
2026-08-24T10:33:10.925Z,live,snapshot,,,,,88.738,88.787,88.7625000000,0.72,0.53,1787567586391,1787567587156,89.2001,88.7409,88.711,88.791,88.7510000000,11.63,0.46,1787567586391,1787567587415,89.048,88.791,,,,,
2026-08-24T10:33:12.071Z,live,snapshot,,,,,88.738,88.787,88.7625000000,0.72,0.53,1787567586391,1787567587156,89.1996,88.7408,88.711,88.791,88.7510000000,11.63,0.46,1787567586391,1787567587415,89.048,88.791,,,,,
2026-08-24T10:33:13.287Z,live,snapshot,,,,,88.735,88.781,88.7580000000,2.28,0.53,1787567591862,1787567592268,89.1996,88.7408,88.705,88.787,88.7460000000,3.64,0.46,1787567591862,1787567592767,89.047,88.713,,,,,
2026-08-24T10:33:15.923Z,live,snapshot,,,,,88.735,88.781,88.7580000000,2.28,0.53,1787567591862,1787567592268,89.1996,88.7412,88.705,88.787,88.7460000000,3.64,0.46,1787567591862,1787567592767,89.047,88.713,,,,,
2026-08-24T10:33:17.145Z,live,snapshot,,,,,88.735,88.781,88.7580000000,2.28,0.53,1787567591862,1787567592268,89.1996,88.7412,88.705,88.787,88.7460000000,3.64,0.46,1787567591862,1787567592767,89.047,88.713,,,,,
2026-08-24T10:33:18.264Z,live,snapshot,,,,,88.735,88.781,88.7580000000,4.6,0.53,1787567597267,1787567597745,89.199,88.7409,88.705,88.786,88.7455000000,3.64,0.45,1787567597267,1787567597982,89.047,88.713,,,,,
2026-08-24T10:33:19.331Z,live,snapshot,,,,,88.735,88.781,88.7580000000,4.6,0.53,1787567597267,1787567597745,89.199,88.7409,88.705,88.786,88.7455000000,3.64,0.45,1787567597267,1787567597982,89.047,88.714,,,,,
2026-08-24T10:33:20.375Z,live,snapshot,,,,,88.735,88.781,88.7580000000,4.6,0.53,1787567597267,1787567597745,89.1984,88.7407,88.705,88.786,88.7455000000,3.64,0.45,1787567597267,1787567597982,89.047,88.714,,,,,
2026-08-24T10:33:22.027Z,live,snapshot,,,,,88.735,88.781,88.7580000000,4.6,0.53,1787567597267,1787567597745,89.1984,88.7407,88.705,88.786,88.7455000000,3.64,0.45,1787567597267,1787567597982,89.047,88.714,,,,,
2026-08-24T10:33:23.065Z,live,snapshot,,,,,88.735,88.781,88.7580000000,4.6,0.53,1787567597267,1787567597745,89.1984,88.7407,88.705,88.786,88.7455000000,3.64,0.45,1787567597267,1787567597982,89.046,88.714,,,,,
2026-08-24T10:33:24.107Z,live,snapshot,,,,,88.735,88.778,88.7565000000,4.6,0.53,1787567602678,1787567603585,89.1984,88.741,88.705,88.771,88.7380000000,3.64,0.46,1787567602678,1787567603839,89.046,88.714,,,,,
2026-08-24T10:33:25.254Z,live,snapshot,,,,,88.735,88.778,88.7565000000,4.6,0.53,1787567602678,1787567603585,89.1984,88.741,88.705,88.771,88.7380000000,3.64,0.46,1787567602678,1787567603839,89.046,88.714,,,,,
2026-08-24T10:33:26.483Z,live,snapshot,,,,,88.735,88.778,88.7565000000,4.6,0.53,1787567602678,1787567603585,89.1978,88.7408,88.705,88.771,88.7380000000,3.64,0.46,1787567602678,1787567603839,89.046,88.714,,,,,
2026-08-24T10:33:28.195Z,live,snapshot,,,,,88.735,88.778,88.7565000000,4.6,0.53,1787567602678,1787567603585,89.1978,88.7408,88.705,88.771,88.7380000000,3.64,0.46,1787567602678,1787567603839,89.046,88.714,,,,,
2026-08-24T10:33:29.211Z,live,snapshot,,,,,88.735,88.778,88.7565000000,4.6,0.53,1787567602678,1787567603585,89.1978,88.7408,88.705,88.771,88.7380000000,3.64,0.46,1787567602678,1787567603839,89.045,88.786,,,,,
2026-08-24T10:33:30.357Z,live,snapshot,,,,,88.735,88.778,88.7565000000,2.32,0.53,1787567608099,1787567609211,89.1978,88.7411,88.705,88.786,88.7455000000,3.64,0.21,1787567608099,1787567609475,89.045,88.786,,,,,
2026-08-24T10:33:31.360Z,live,snapshot,,,,,88.735,88.778,88.7565000000,2.32,0.53,1787567608099,1787567609211,89.1978,88.7411,88.705,88.786,88.7455000000,3.64,0.21,1787567608099,1787567609475,89.045,88.79,,,,,
2026-08-24T10:33:32.539Z,live,snapshot,,,,,88.735,88.778,88.7565000000,2.32,0.53,1787567608099,1787567609211,89.1972,88.7407,88.705,88.786,88.7455000000,3.64,0.21,1787567608099,1787567609475,89.045,88.79,,,,,
2026-08-24T10:33:34.300Z,live,snapshot,,,,,88.735,88.778,88.7565000000,2.32,0.53,1787567608099,1787567609211,89.1972,88.7407,88.705,88.786,88.7455000000,3.64,0.21,1787567608099,1787567609475,89.045,88.79,,,,,
2026-08-24T10:33:35.514Z,live,snapshot,,,,,88.735,88.778,88.7565000000,2.31,0.53,1787567613114,1787567615003,89.1972,88.7407,88.705,88.786,88.7455000000,3.64,0.46,1787567613114,1787567615258,89.045,88.79,,,,,
2026-08-24T10:33:36.549Z,live,snapshot,,,,,88.735,88.778,88.7565000000,2.31,0.53,1787567613114,1787567615003,89.1972,88.741,88.705,88.786,88.7455000000,3.64,0.46,1787567613114,1787567615258,89.044,88.786,,,,,
2026-08-24T10:33:37.587Z,live,snapshot,,,,,88.735,88.778,88.7565000000,2.31,0.53,1787567613114,1787567615003,89.1972,88.741,88.705,88.786,88.7455000000,3.64,0.46,1787567613114,1787567615258,89.044,88.781,,,,,
2026-08-24T10:33:38.702Z,live,snapshot,,,,,88.735,88.778,88.7565000000,2.31,0.53,1787567613114,1787567615003,89.1967,88.7408,88.705,88.786,88.7455000000,3.64,0.46,1787567613114,1787567615258,89.044,88.781,,,,,
2026-08-24T10:33:40.863Z,live,snapshot,,,,,88.735,88.778,88.7565000000,2.31,0.53,1787567618444,1787567618834,89.1967,88.7408,88.705,88.781,88.7430000000,3.64,0.42,1787567618444,1787567619466,89.044,88.781,,,,,
2026-08-24T10:33:42.122Z,live,snapshot,,,,,88.735,88.778,88.7565000000,2.31,0.53,1787567618444,1787567618834,89.1967,88.7408,88.705,88.781,88.7430000000,3.64,0.42,1787567618444,1787567619466,89.044,88.781,,,,,
2026-08-24T10:33:43.178Z,live,snapshot,,,,,88.735,88.778,88.7565000000,2.31,0.53,1787567618444,1787567618834,89.1961,88.7405,88.705,88.781,88.7430000000,3.64,0.42,1787567618444,1787567619466,89.044,88.781,,,,,
2026-08-24T10:33:44.545Z,live,snapshot,,,,,88.735,88.778,88.7565000000,1.76,0.53,1787567623815,1787567624286,89.1961,88.7405,88.705,88.781,88.7430000000,3.64,0.42,1787567618444,1787567619466,89.043,88.715,,,,,
2026-08-24T10:33:45.734Z,live,snapshot,,,,,88.735,88.778,88.7565000000,1.76,0.53,1787567623815,1787567624286,89.1961,88.7408,88.706,88.776,88.7410000000,1.41,0.46,1787567623815,1787567624545,89.043,88.715,,,,,
2026-08-24T10:33:46.909Z,live,snapshot,,,,,88.735,88.778,88.7565000000,1.76,0.53,1787567623815,1787567624286,89.1961,88.7408,88.706,88.776,88.7410000000,1.41,0.46,1787567623815,1787567624545,89.043,88.715,,,,,
2026-08-24T10:33:47.934Z,live,snapshot,,,,,88.735,88.778,88.7565000000,1.76,0.53,1787567623815,1787567624286,89.1956,88.7406,88.706,88.776,88.7410000000,1.41,0.46,1787567623815,1787567624545,89.043,88.715,,,,,
2026-08-24T10:33:48.985Z,live,snapshot,,,,,88.735,88.778,88.7565000000,1.76,0.53,1787567623815,1787567624286,89.1956,88.7406,88.706,88.776,88.7410000000,1.41,0.46,1787567623815,1787567624545,89.042,88.715,,,,,
2026-08-24T10:33:50.416Z,live,snapshot,,,,,88.735,88.778,88.7565000000,1.76,0.53,1787567623815,1787567624286,89.1956,88.7409,88.706,88.776,88.7410000000,1.41,0.46,1787567623815,1787567624545,89.042,88.715,,,,,
2026-08-24T10:33:51.424Z,live,snapshot,,,,,88.735,88.778,88.7565000000,1.75,0.53,1787567629180,1787567630417,89.1956,88.7409,88.706,88.776,88.7410000000,1.41,0.46,1787567629180,1787567630653,89.042,88.715,,,,,
2026-08-24T10:33:52.934Z,live,snapshot,,,,,88.735,88.778,88.7565000000,1.75,0.53,1787567629180,1787567630417,89.1956,88.7409,88.706,88.776,88.7410000000,1.41,0.46,1787567629180,1787567630653,89.042,88.715,,,,,
2026-08-24T10:33:53.984Z,live,snapshot,,,,,88.735,88.778,88.7565000000,1.75,0.53,1787567629180,1787567630417,89.195,88.7407,88.706,88.776,88.7410000000,1.41,0.46,1787567629180,1787567630653,89.042,88.715,,,,,
2026-08-24T10:33:55.241Z,live,snapshot,,,,,88.735,88.778,88.7565000000,1.75,0.53,1787567629180,1787567630417,89.195,88.7407,88.706,88.776,88.7410000000,1.41,0.46,1787567629180,1787567630653,89.042,88.716,,,,,
2026-08-24T10:33:56.267Z,live,snapshot,,,,,88.735,88.778,88.7565000000,1.75,0.53,1787567634576,1787567635751,89.195,88.7407,88.706,88.787,88.7465000000,1.41,0.46,1787567634576,1787567636007,89.042,88.716,,,,,
2026-08-24T10:33:57.299Z,live,snapshot,,,,,88.735,88.778,88.7565000000,1.75,0.53,1787567634576,1787567635751,89.195,88.741,88.706,88.787,88.7465000000,1.41,0.46,1787567634576,1787567636007,89.042,88.716,,,,,
2026-08-24T10:33:59.288Z,live,snapshot,,,,,88.735,88.778,88.7565000000,1.75,0.53,1787567634576,1787567635751,89.195,88.741,88.706,88.787,88.7465000000,1.41,0.46,1787567634576,1787567636007,89.041,88.716,,,,,
2026-08-24T10:34:00.293Z,live,snapshot,,,,,88.735,88.778,88.7565000000,1.75,0.53,1787567634576,1787567635751,89.1944,88.7407,88.706,88.787,88.7465000000,1.41,0.46,1787567634576,1787567636007,89.041,88.716,,,,,
2026-08-24T10:34:01.331Z,live,snapshot,,,,,88.735,88.778,88.7565000000,4.0,2.87,1787567640000,1787567640818,89.1944,88.7407,88.706,88.787,88.7465000000,1.41,0.46,1787567640000,1787567641082,89.041,88.716,,,,,
2026-08-24T10:34:02.420Z,live,snapshot,,,,,88.735,88.778,88.7565000000,4.0,2.87,1787567640000,1787567640818,89.1944,88.741,88.706,88.787,88.7465000000,1.41,0.46,1787567640000,1787567641082,89.041,88.776,,,,,
2026-08-24T10:34:03.441Z,live,snapshot,,,,,88.735,88.778,88.7565000000,4.0,2.87,1787567640000,1787567640818,89.1944,88.741,88.706,88.787,88.7465000000,1.41,0.46,1787567640000,1787567641082,89.041,88.776,,,,,
2026-08-24T10:34:05.174Z,live,snapshot,,,,,88.735,88.778,88.7565000000,4.0,2.87,1787567640000,1787567640818,89.1944,88.741,88.706,88.787,88.7465000000,1.41,0.46,1787567640000,1787567641082,89.04,88.767,,,,,
2026-08-24T10:34:06.320Z,live,snapshot,,,,,88.735,88.772,88.7535000000,4.28,0.54,1787567645336,1787567646084,89.1938,88.7407,88.706,88.787,88.7465000000,1.41,0.46,1787567640000,1787567641082,89.04,88.767,,,,,
2026-08-24T10:34:07.491Z,live,snapshot,,,,,88.735,88.772,88.7535000000,4.28,0.54,1787567645336,1787567646084,89.1938,88.7407,88.706,88.775,88.7405000000,1.41,0.42,1787567645336,1787567646320,89.04,88.775,,,,,
2026-08-24T10:34:08.532Z,live,snapshot,,,,,88.735,88.772,88.7535000000,4.28,0.54,1787567645336,1787567646084,89.1933,88.7404,88.706,88.775,88.7405000000,1.41,0.42,1787567645336,1787567646320,89.04,88.775,,,,,
2026-08-24T10:34:11.276Z,live,snapshot,,,,,88.735,88.772,88.7535000000,4.28,0.54,1787567645336,1787567646084,89.1933,88.7404,88.706,88.775,88.7405000000,1.41,0.42,1787567645336,1787567646320,89.039,88.775,,,,,
2026-08-24T10:34:12.285Z,live,snapshot,,,,,88.735,88.772,88.7535000000,4.28,0.54,1787567645336,1787567646084,89.1933,88.7407,88.706,88.775,88.7405000000,1.41,0.42,1787567645336,1787567646320,89.039,88.775,,,,,
2026-08-24T10:34:13.546Z,live,snapshot,,,,,88.735,88.772,88.7535000000,3.72,0.22,1787567650844,1787567652285,89.1933,88.7407,88.706,88.775,88.7405000000,0.92,0.46,1787567650844,1787567652540,89.039,88.716,,,,,
2026-08-24T10:34:14.575Z,live,snapshot,,,,,88.735,88.772,88.7535000000,3.72,0.22,1787567650844,1787567652285,89.1924,88.7401,88.706,88.775,88.7405000000,0.92,0.46,1787567650844,1787567652540,89.039,88.716,,,,,
2026-08-24T10:34:15.608Z,live,snapshot,,,,,88.735,88.772,88.7535000000,3.72,0.22,1787567650844,1787567652285,89.1924,88.7401,88.706,88.775,88.7405000000,0.92,0.46,1787567650844,1787567652540,89.039,88.716,,,,,
2026-08-24T10:34:17.510Z,live,snapshot,,,,,88.735,88.772,88.7535000000,3.72,0.22,1787567650844,1787567652285,89.1924,88.7401,88.706,88.775,88.7405000000,0.92,0.46,1787567650844,1787567652540,89.039,88.716,,,,,
2026-08-24T10:34:18.520Z,live,snapshot,,,,,88.717,88.742,88.7295000000,0.02,0.55,1787567656243,1787567657511,89.1924,88.7403,88.699,88.734,88.7165000000,0.12,2.29,1787567656243,1787567657751,89.039,88.716,,,,,
2026-08-24T10:34:19.577Z,live,snapshot,,,,,88.717,88.742,88.7295000000,0.02,0.55,1787567656243,1787567657511,89.1924,88.7403,88.699,88.734,88.7165000000,0.12,2.29,1787567656243,1787567657751,89.038,88.716,,,,,
2026-08-24T10:34:20.744Z,live,snapshot,,,,,88.717,88.742,88.7295000000,0.02,0.55,1787567656243,1787567657511,89.1918,88.7394,88.699,88.734,88.7165000000,0.12,2.29,1787567656243,1787567657751,89.038,88.716,,,,,
2026-08-24T10:34:22.263Z,live,snapshot,,,,,88.717,88.742,88.7295000000,0.02,0.55,1787567661635,1787567662019,89.1918,88.7394,88.699,88.734,88.7165000000,0.12,2.29,1787567656243,1787567657751,89.038,88.716,,,,,
2026-08-24T10:34:23.676Z,live,snapshot,,,,,88.717,88.742,88.7295000000,0.02,0.55,1787567661635,1787567662019,89.1918,88.7394,88.699,88.744,88.7215000000,0.12,2.33,1787567661635,1787567662263,89.038,88.734,,,,,
2026-08-24T10:34:24.837Z,live,snapshot,,,,,88.717,88.742,88.7295000000,0.02,0.55,1787567661635,1787567662019,89.1918,88.7392,88.699,88.744,88.7215000000,0.12,2.33,1787567661635,1787567662263,89.038,88.734,,,,,
2026-08-24T10:34:25.881Z,live,snapshot,,,,,88.717,88.742,88.7295000000,0.02,0.55,1787567661635,1787567662019,89.1918,88.7392,88.699,88.744,88.7215000000,0.12,2.33,1787567661635,1787567662263,89.037,88.734,,,,,
2026-08-24T10:34:26.979Z,live,snapshot,,,,,88.717,88.742,88.7295000000,0.02,0.55,1787567661635,1787567662019,89.1911,88.7383,88.699,88.744,88.7215000000,0.12,2.33,1787567661635,1787567662263,89.037,88.734,,,,,
2026-08-24T10:34:28.235Z,live,snapshot,,,,,88.728,88.747,88.7375000000,0.54,2.75,1787567667022,1787567667917,89.1911,88.7383,88.699,88.744,88.7215000000,0.12,2.33,1787567661635,1787567662263,89.037,88.734,,,,,
2026-08-24T10:34:29.954Z,live,snapshot,,,,,88.728,88.747,88.7375000000,0.54,2.75,1787567667022,1787567667917,89.1911,88.7383,88.703,88.774,88.7385000000,0.47,5.78,1787567667022,1787567668235,89.037,88.744,,,,,
2026-08-24T10:34:31.399Z,live,snapshot,,,,,88.728,88.747,88.7375000000,0.54,2.75,1787567667022,1787567667917,89.1911,88.7383,88.703,88.774,88.7385000000,0.47,5.78,1787567667022,1787567668235,89.037,88.744,,,,,
2026-08-24T10:34:32.577Z,live,snapshot,,,,,88.728,88.747,88.7375000000,0.54,2.75,1787567667022,1787567667917,89.1911,88.7383,88.703,88.774,88.7385000000,0.47,5.78,1787567667022,1787567668235,89.036,88.774,,,,,
2026-08-24T10:34:33.993Z,live,snapshot,,,,,88.728,88.748,88.7380000000,0.54,0.12,1787567672466,1787567672875,89.1905,88.7376,88.703,88.774,88.7385000000,0.47,5.76,1787567672466,1787567673154,89.036,88.774,,,,,
2026-08-24T10:34:36.531Z,live,snapshot,,,,,88.728,88.748,88.7380000000,0.54,0.12,1787567672466,1787567672875,89.1905,88.7376,88.703,88.774,88.7385000000,0.47,5.76,1787567672466,1787567673154,89.036,88.774,,,,,
2026-08-24T10:34:37.835Z,live,snapshot,,,,,88.728,88.748,88.7380000000,0.54,0.12,1787567672466,1787567672875,89.19,88.7371,88.703,88.774,88.7385000000,0.47,5.76,1787567672466,1787567673154,89.035,88.774,,,,,
2026-08-24T10:34:39.309Z,live,snapshot,,,,,88.729,88.748,88.7385000000,0.43,0.25,1787567677891,1787567678258,89.19,88.7371,88.703,88.774,88.7385000000,0.47,5.54,1787567677891,1787567678531,89.035,88.774,,,,,
2026-08-24T10:34:40.770Z,live,snapshot,,,,,88.729,88.748,88.7385000000,0.43,0.25,1787567677891,1787567678258,89.19,88.7371,88.703,88.774,88.7385000000,0.47,5.54,1787567677891,1787567678531,89.035,88.774,,,,,
2026-08-24T10:34:42.484Z,live,snapshot,,,,,88.729,88.748,88.7385000000,0.43,0.25,1787567677891,1787567678258,89.19,88.7371,88.703,88.774,88.7385000000,0.47,5.54,1787567677891,1787567678531,89.035,88.774,,,,,
2026-08-24T10:34:43.582Z,live,snapshot,,,,,88.729,88.748,88.7385000000,0.43,0.25,1787567677891,1787567678258,89.1894,88.7366,88.703,88.774,88.7385000000,0.47,5.54,1787567677891,1787567678531,89.035,88.774,,,,,
2026-08-24T10:34:44.608Z,live,snapshot,,,,,88.737,88.757,88.7470000000,0.39,0.21,1787567683183,1787567684098,89.1894,88.737,88.703,88.774,88.7385000000,0.46,5.54,1787567683183,1787567684354,89.035,88.715,,,,,
2026-08-24T10:34:45.888Z,live,snapshot,,,,,88.737,88.757,88.7470000000,0.39,0.21,1787567683183,1787567684098,89.1894,88.737,88.703,88.774,88.7385000000,0.46,5.54,1787567683183,1787567684354,89.035,88.715,,,,,
2026-08-24T10:34:46.989Z,live,snapshot,,,,,88.737,88.757,88.7470000000,0.39,0.21,1787567683183,1787567684098,89.1888,88.736,88.703,88.774,88.7385000000,0.46,5.54,1787567683183,1787567684354,89.034,88.715,,,,,
2026-08-24T10:34:48.731Z,live,snapshot,,,,,88.737,88.757,88.7470000000,0.39,0.21,1787567683183,1787567684098,89.1888,88.736,88.703,88.774,88.7385000000,0.46,5.54,1787567683183,1787567684354,89.034,88.715,,,,,
2026-08-24T10:34:49.740Z,live,snapshot,,,,,88.737,88.757,88.7470000000,0.39,0.21,1787567683183,1787567684098,89.1888,88.736,88.703,88.774,88.7385000000,0.46,5.54,1787567683183,1787567684354,89.034,88.715,,,,,
2026-08-24T10:34:50.767Z,live,snapshot,,,,,88.711,88.747,88.7290000000,0.4,0.43,1787567688674,1787567689740,89.1888,88.7358,88.699,88.773,88.7360000000,0.12,11.73,1787567688674,1787567689997,89.034,88.715,,,,,
2026-08-24T10:34:51.821Z,live,snapshot,,,,,88.711,88.747,88.7290000000,0.4,0.43,1787567688674,1787567689740,89.1888,88.7358,88.699,88.773,88.7360000000,0.12,11.73,1787567688674,1787567689997,89.033,88.715,,,,,
2026-08-24T10:34:52.871Z,live,snapshot,,,,,88.711,88.747,88.7290000000,0.4,0.43,1787567688674,1787567689740,89.1888,88.7358,88.699,88.773,88.7360000000,0.12,11.73,1787567688674,1787567689997,89.033,88.715,,,,,
2026-08-24T10:34:54.821Z,live,snapshot,,,,,88.711,88.747,88.7290000000,0.4,0.43,1787567688674,1787567689740,89.1882,88.737,88.699,88.773,88.7360000000,0.12,11.73,1787567688674,1787567689997,89.033,88.715,,,,,
2026-08-24T10:34:56.050Z,live,snapshot,,,,,88.727,88.763,88.7450000000,0.44,0.43,1787567694104,1787567695302,89.1882,88.737,88.7,88.766,88.7330000000,4.04,0.47,1787567694104,1787567695556,89.033,88.715,,,,,
2026-08-24T10:34:57.298Z,live,snapshot,,,,,88.727,88.763,88.7450000000,0.44,0.43,1787567694104,1787567695302,89.1882,88.7355,88.7,88.766,88.7330000000,4.04,0.47,1787567694104,1787567695556,89.033,88.715,,,,,
2026-08-24T10:34:58.443Z,live,snapshot,,,,,88.727,88.763,88.7450000000,0.44,0.43,1787567694104,1787567695302,89.1882,88.7355,88.7,88.766,88.7330000000,4.04,0.47,1787567694104,1787567695556,89.032,88.715,,,,,
2026-08-24T10:35:01.065Z,live,snapshot,,,,,88.707,88.747,88.7270000000,0.43,0.43,1787567699447,1787567699824,89.1876,88.7348,88.7,88.766,88.7330000000,4.04,0.47,1787567694104,1787567695556,89.032,88.715,,,,,
2026-08-24T10:35:02.119Z,live,snapshot,,,,,88.707,88.747,88.7270000000,0.43,0.43,1787567699447,1787567699824,89.1876,88.7348,88.699,88.764,88.7315000000,0.12,11.27,1787567699447,1787567701319,89.032,88.715,,,,,
2026-08-24T10:35:03.154Z,live,snapshot,,,,,88.707,88.747,88.7270000000,0.43,0.43,1787567699447,1787567699824,89.187,88.734,88.699,88.764,88.7315000000,0.12,11.27,1787567699447,1787567701319,89.032,88.762,,,,,
2026-08-24T10:35:04.555Z,live,snapshot,,,,,88.707,88.747,88.7270000000,0.43,0.43,1787567699447,1787567699824,89.187,88.734,88.699,88.764,88.7315000000,0.12,11.27,1787567699447,1787567701319,89.031,88.714,,,,,
2026-08-24T10:35:05.805Z,live,snapshot,,,,,88.707,88.747,88.7270000000,0.43,0.43,1787567699447,1787567699824,89.187,88.734,88.699,88.764,88.7315000000,0.12,11.27,1787567699447,1787567701319,89.031,88.714,,,,,
2026-08-24T10:35:07.149Z,live,snapshot,,,,,88.707,88.747,88.7270000000,0.43,0.43,1787567699447,1787567699824,89.187,88.7338,88.699,88.764,88.7315000000,0.12,11.27,1787567699447,1787567701319,89.031,88.714,,,,,
2026-08-24T10:35:08.596Z,live,snapshot,,,,,88.716,88.752,88.7340000000,0.44,0.44,1787567704937,1787567707149,89.187,88.7338,88.674,88.745,88.7095000000,0.47,140.85,1787567704937,1787567707410,89.031,88.714,,,,,
2026-08-24T10:35:09.648Z,live,snapshot,,,,,88.716,88.752,88.7340000000,0.44,0.44,1787567704937,1787567707149,89.1864,88.7332,88.674,88.745,88.7095000000,0.47,140.85,1787567704937,1787567707410,89.031,88.713,,,,,
2026-08-24T10:35:11.127Z,live,snapshot,,,,,88.716,88.752,88.7340000000,0.44,0.44,1787567704937,1787567707149,89.1864,88.7332,88.674,88.745,88.7095000000,0.47,140.85,1787567704937,1787567707410,89.031,88.713,,,,,
2026-08-24T10:35:12.181Z,live,snapshot,,,,,88.702,88.742,88.7220000000,0.32,0.44,1787567710378,1787567711670,89.1864,88.733,88.669,88.735,88.7020000000,1.01,0.42,1787567710378,1787567711908,89.031,88.713,,,,,
2026-08-24T10:35:13.378Z,live,snapshot,,,,,88.702,88.742,88.7220000000,0.32,0.44,1787567710378,1787567711670,89.1864,88.733,88.669,88.735,88.7020000000,1.01,0.42,1787567710378,1787567711908,89.031,88.713,,,,,
2026-08-24T10:35:14.400Z,live,snapshot,,,,,88.702,88.742,88.7220000000,0.32,0.44,1787567710378,1787567711670,89.1864,88.733,88.669,88.735,88.7020000000,1.01,0.42,1787567710378,1787567711908,89.03,88.712,,,,,
2026-08-24T10:35:15.421Z,live,snapshot,,,,,88.702,88.742,88.7220000000,0.32,0.44,1787567710378,1787567711670,89.1855,88.732,88.669,88.735,88.7020000000,1.01,0.42,1787567710378,1787567711908,89.03,88.712,,,,,
2026-08-24T10:35:16.778Z,live,snapshot,,,,,88.702,88.742,88.7220000000,0.32,0.44,1787567710378,1787567711670,89.1855,88.732,88.669,88.735,88.7020000000,1.01,0.42,1787567710378,1787567711908,89.03,88.711,,,,,
2026-08-24T10:35:18.005Z,live,snapshot,,,,,88.687,88.723,88.7050000000,0.45,0.45,1787567715857,1787567716778,89.1855,88.7317,88.648,88.716,88.6820000000,4.04,0.48,1787567715857,1787567717033,89.03,88.711,,,,,
2026-08-24T10:35:19.787Z,live,snapshot,,,,,88.687,88.723,88.7050000000,0.45,0.45,1787567715857,1787567716778,89.1855,88.7317,88.648,88.716,88.6820000000,4.04,0.48,1787567715857,1787567717033,89.029,88.71,,,,,
2026-08-24T10:35:21.033Z,live,snapshot,,,,,88.687,88.723,88.7050000000,0.45,0.45,1787567715857,1787567716778,89.1846,88.7303,88.648,88.716,88.6820000000,4.04,0.48,1787567715857,1787567717033,89.029,88.71,,,,,
2026-08-24T10:35:22.171Z,live,snapshot,,,,,88.691,88.722,88.7065000000,0.45,0.46,1787567721236,1787567721661,89.1846,88.7303,88.649,88.725,88.6870000000,0.48,0.48,1787567721236,1787567721918,89.029,88.71,,,,,
2026-08-24T10:35:23.174Z,live,snapshot,,,,,88.691,88.722,88.7065000000,0.45,0.46,1787567721236,1787567721661,89.1846,88.7303,88.649,88.725,88.6870000000,0.48,0.48,1787567721236,1787567721918,89.029,88.709,,,,,
2026-08-24T10:35:24.214Z,live,snapshot,,,,,88.691,88.722,88.7065000000,0.45,0.46,1787567721236,1787567721661,89.1846,88.7298,88.649,88.725,88.6870000000,0.48,0.48,1787567721236,1787567721918,89.029,88.709,,,,,
2026-08-24T10:35:26.065Z,live,snapshot,,,,,88.691,88.722,88.7065000000,0.45,0.46,1787567721236,1787567721661,89.1846,88.7298,88.649,88.725,88.6870000000,0.48,0.48,1787567721236,1787567721918,89.028,88.708,,,,,
2026-08-24T10:35:27.300Z,live,snapshot,,,,,88.691,88.722,88.7065000000,0.45,0.46,1787567721236,1787567721661,89.1837,88.7284,88.649,88.725,88.6870000000,0.48,0.48,1787567721236,1787567721918,89.028,88.708,,,,,
2026-08-24T10:35:28.301Z,live,snapshot,,,,,88.707,88.726,88.7165000000,0.44,4.98,1787567726738,1787567727554,89.1837,88.7284,88.654,88.725,88.6895000000,0.48,0.48,1787567726738,1787567727808,89.028,88.708,,,,,
2026-08-24T10:35:29.326Z,live,snapshot,,,,,88.707,88.726,88.7165000000,0.44,4.98,1787567726738,1787567727554,89.1837,88.7284,88.654,88.725,88.6895000000,0.48,0.48,1787567726738,1787567727808,89.028,88.708,,,,,
2026-08-24T10:35:30.520Z,live,snapshot,,,,,88.707,88.726,88.7165000000,0.44,4.98,1787567726738,1787567727554,89.1837,88.7281,88.654,88.725,88.6895000000,0.48,0.48,1787567726738,1787567727808,89.028,88.708,,,,,
2026-08-24T10:35:32.214Z,live,snapshot,,,,,88.707,88.726,88.7165000000,0.44,4.98,1787567726738,1787567727554,89.1837,88.7281,88.654,88.725,88.6895000000,0.48,0.48,1787567726738,1787567727808,89.027,88.732,,,,,
2026-08-24T10:35:33.308Z,live,snapshot,,,,,88.707,88.726,88.7165000000,0.44,4.98,1787567726738,1787567727554,89.1831,88.7273,88.654,88.725,88.6895000000,0.48,0.48,1787567726738,1787567727808,89.027,88.732,,,,,
2026-08-24T10:35:34.346Z,live,snapshot,,,,,88.681,88.722,88.7015000000,0.45,0.44,1787567732148,1787567733308,89.1831,88.7273,88.648,88.709,88.6785000000,8.84,0.5,1787567732148,1787567733564,89.027,88.732,,,,,
2026-08-24T10:35:35.364Z,live,snapshot,,,,,88.681,88.722,88.7015000000,0.45,0.44,1787567732148,1787567733308,89.1831,88.7273,88.648,88.709,88.6785000000,8.84,0.5,1787567732148,1787567733564,89.027,88.709,,,,,
2026-08-24T10:35:36.555Z,live,snapshot,,,,,88.681,88.722,88.7015000000,0.45,0.44,1787567732148,1787567733308,89.1826,88.7265,88.648,88.709,88.6785000000,8.84,0.5,1787567732148,1787567733564,89.027,88.709,,,,,
2026-08-24T10:35:38.176Z,live,snapshot,,,,,88.681,88.722,88.7015000000,0.45,0.44,1787567732148,1787567733308,89.1826,88.7265,88.648,88.709,88.6785000000,8.84,0.5,1787567732148,1787567733564,89.026,88.709,,,,,
2026-08-24T10:35:39.470Z,live,snapshot,,,,,88.686,88.722,88.7040000000,0.41,0.44,1787567737603,1787567738657,89.1826,88.7265,88.648,88.709,88.6785000000,8.84,0.5,1787567737603,1787567738909,89.026,88.709,,,,,
2026-08-24T10:35:40.559Z,live,snapshot,,,,,88.686,88.722,88.7040000000,0.41,0.44,1787567737603,1787567738657,89.1826,88.7261,88.648,88.709,88.6785000000,8.84,0.5,1787567737603,1787567738909,89.026,88.724,,,,,
2026-08-24T10:35:41.649Z,live,snapshot,,,,,88.686,88.722,88.7040000000,0.41,0.44,1787567737603,1787567738657,89.1819,88.7249,88.648,88.709,88.6785000000,8.84,0.5,1787567737603,1787567738909,89.026,88.724,,,,,
2026-08-24T10:35:42.728Z,live,snapshot,,,,,88.686,88.722,88.7040000000,0.41,0.44,1787567737603,1787567738657,89.1819,88.7249,88.648,88.709,88.6785000000,8.84,0.5,1787567737603,1787567738909,89.026,88.724,,,,,
2026-08-24T10:35:44.419Z,live,snapshot,,,,,88.686,88.722,88.7040000000,0.41,0.44,1787567737603,1787567738657,89.1819,88.7249,88.648,88.709,88.6785000000,8.84,0.5,1787567737603,1787567738909,89.025,88.703,,,,,
2026-08-24T10:35:45.681Z,live,snapshot,,,,,88.686,88.722,88.7040000000,0.28,0.42,1787567742933,1787567744901,89.1819,88.7249,88.648,88.714,88.6810000000,8.53,0.5,1787567742933,1787567745138,89.025,88.703,,,,,
2026-08-24T10:35:46.774Z,live,snapshot,,,,,88.686,88.722,88.7040000000,0.28,0.42,1787567742933,1787567744901,89.1819,88.7246,88.648,88.714,88.6810000000,8.53,0.5,1787567742933,1787567745138,89.025,88.703,,,,,
2026-08-24T10:35:48.021Z,live,snapshot,,,,,88.686,88.722,88.7040000000,0.28,0.42,1787567742933,1787567744901,89.1813,88.7236,88.648,88.714,88.6810000000,8.53,0.5,1787567742933,1787567745138,89.025,88.702,,,,,
2026-08-24T10:35:49.161Z,live,snapshot,,,,,88.686,88.722,88.7040000000,0.28,0.42,1787567747996,1787567748905,89.1813,88.7236,88.648,88.714,88.6810000000,8.53,0.5,1787567742933,1787567745138,89.025,88.702,,,,,
2026-08-24T10:35:50.602Z,live,snapshot,,,,,88.686,88.722,88.7040000000,0.28,0.42,1787567747996,1787567748905,89.1813,88.7236,88.648,88.714,88.6810000000,8.53,0.5,1787567747996,1787567749408,89.025,88.702,,,,,
2026-08-24T10:35:52.061Z,live,snapshot,,,,,88.686,88.722,88.7040000000,0.28,0.42,1787567747996,1787567748905,89.1813,88.7232,88.648,88.714,88.6810000000,8.53,0.5,1787567747996,1787567749408,89.024,88.701,,,,,
2026-08-24T10:35:53.078Z,live,snapshot,,,,,88.686,88.722,88.7040000000,0.28,0.42,1787567747996,1787567748905,89.1808,88.7222,88.648,88.714,88.6810000000,8.53,0.5,1787567747996,1787567749408,89.024,88.7,,,,,
2026-08-24T10:35:54.596Z,live,snapshot,,,,,88.701,88.724,88.7125000000,0.42,0.39,1787567753494,1787567754256,89.1808,88.7222,88.648,88.714,88.6810000000,8.53,0.5,1787567747996,1787567749408,89.024,88.7,,,,,
2026-08-24T10:35:56.640Z,live,snapshot,,,,,88.701,88.724,88.7125000000,0.42,0.39,1787567753494,1787567754256,89.1808,88.7222,88.663,88.733,88.6980000000,0.5,5.27,1787567753494,1787567754596,89.023,88.7,,,,,
2026-08-24T10:35:57.677Z,live,snapshot,,,,,88.701,88.724,88.7125000000,0.42,0.39,1787567753494,1787567754256,89.1802,88.7214,88.663,88.733,88.6980000000,0.5,5.27,1787567753494,1787567754596,89.023,88.7,,,,,
2026-08-24T10:35:58.830Z,live,snapshot,,,,,88.701,88.724,88.7125000000,0.42,0.39,1787567753494,1787567754256,89.1802,88.7214,88.663,88.733,88.6980000000,0.5,5.27,1787567753494,1787567754596,89.023,88.699,,,,,
2026-08-24T10:36:00.074Z,live,snapshot,,,,,88.701,88.724,88.7125000000,0.42,0.15,1787567758836,1787567759339,89.1802,88.7212,88.663,88.732,88.6975000000,0.5,0.55,1787567758836,1787567759819,89.023,88.699,,,,,
2026-08-24T10:36:01.195Z,live,snapshot,,,,,88.701,88.724,88.7125000000,0.42,0.15,1787567758836,1787567759339,89.1802,88.7212,88.663,88.732,88.6975000000,0.5,0.55,1787567758836,1787567759819,89.022,88.732,,,,,
2026-08-24T10:36:02.913Z,live,snapshot,,,,,88.701,88.724,88.7125000000,0.42,0.15,1787567758836,1787567759339,89.1802,88.7212,88.663,88.732,88.6975000000,0.5,0.55,1787567758836,1787567759819,89.022,88.732,,,,,
2026-08-24T10:36:03.913Z,live,snapshot,,,,,88.701,88.724,88.7125000000,0.42,0.15,1787567758836,1787567759339,89.1797,88.731,88.663,88.732,88.6975000000,0.5,0.55,1787567758836,1787567759819,89.022,88.732,,,,,
2026-08-24T10:36:04.914Z,live,snapshot,,,,,88.71,88.731,88.7205000000,0.42,4.86,1787567764259,1787567764657,89.1797,88.731,88.663,88.732,88.6975000000,0.5,0.55,1787567758836,1787567759819,89.022,88.732,,,,,
2026-08-24T10:36:05.937Z,live,snapshot,,,,,88.71,88.731,88.7205000000,0.42,4.86,1787567764259,1787567764657,89.1797,88.731,88.662,88.737,88.6995000000,0.5,0.5,1787567764259,1787567764914,89.022,88.732,,,,,
2026-08-24T10:36:07.073Z,live,snapshot,,,,,88.71,88.731,88.7205000000,0.42,4.86,1787567764259,1787567764657,89.1797,88.731,88.662,88.737,88.6995000000,0.5,0.5,1787567764259,1787567764914,89.021,88.732,,,,,
2026-08-24T10:36:08.929Z,live,snapshot,,,,,88.71,88.731,88.7205000000,0.42,4.86,1787567764259,1787567764657,89.1797,88.731,88.662,88.737,88.6995000000,0.5,0.5,1787567764259,1787567764914,89.021,88.732,,,,,
2026-08-24T10:36:10.175Z,live,snapshot,,,,,88.71,88.731,88.7205000000,0.42,4.86,1787567764259,1787567764657,89.1789,88.731,88.662,88.737,88.6995000000,0.5,0.5,1787567764259,1787567764914,89.021,88.733,,,,,
2026-08-24T10:36:11.458Z,live,snapshot,,,,,88.716,88.747,88.7315000000,0.4,0.12,1787567769718,1787567770510,89.1789,88.731,88.668,88.739,88.7035000000,0.5,0.51,1787567769718,1787567770838,89.021,88.733,,,,,
2026-08-24T10:36:12.482Z,live,snapshot,,,,,88.716,88.747,88.7315000000,0.4,0.12,1787567769718,1787567770510,89.1789,88.731,88.668,88.739,88.7035000000,0.5,0.51,1787567769718,1787567770838,89.021,88.733,,,,,
2026-08-24T10:36:14.994Z,live,snapshot,,,,,88.716,88.747,88.7315000000,0.4,0.12,1787567769718,1787567770510,89.1789,88.731,88.668,88.739,88.7035000000,0.5,0.51,1787567769718,1787567770838,89.02,88.697,,,,,
2026-08-24T10:36:16.326Z,live,snapshot,,,,,88.716,88.747,88.7315000000,0.4,0.12,1787567769718,1787567770510,89.1781,88.7191,88.668,88.739,88.7035000000,0.5,0.51,1787567769718,1787567770838,89.02,88.697,,,,,
2026-08-24T10:36:17.369Z,live,snapshot,,,,,88.711,88.742,88.7265000000,0.4,0.4,1787567775082,1787567776326,89.1781,88.7191,88.668,88.734,88.7010000000,0.54,0.54,1787567775082,1787567776581,89.02,88.727,,,,,
2026-08-24T10:36:18.594Z,live,snapshot,,,,,88.711,88.742,88.7265000000,0.4,0.4,1787567775082,1787567776326,89.1781,88.7192,88.668,88.734,88.7010000000,0.54,0.54,1787567775082,1787567776581,89.02,88.727,,,,,
2026-08-24T10:36:21.392Z,live,snapshot,,,,,88.711,88.742,88.7265000000,0.4,0.4,1787567775082,1787567776326,89.1781,88.7192,88.668,88.734,88.7010000000,0.54,0.54,1787567775082,1787567776581,89.02,88.727,,,,,
2026-08-24T10:36:22.425Z,live,snapshot,,,,,88.711,88.742,88.7265000000,0.4,0.4,1787567780489,1787567781892,89.1773,88.7185,88.668,88.734,88.7010000000,0.54,0.54,1787567780489,1787567782186,89.02,88.727,,,,,
2026-08-24T10:36:23.429Z,live,snapshot,,,,,88.711,88.742,88.7265000000,0.4,0.4,1787567780489,1787567781892,89.1773,88.7185,88.668,88.734,88.7010000000,0.54,0.54,1787567780489,1787567782186,89.019,88.727,,,,,
2026-08-24T10:36:24.467Z,live,snapshot,,,,,88.711,88.742,88.7265000000,0.4,0.4,1787567780489,1787567781892,89.1773,88.7187,88.668,88.734,88.7010000000,0.54,0.54,1787567780489,1787567782186,89.019,88.727,,,,,
2026-08-24T10:36:25.564Z,live,snapshot,,,,,88.711,88.742,88.7265000000,0.4,0.4,1787567780489,1787567781892,89.1773,88.7187,88.668,88.734,88.7010000000,0.54,0.54,1787567780489,1787567782186,89.019,88.727,,,,,
2026-08-24T10:36:27.503Z,live,snapshot,,,,,88.676,88.712,88.6940000000,0.45,0.39,1787567785837,1787567786305,89.1773,88.7187,88.668,88.734,88.7010000000,0.54,0.54,1787567780489,1787567782186,89.019,88.727,,,,,
2026-08-24T10:36:28.732Z,live,snapshot,,,,,88.676,88.712,88.6940000000,0.45,0.39,1787567785837,1787567786305,89.1765,88.718,88.65,88.705,88.6775000000,5.43,0.56,1787567785837,1787567787750,89.019,88.727,,,,,
2026-08-24T10:36:29.752Z,live,snapshot,,,,,88.676,88.712,88.6940000000,0.45,0.39,1787567785837,1787567786305,89.1765,88.718,88.65,88.705,88.6775000000,5.43,0.56,1787567785837,1787567787750,89.018,88.705,,,,,
2026-08-24T10:36:30.963Z,live,snapshot,,,,,88.676,88.712,88.6940000000,0.45,0.39,1787567785837,1787567786305,89.1756,88.7169,88.65,88.705,88.6775000000,5.43,0.56,1787567785837,1787567787750,89.018,88.704,,,,,
2026-08-24T10:36:32.224Z,live,snapshot,,,,,88.676,88.707,88.6915000000,0.45,0.39,1787567791210,1787567791950,89.1756,88.7164,88.65,88.705,88.6775000000,5.43,0.56,1787567785837,1787567787750,89.018,88.704,,,,,
2026-08-24T10:36:33.755Z,live,snapshot,,,,,88.676,88.707,88.6915000000,0.45,0.39,1787567791210,1787567791950,89.1756,88.7164,88.65,88.706,88.6780000000,5.43,0.41,1787567791210,1787567792554,89.018,88.704,,,,,
2026-08-24T10:36:34.808Z,live,snapshot,,,,,88.676,88.707,88.6915000000,0.45,0.39,1787567791210,1787567791950,89.1756,88.7164,88.65,88.706,88.6780000000,5.43,0.41,1787567791210,1787567792554,89.017,88.704,,,,,
2026-08-24T10:36:35.917Z,live,snapshot,,,,,88.676,88.707,88.6915000000,0.45,0.39,1787567791210,1787567791950,89.1747,88.715,88.65,88.706,88.6780000000,5.43,0.41,1787567791210,1787567792554,89.017,88.704,,,,,
2026-08-24T10:36:37.090Z,live,snapshot,,,,,88.676,88.707,88.6915000000,0.45,0.39,1787567791210,1787567791950,89.1747,88.715,88.65,88.706,88.6780000000,5.43,0.41,1787567791210,1787567792554,89.017,88.704,,,,,
2026-08-24T10:36:38.174Z,live,snapshot,,,,,88.684,88.715,88.6995000000,0.39,0.12,1787567796577,1787567797341,89.1747,88.715,88.66,88.716,88.6880000000,0.52,0.56,1787567796577,1787567797661,89.017,88.704,,,,,
2026-08-24T10:36:39.743Z,live,snapshot,,,,,88.684,88.715,88.6995000000,0.39,0.12,1787567796577,1787567797341,89.1747,88.7147,88.66,88.716,88.6880000000,0.52,0.56,1787567796577,1787567797661,89.017,88.704,,,,,
2026-08-24T10:36:40.806Z,live,snapshot,,,,,88.684,88.715,88.6995000000,0.39,0.12,1787567796577,1787567797341,89.1747,88.7147,88.66,88.716,88.6880000000,0.52,0.56,1787567796577,1787567797661,89.016,88.704,,,,,
2026-08-24T10:36:42.038Z,live,snapshot,,,,,88.684,88.715,88.6995000000,0.39,0.12,1787567796577,1787567797341,89.1741,88.7139,88.66,88.716,88.6880000000,0.52,0.56,1787567796577,1787567797661,89.016,88.704,,,,,
2026-08-24T10:36:43.273Z,live,snapshot,,,,,88.681,88.715,88.6980000000,0.22,0.12,1787567801976,1787567802538,89.1741,88.7139,88.655,88.716,88.6855000000,0.55,0.56,1787567801976,1787567802781,89.016,88.691,,,,,
2026-08-24T10:36:45.879Z,live,snapshot,,,,,88.681,88.715,88.6980000000,0.22,0.12,1787567801976,1787567802538,89.1741,88.7136,88.655,88.716,88.6855000000,0.55,0.56,1787567801976,1787567802781,89.016,88.691,,,,,
2026-08-24T10:36:47.009Z,live,snapshot,,,,,88.681,88.715,88.6980000000,0.22,0.12,1787567801976,1787567802538,89.1741,88.7136,88.655,88.716,88.6855000000,0.55,0.56,1787567801976,1787567802781,89.015,88.691,,,,,
2026-08-24T10:36:48.045Z,live,snapshot,,,,,88.706,88.715,88.7105000000,0.38,0.12,1787567807422,1787567807810,89.1736,88.7127,88.655,88.716,88.6855000000,0.55,0.56,1787567801976,1787567802781,89.015,88.691,,,,,
2026-08-24T10:36:49.046Z,live,snapshot,,,,,88.706,88.715,88.7105000000,0.38,0.12,1787567807422,1787567807810,89.1736,88.7127,88.67,88.745,88.7075000000,0.55,140.85,1787567807422,1787567808045,89.015,88.691,,,,,
2026-08-24T10:36:50.158Z,live,snapshot,,,,,88.706,88.715,88.7105000000,0.38,0.12,1787567807422,1787567807810,89.1736,88.7127,88.67,88.745,88.7075000000,0.55,140.85,1787567807422,1787567808045,89.015,88.69,,,,,
2026-08-24T10:36:52.079Z,live,snapshot,,,,,88.706,88.715,88.7105000000,0.38,0.12,1787567807422,1787567807810,89.173,88.719,88.67,88.745,88.7075000000,0.55,140.85,1787567807422,1787567808045,89.015,88.69,,,,,
2026-08-24T10:36:53.209Z,live,snapshot,,,,,88.706,88.715,88.7105000000,0.38,0.12,1787567807422,1787567807810,89.173,88.719,88.67,88.745,88.7075000000,0.55,140.85,1787567807422,1787567808045,89.014,88.69,,,,,
2026-08-24T10:36:54.245Z,live,snapshot,,,,,88.709,88.723,88.7160000000,0.38,0.12,1787567812732,1787567813720,89.173,88.719,88.683,88.744,88.7135000000,0.51,0.55,1787567812732,1787567813976,89.014,88.69,,,,,
2026-08-24T10:36:55.334Z,live,snapshot,,,,,88.709,88.723,88.7160000000,0.38,0.12,1787567812732,1787567813720,89.173,88.719,88.683,88.744,88.7135000000,0.51,0.55,1787567812732,1787567813976,89.014,88.69,,,,,
2026-08-24T10:36:56.500Z,live,snapshot,,,,,88.709,88.723,88.7160000000,0.38,0.12,1787567812732,1787567813720,89.1725,88.719,88.683,88.744,88.7135000000,0.51,0.55,1787567812732,1787567813976,89.014,88.69,,,,,
2026-08-24T10:36:58.197Z,live,snapshot,,,,,88.709,88.723,88.7160000000,0.38,0.12,1787567812732,1787567813720,89.1725,88.719,88.683,88.744,88.7135000000,0.51,0.55,1787567812732,1787567813976,89.014,88.69,,,,,
2026-08-24T10:36:59.433Z,live,snapshot,,,,,88.709,88.725,88.7170000000,0.38,0.12,1787567818094,1787567819196,89.1725,88.719,88.683,88.744,88.7135000000,0.51,0.55,1787567812732,1787567813976,89.013,88.69,,,,,
2026-08-24T10:37:00.545Z,live,snapshot,,,,,88.709,88.725,88.7170000000,0.38,0.12,1787567818094,1787567819196,89.1725,88.719,88.683,88.744,88.7135000000,0.51,0.55,1787567818094,1787567819434,89.013,88.69,,,,,
2026-08-24T10:37:01.715Z,live,snapshot,,,,,88.709,88.725,88.7170000000,0.38,0.12,1787567818094,1787567819196,89.1725,88.719,88.683,88.744,88.7135000000,0.51,0.55,1787567818094,1787567819434,89.013,88.744,,,,,
2026-08-24T10:37:02.747Z,live,snapshot,,,,,88.709,88.725,88.7170000000,0.38,0.12,1787567818094,1787567819196,89.172,88.719,88.683,88.744,88.7135000000,0.51,0.55,1787567818094,1787567819434,89.013,88.744,,,,,
2026-08-24T10:37:04.518Z,live,snapshot,,,,,88.709,88.725,88.7170000000,0.38,0.12,1787567818094,1787567819196,89.172,88.719,88.683,88.744,88.7135000000,0.51,0.55,1787567818094,1787567819434,89.013,88.744,,,,,
2026-08-24T10:37:05.528Z,live,snapshot,,,,,88.714,88.733,88.7235000000,0.35,0.12,1787567823491,1787567824997,89.172,88.719,88.689,88.745,88.7170000000,0.48,140.85,1787567823491,1787567825255,89.013,88.744,,,,,
2026-08-24T10:37:06.626Z,live,snapshot,,,,,88.714,88.733,88.7235000000,0.35,0.12,1787567823491,1787567824997,89.172,88.725,88.689,88.745,88.7170000000,0.48,140.85,1787567823491,1787567825255,89.012,88.744,,,,,
2026-08-24T10:37:07.802Z,live,snapshot,,,,,88.714,88.733,88.7235000000,0.35,0.12,1787567823491,1787567824997,89.172,88.725,88.689,88.745,88.7170000000,0.48,140.85,1787567823491,1787567825255,89.012,88.744,,,,,
2026-08-24T10:37:08.901Z,live,snapshot,,,,,88.714,88.733,88.7235000000,0.35,0.12,1787567823491,1787567824997,89.1715,88.725,88.689,88.745,88.7170000000,0.48,140.85,1787567823491,1787567825255,89.012,88.744,,,,,
2026-08-24T10:37:10.579Z,live,snapshot,,,,,88.722,88.733,88.7275000000,0.38,0.12,1787567828878,1787567829301,89.1715,88.725,88.689,88.745,88.7170000000,0.48,140.85,1787567823491,1787567825255,89.012,88.744,,,,,
2026-08-24T10:37:11.806Z,live,snapshot,,,,,88.722,88.733,88.7275000000,0.38,0.12,1787567828878,1787567829301,89.1715,88.725,88.689,88.759,88.7240000000,0.48,4.88,1787567828878,1787567830821,89.012,88.744,,,,,
2026-08-24T10:37:12.907Z,live,snapshot,,,,,88.722,88.733,88.7275000000,0.38,0.12,1787567828878,1787567829301,89.1715,88.733,88.689,88.759,88.7240000000,0.48,4.88,1787567828878,1787567830821,89.011,88.697,,,,,
2026-08-24T10:37:14.064Z,live,snapshot,,,,,88.722,88.733,88.7275000000,0.38,0.12,1787567828878,1787567829301,89.1707,88.717,88.689,88.759,88.7240000000,0.48,4.88,1787567828878,1787567830821,89.011,88.697,,,,,
2026-08-24T10:37:15.071Z,live,snapshot,,,,,88.722,88.733,88.7275000000,0.38,0.12,1787567828878,1787567829301,89.1707,88.717,88.689,88.759,88.7240000000,0.48,4.88,1787567828878,1787567830821,89.011,88.697,,,,,
2026-08-24T10:37:16.953Z,live,snapshot,,,,,88.711,88.741,88.7260000000,0.32,0.38,1787567834302,1787567835071,89.1707,88.717,88.698,88.754,88.7260000000,4.04,0.41,1787567834302,1787567835614,89.011,88.697,,,,,
2026-08-24T10:37:18.228Z,live,snapshot,,,,,88.711,88.741,88.7260000000,0.32,0.38,1787567834302,1787567835071,89.1699,88.717,88.698,88.754,88.7260000000,4.04,0.41,1787567834302,1787567835614,89.011,88.698,,,,,
2026-08-24T10:37:20.009Z,live,snapshot,,,,,88.711,88.741,88.7260000000,0.32,0.38,1787567834302,1787567835071,89.1699,88.717,88.698,88.754,88.7260000000,4.04,0.41,1787567834302,1787567835614,89.01,88.694,,,,,
2026-08-24T10:37:21.125Z,live,snapshot,,,,,88.701,88.732,88.7165000000,0.38,0.38,1787567839742,1787567840609,89.1699,88.717,88.691,88.742,88.7165000000,0.19,0.55,1787567839742,1787567840873,89.01,88.694,,,,,
2026-08-24T10:37:23.089Z,live,snapshot,,,,,88.701,88.732,88.7165000000,0.38,0.38,1787567839742,1787567840609,89.1699,88.717,88.691,88.742,88.7165000000,0.19,0.55,1787567839742,1787567840873,89.01,88.694,,,,,
2026-08-24T10:37:24.118Z,live,snapshot,,,,,88.701,88.732,88.7165000000,0.38,0.38,1787567839742,1787567840609,89.1691,88.717,88.691,88.742,88.7165000000,0.19,0.55,1787567839742,1787567840873,89.01,88.694,,,,,
2026-08-24T10:37:25.365Z,live,snapshot,,,,,88.701,88.732,88.7165000000,0.38,0.38,1787567839742,1787567840609,89.1691,88.717,88.691,88.742,88.7165000000,0.19,0.55,1787567839742,1787567840873,89.01,88.694,,,,,
2026-08-24T10:37:26.471Z,live,snapshot,,,,,88.691,88.722,88.7065000000,0.38,0.37,1787567845172,1787567845933,89.1691,88.717,88.691,88.737,88.7140000000,0.19,0.55,1787567845172,1787567846194,89.01,88.694,,,,,
2026-08-24T10:37:27.629Z,live,snapshot,,,,,88.691,88.722,88.7065000000,0.38,0.37,1787567845172,1787567845933,89.1691,88.717,88.691,88.737,88.7140000000,0.19,0.55,1787567845172,1787567846194,89.01,88.694,,,,,
2026-08-24T10:37:29.168Z,live,snapshot,,,,,88.691,88.722,88.7065000000,0.38,0.37,1787567845172,1787567845933,89.1691,88.717,88.691,88.737,88.7140000000,0.19,0.55,1787567845172,1787567846194,89.009,88.694,,,,,
2026-08-24T10:37:30.181Z,live,snapshot,,,,,88.691,88.722,88.7065000000,0.38,0.37,1787567845172,1787567845933,89.1682,88.717,88.691,88.737,88.7140000000,0.19,0.55,1787567845172,1787567846194,89.009,88.694,,,,,
2026-08-24T10:37:31.189Z,live,snapshot,,,,,88.691,88.722,88.7065000000,0.38,0.37,1787567850564,1787567850952,89.1682,88.717,88.691,88.737,88.7140000000,0.19,0.55,1787567845172,1787567846194,89.009,88.694,,,,,
2026-08-24T10:37:32.252Z,live,snapshot,,,,,88.691,88.722,88.7065000000,0.38,0.37,1787567850564,1787567850952,89.1682,88.717,88.687,88.737,88.7120000000,0.18,0.55,1787567850564,1787567851189,89.009,88.737,,,,,
2026-08-24T10:37:33.458Z,live,snapshot,,,,,88.691,88.722,88.7065000000,0.38,0.37,1787567850564,1787567850952,89.1682,88.717,88.687,88.737,88.7120000000,0.18,0.55,1787567850564,1787567851189,89.009,88.737,,,,,
2026-08-24T10:37:35.378Z,live,snapshot,,,,,88.691,88.722,88.7065000000,0.38,0.37,1787567850564,1787567850952,89.1682,88.717,88.687,88.737,88.7120000000,0.18,0.55,1787567850564,1787567851189,89.008,88.733,,,,,
2026-08-24T10:37:36.379Z,live,snapshot,,,,,88.691,88.722,88.7065000000,0.38,0.37,1787567850564,1787567850952,89.1673,88.717,88.687,88.737,88.7120000000,0.18,0.55,1787567850564,1787567851189,89.008,88.733,,,,,
2026-08-24T10:37:37.493Z,live,snapshot,,,,,88.691,88.722,88.7065000000,0.38,0.37,1787567855928,1787567856985,89.1673,88.717,88.687,88.733,88.7100000000,0.18,0.55,1787567855928,1787567857238,89.008,88.733,,,,,
2026-08-24T10:37:38.515Z,live,snapshot,,,,,88.691,88.722,88.7065000000,0.38,0.37,1787567855928,1787567856985,89.1673,88.717,88.687,88.733,88.7100000000,0.18,0.55,1787567855928,1787567857238,89.008,88.733,,,,,
2026-08-24T10:37:39.742Z,live,snapshot,,,,,88.691,88.722,88.7065000000,0.38,0.37,1787567855928,1787567856985,89.1673,88.717,88.687,88.733,88.7100000000,0.18,0.55,1787567855928,1787567857238,89.008,88.733,,,,,
2026-08-24T10:37:41.485Z,live,snapshot,,,,,88.691,88.722,88.7065000000,0.38,0.37,1787567855928,1787567856985,89.1673,88.717,88.687,88.733,88.7100000000,0.18,0.55,1787567855928,1787567857238,89.007,88.737,,,,,
2026-08-24T10:37:42.661Z,live,snapshot,,,,,88.691,88.722,88.7065000000,0.38,0.37,1787567855928,1787567856985,89.1664,88.717,88.687,88.733,88.7100000000,0.18,0.55,1787567855928,1787567857238,89.007,88.737,,,,,
2026-08-24T10:37:43.720Z,live,snapshot,,,,,88.686,88.717,88.7015000000,0.2,0.37,1787567861298,1787567862662,89.1664,88.717,88.673,88.733,88.7030000000,5.0,0.43,1787567861298,1787567862917,89.007,88.737,,,,,
2026-08-24T10:37:44.727Z,live,snapshot,,,,,88.686,88.717,88.7015000000,0.2,0.37,1787567861298,1787567862662,89.1664,88.717,88.673,88.733,88.7030000000,5.0,0.43,1787567861298,1787567862917,89.007,88.733,,,,,
2026-08-24T10:37:45.846Z,live,snapshot,,,,,88.686,88.717,88.7015000000,0.2,0.37,1787567861298,1787567862662,89.1656,88.7062,88.673,88.733,88.7030000000,5.0,0.43,1787567861298,1787567862917,89.007,88.733,,,,,
2026-08-24T10:37:47.678Z,live,snapshot,,,,,88.686,88.717,88.7015000000,0.2,0.37,1787567861298,1787567862662,89.1656,88.7062,88.673,88.733,88.7030000000,5.0,0.43,1787567861298,1787567862917,89.007,88.733,,,,,
2026-08-24T10:37:48.688Z,live,snapshot,,,,,88.686,88.717,88.7015000000,0.2,0.37,1787567866641,1787567868178,89.1656,88.7061,88.677,88.733,88.7050000000,0.55,0.43,1787567866641,1787567868433,89.007,88.733,,,,,
2026-08-24T10:37:49.800Z,live,snapshot,,,,,88.686,88.717,88.7015000000,0.2,0.37,1787567866641,1787567868178,89.1656,88.7061,88.677,88.733,88.7050000000,0.55,0.43,1787567866641,1787567868433,89.006,88.733,,,,,
2026-08-24T10:37:51.048Z,live,snapshot,,,,,88.686,88.717,88.7015000000,0.2,0.37,1787567866641,1787567868178,89.1647,88.7052,88.677,88.733,88.7050000000,0.55,0.43,1787567866641,1787567868433,89.006,88.733,,,,,
2026-08-24T10:37:52.220Z,live,snapshot,,,,,88.686,88.717,88.7015000000,0.2,0.37,1787567866641,1787567868178,89.1647,88.7052,88.677,88.733,88.7050000000,0.55,0.43,1787567866641,1787567868433,89.006,88.733,,,,,
2026-08-24T10:37:53.709Z,live,snapshot,,,,,88.686,88.717,88.7015000000,0.2,0.37,1787567872099,1787567872484,89.1647,88.7052,88.677,88.733,88.7050000000,0.55,0.43,1787567866641,1787567868433,89.006,88.733,,,,,
2026-08-24T10:37:54.715Z,live,snapshot,,,,,88.686,88.717,88.7015000000,0.2,0.37,1787567872099,1787567872484,89.1647,88.7051,88.677,88.733,88.7050000000,0.55,0.43,1787567872099,1787567873958,89.006,88.733,,,,,
2026-08-24T10:37:55.748Z,live,snapshot,,,,,88.686,88.717,88.7015000000,0.2,0.37,1787567872099,1787567872484,89.1647,88.7051,88.677,88.733,88.7050000000,0.55,0.43,1787567872099,1787567873958,89.005,88.733,,,,,
2026-08-24T10:37:57.064Z,live,snapshot,,,,,88.686,88.717,88.7015000000,0.2,0.37,1787567872099,1787567872484,89.1639,88.7041,88.677,88.733,88.7050000000,0.55,0.43,1787567872099,1787567873958,89.005,88.733,,,,,
2026-08-24T10:37:58.174Z,live,snapshot,,,,,88.686,88.717,88.7015000000,0.2,0.37,1787567872099,1787567872484,89.1639,88.7041,88.677,88.733,88.7050000000,0.55,0.43,1787567872099,1787567873958,89.005,88.733,,,,,
2026-08-24T10:37:59.915Z,live,snapshot,,,,,88.696,88.721,88.7085000000,0.37,5.08,1787567877453,1787567878174,89.1639,88.7041,88.682,88.748,88.7150000000,0.55,0.55,1787567877453,1787567878690,89.005,88.733,,,,,
2026-08-24T10:38:01.208Z,live,snapshot,,,,,88.696,88.721,88.7085000000,0.37,5.08,1787567877453,1787567878174,89.1639,88.721,88.682,88.748,88.7150000000,0.55,0.55,1787567877453,1787567878690,89.005,88.733,,,,,
2026-08-24T10:38:02.218Z,live,snapshot,,,,,88.696,88.721,88.7085000000,0.37,5.08,1787567877453,1787567878174,89.1639,88.721,88.682,88.748,88.7150000000,0.55,0.55,1787567877453,1787567878690,89.004,88.751,,,,,
2026-08-24T10:38:03.603Z,live,snapshot,,,,,88.696,88.721,88.7085000000,0.37,5.08,1787567877453,1787567878174,89.1633,88.721,88.682,88.748,88.7150000000,0.55,0.55,1787567877453,1787567878690,89.004,88.751,,,,,
2026-08-24T10:38:05.926Z,live,snapshot,,,,,88.696,88.721,88.7085000000,0.37,1.25,1787567882816,1787567883603,89.1633,88.721,88.685,88.75,88.7175000000,0.55,0.55,1787567882816,1787567883862,89.004,88.75,,,,,
2026-08-24T10:38:07.417Z,live,snapshot,,,,,88.696,88.721,88.7085000000,0.37,1.25,1787567882816,1787567883603,89.1633,88.721,88.685,88.75,88.7175000000,0.55,0.55,1787567882816,1787567883862,89.004,88.75,,,,,
2026-08-24T10:38:08.684Z,live,snapshot,,,,,88.696,88.721,88.7085000000,0.37,1.25,1787567882816,1787567883603,89.1629,88.721,88.685,88.75,88.7175000000,0.55,0.55,1787567882816,1787567883862,89.004,88.751,,,,,
2026-08-24T10:38:09.761Z,live,snapshot,,,,,88.705,88.723,88.7140000000,0.37,1.25,1787567888221,1787567888684,89.1629,88.721,88.689,88.751,88.7200000000,0.55,140.83,1787567888221,1787567888940,89.004,88.751,,,,,
2026-08-24T10:38:12.410Z,live,snapshot,,,,,88.705,88.723,88.7140000000,0.37,1.25,1787567888221,1787567888684,89.1629,88.721,88.689,88.751,88.7200000000,0.55,140.83,1787567888221,1787567888940,89.003,88.751,,,,,
2026-08-24T10:38:13.495Z,live,snapshot,,,,,88.705,88.723,88.7140000000,0.37,1.25,1787567888221,1787567888684,89.1621,88.721,88.689,88.751,88.7200000000,0.55,140.83,1787567888221,1787567888940,89.003,88.751,,,,,
2026-08-24T10:38:14.569Z,live,snapshot,,,,,88.7,88.723,88.7115000000,0.19,1.25,1787567893588,1787567894049,89.1621,88.721,88.68,88.75,88.7150000000,0.55,0.55,1787567893588,1787567894303,89.003,88.691,,,,,
2026-08-24T10:38:15.646Z,live,snapshot,,,,,88.7,88.723,88.7115000000,0.19,1.25,1787567893588,1787567894049,89.1621,88.7029,88.68,88.75,88.7150000000,0.55,0.55,1787567893588,1787567894303,89.003,88.691,,,,,
2026-08-24T10:38:18.359Z,live,snapshot,,,,,88.7,88.723,88.7115000000,0.19,1.25,1787567893588,1787567894049,89.1621,88.7029,88.68,88.75,88.7150000000,0.55,0.55,1787567893588,1787567894303,89.002,88.691,,,,,
2026-08-24T10:38:19.392Z,live,snapshot,,,,,88.7,88.723,88.7115000000,0.19,1.25,1787567893588,1787567894049,89.1613,88.7024,88.68,88.75,88.7150000000,0.55,0.55,1787567893588,1787567894303,89.002,88.691,,,,,
2026-08-24T10:38:20.418Z,live,snapshot,,,,,88.7,88.723,88.7115000000,0.19,1.25,1787567899009,1787567899903,89.1613,88.7024,88.68,88.746,88.7130000000,0.55,0.4,1787567899009,1787567900161,89.002,88.691,,,,,
2026-08-24T10:38:21.487Z,live,snapshot,,,,,88.7,88.723,88.7115000000,0.19,1.25,1787567899009,1787567899903,89.1613,88.7025,88.68,88.746,88.7130000000,0.55,0.4,1787567899009,1787567900161,89.002,88.691,,,,,
2026-08-24T10:38:22.593Z,live,snapshot,,,,,88.7,88.723,88.7115000000,0.19,1.25,1787567899009,1787567899903,89.1613,88.7025,88.68,88.746,88.7130000000,0.55,0.4,1787567899009,1787567900161,89.001,88.691,,,,,
2026-08-24T10:38:24.755Z,live,snapshot,,,,,88.7,88.723,88.7115000000,0.19,1.25,1787567899009,1787567899903,89.1605,88.7019,88.68,88.746,88.7130000000,0.55,0.4,1787567899009,1787567900161,89.001,88.691,,,,,
2026-08-24T10:38:26.227Z,live,snapshot,,,,,88.7,88.722,88.7110000000,0.19,1.25,1787567904516,1787567905250,89.1605,88.7019,88.68,88.746,88.7130000000,0.55,0.4,1787567904516,1787567905511,89.001,88.691,,,,,
2026-08-24T10:38:27.492Z,live,snapshot,,,,,88.7,88.722,88.7110000000,0.19,1.25,1787567904516,1787567905250,89.1605,88.7021,88.68,88.746,88.7130000000,0.55,0.4,1787567904516,1787567905511,89.001,88.691,,,,,
2026-08-24T10:38:28.940Z,live,snapshot,,,,,88.7,88.722,88.7110000000,0.19,1.25,1787567904516,1787567905250,89.1605,88.7021,88.68,88.746,88.7130000000,0.55,0.4,1787567904516,1787567905511,89.001,88.691,,,,,
2026-08-24T10:38:31.247Z,live,snapshot,,,,,88.7,88.722,88.7110000000,0.19,1.25,1787567909574,1787567910008,89.1597,88.7014,88.68,88.746,88.7130000000,0.55,0.4,1787567904516,1787567905511,89.001,88.691,,,,,
2026-08-24T10:38:32.287Z,live,snapshot,,,,,88.7,88.722,88.7110000000,0.19,1.25,1787567909574,1787567910008,89.1597,88.7014,88.68,88.746,88.7130000000,0.55,0.55,1787567909574,1787567911490,89.001,88.691,,,,,
2026-08-24T10:38:33.414Z,live,snapshot,,,,,88.7,88.722,88.7110000000,0.19,1.25,1787567909574,1787567910008,89.1597,88.7014,88.68,88.746,88.7130000000,0.55,0.55,1787567909574,1787567911490,89.0,88.751,,,,,
2026-08-24T10:38:34.433Z,live,snapshot,,,,,88.7,88.722,88.7110000000,0.19,1.25,1787567909574,1787567910008,89.1597,88.7016,88.68,88.746,88.7130000000,0.55,0.55,1787567909574,1787567911490,89.0,88.751,,,,,
2026-08-24T10:38:35.544Z,live,snapshot,,,,,88.695,88.722,88.7085000000,0.37,1.25,1787567914899,1787567915280,89.1597,88.7016,88.68,88.746,88.7130000000,0.55,0.55,1787567909574,1787567911490,89.0,88.741,,,,,
2026-08-24T10:38:37.643Z,live,snapshot,,,,,88.695,88.722,88.7085000000,0.37,1.25,1787567914899,1787567915280,89.1589,88.7011,88.674,88.731,88.7025000000,3.58,0.55,1787567914899,1787567915544,89.0,88.741,,,,,
2026-08-24T10:38:38.965Z,live,snapshot,,,,,88.695,88.722,88.7085000000,0.37,1.25,1787567914899,1787567915280,89.1589,88.7011,88.674,88.731,88.7025000000,3.58,0.55,1787567914899,1787567915544,88.999,88.731,,,,,
2026-08-24T10:38:39.997Z,live,snapshot,,,,,88.695,88.722,88.7085000000,0.37,1.25,1787567914899,1787567915280,89.1582,88.7005,88.674,88.731,88.7025000000,3.58,0.55,1787567914899,1787567915544,88.999,88.731,,,,,
2026-08-24T10:38:41.458Z,live,snapshot,,,,,88.693,88.722,88.7075000000,0.26,1.25,1787567920384,1787567921188,89.1582,88.7006,88.674,88.731,88.7025000000,3.58,0.55,1787567914899,1787567915544,88.999,88.731,,,,,
2026-08-24T10:38:43.643Z,live,snapshot,,,,,88.693,88.722,88.7075000000,0.26,1.25,1787567920384,1787567921188,89.1582,88.7006,88.674,88.736,88.7050000000,3.05,0.55,1787567920384,1787567921458,88.999,88.691,,,,,
2026-08-24T10:38:44.689Z,live,snapshot,,,,,88.693,88.722,88.7075000000,0.26,1.25,1787567920384,1787567921188,89.1574,88.7,88.674,88.736,88.7050000000,3.05,0.55,1787567920384,1787567921458,88.999,88.691,,,,,
2026-08-24T10:38:45.838Z,live,snapshot,,,,,88.693,88.722,88.7075000000,0.26,1.25,1787567920384,1787567921188,89.1574,88.7,88.674,88.736,88.7050000000,3.05,0.55,1787567920384,1787567921458,88.998,88.691,,,,,
2026-08-24T10:38:46.916Z,live,snapshot,,,,,88.693,88.723,88.7080000000,0.26,0.13,1787567925917,1787567926399,89.1574,88.7,88.674,88.735,88.7045000000,3.05,0.55,1787567925917,1787567926671,88.998,88.691,,,,,
2026-08-24T10:38:48.043Z,live,snapshot,,,,,88.693,88.723,88.7080000000,0.26,0.13,1787567925917,1787567926399,89.1574,88.7002,88.674,88.735,88.7045000000,3.05,0.55,1787567925917,1787567926671,88.998,88.691,,,,,
2026-08-24T10:38:50.039Z,live,snapshot,,,,,88.693,88.723,88.7080000000,0.26,0.13,1787567925917,1787567926399,89.1574,88.7002,88.674,88.735,88.7045000000,3.05,0.55,1787567925917,1787567926671,88.998,88.691,,,,,
2026-08-24T10:38:51.075Z,live,snapshot,,,,,88.693,88.723,88.7080000000,0.26,0.13,1787567925917,1787567926399,89.1566,88.6995,88.674,88.735,88.7045000000,3.05,0.55,1787567925917,1787567926671,88.998,88.691,,,,,
2026-08-24T10:38:52.439Z,live,snapshot,,,,,88.692,88.723,88.7075000000,0.36,0.13,1787567931318,1787567931726,89.1566,88.6995,88.674,88.735,88.7045000000,3.05,0.55,1787567931318,1787567932017,88.998,88.691,,,,,
2026-08-24T10:38:53.457Z,live,snapshot,,,,,88.692,88.723,88.7075000000,0.36,0.13,1787567931318,1787567931726,89.1566,88.6996,88.674,88.735,88.7045000000,3.05,0.55,1787567931318,1787567932017,88.997,88.691,,,,,
2026-08-24T10:38:54.592Z,live,snapshot,,,,,88.692,88.723,88.7075000000,0.36,0.13,1787567931318,1787567931726,89.1566,88.6996,88.674,88.735,88.7045000000,3.05,0.55,1787567931318,1787567932017,88.997,88.691,,,,,
2026-08-24T10:38:56.005Z,live,snapshot,,,,,88.692,88.723,88.7075000000,0.36,0.13,1787567931318,1787567931726,89.1566,88.6996,88.674,88.735,88.7045000000,3.05,0.55,1787567931318,1787567932017,88.997,88.691,,,,,
2026-08-24T10:38:57.113Z,live,snapshot,,,,,88.692,88.723,88.7075000000,0.36,0.13,1787567931318,1787567931726,89.1558,88.699,88.674,88.735,88.7045000000,3.05,0.55,1787567931318,1787567932017,88.997,88.691,,,,,
2026-08-24T10:38:58.143Z,live,snapshot,,,,,88.711,88.723,88.7170000000,5.0,0.13,1787567936449,1787567937113,89.1558,88.699,88.674,88.735,88.7045000000,3.05,0.55,1787567936449,1787567937367,88.997,88.691,,,,,
2026-08-24T10:38:59.342Z,live,snapshot,,,,,88.711,88.723,88.7170000000,5.0,0.13,1787567936449,1787567937113,89.1558,88.699,88.674,88.735,88.7045000000,3.05,0.55,1787567936449,1787567937367,88.996,88.691,,,,,
2026-08-24T10:39:00.549Z,live,snapshot,,,,,88.711,88.723,88.7170000000,5.0,0.13,1787567936449,1787567937113,89.155,88.711,88.674,88.735,88.7045000000,3.05,0.55,1787567936449,1787567937367,88.996,88.691,,,,,
2026-08-24T10:39:02.760Z,live,snapshot,,,,,88.711,88.723,88.7170000000,5.0,0.13,1787567936449,1787567937113,89.155,88.711,88.674,88.735,88.7045000000,3.05,0.55,1787567936449,1787567937367,88.996,88.746,,,,,
2026-08-24T10:39:03.769Z,live,snapshot,,,,,88.711,88.723,88.7170000000,5.0,0.13,1787567936449,1787567937113,89.155,88.711,88.674,88.735,88.7045000000,3.05,0.55,1787567936449,1787567937367,88.996,88.746,,,,,
2026-08-24T10:39:04.785Z,live,snapshot,,,,,88.711,88.723,88.7170000000,5.0,0.13,1787567941869,1787567943769,89.155,88.711,88.675,88.736,88.7055000000,0.55,0.45,1787567941869,1787567944034,88.996,88.746,,,,,
2026-08-24T10:39:06.084Z,live,snapshot,,,,,88.711,88.723,88.7170000000,5.0,0.13,1787567941869,1787567943769,89.155,88.711,88.675,88.736,88.7055000000,0.55,0.45,1787567941869,1787567944034,88.996,88.746,,,,,
2026-08-24T10:39:08.860Z,live,snapshot,,,,,88.711,88.723,88.7170000000,5.0,0.13,1787567941869,1787567943769,89.1542,88.711,88.675,88.736,88.7055000000,0.55,0.45,1787567941869,1787567944034,88.995,88.746,,,,,
2026-08-24T10:39:09.872Z,live,snapshot,,,,,88.711,88.723,88.7170000000,5.24,0.13,1787567947252,1787567949361,89.1542,88.711,88.68,88.741,88.7105000000,0.55,0.55,1787567947252,1787567949617,88.995,88.746,,,,,
2026-08-24T10:39:10.905Z,live,snapshot,,,,,88.711,88.723,88.7170000000,5.24,0.13,1787567947252,1787567949361,89.1542,88.711,88.68,88.741,88.7105000000,0.55,0.55,1787567947252,1787567949617,88.995,88.746,,,,,
2026-08-24T10:39:11.943Z,live,snapshot,,,,,88.711,88.723,88.7170000000,5.24,0.13,1787567947252,1787567949361,89.1542,88.711,88.68,88.741,88.7105000000,0.55,0.55,1787567947252,1787567949617,88.995,88.741,,,,,
2026-08-24T10:39:12.966Z,live,snapshot,,,,,88.711,88.723,88.7170000000,5.24,0.13,1787567947252,1787567949361,89.1534,88.711,88.68,88.741,88.7105000000,0.55,0.55,1787567947252,1787567949617,88.995,88.741,,,,,
2026-08-24T10:39:14.867Z,live,snapshot,,,,,88.711,88.722,88.7165000000,4.69,0.39,1787567952744,1787567953168,89.1534,88.711,88.675,88.726,88.7005000000,1.45,0.55,1787567952744,1787567953772,88.995,88.741,,,,,
2026-08-24T10:39:16.374Z,live,snapshot,,,,,88.711,88.722,88.7165000000,4.69,0.39,1787567952744,1787567953168,89.1534,88.711,88.675,88.726,88.7005000000,1.45,0.55,1787567952744,1787567953772,88.994,88.69,,,,,
2026-08-24T10:39:17.744Z,live,snapshot,,,,,88.711,88.722,88.7165000000,4.69,0.39,1787567952744,1787567953168,89.1525,88.711,88.675,88.726,88.7005000000,1.45,0.55,1787567952744,1787567953772,88.994,88.69,,,,,
2026-08-24T10:39:18.885Z,live,snapshot,,,,,88.711,88.723,88.7170000000,4.17,0.13,1787567958024,1787567958548,89.1525,88.711,88.675,88.726,88.7005000000,1.45,0.55,1787567952744,1787567953772,88.994,88.69,,,,,
2026-08-24T10:39:20.893Z,live,snapshot,,,,,88.711,88.723,88.7170000000,4.17,0.13,1787567958024,1787567958548,89.1525,88.711,88.675,88.726,88.7005000000,1.45,0.55,1787567958024,1787567959138,88.994,88.69,,,,,
2026-08-24T10:39:21.912Z,live,snapshot,,,,,88.711,88.723,88.7170000000,4.17,0.13,1787567958024,1787567958548,89.1525,88.711,88.675,88.726,88.7005000000,1.45,0.55,1787567958024,1787567959138,88.994,88.69,,,,,
2026-08-24T10:39:22.954Z,live,snapshot,,,,,88.711,88.723,88.7170000000,4.17,0.13,1787567958024,1787567958548,89.1525,88.711,88.675,88.726,88.7005000000,1.45,0.55,1787567958024,1787567959138,88.993,88.69,,,,,
2026-08-24T10:39:24.434Z,live,snapshot,,,,,88.711,88.723,88.7170000000,4.17,0.13,1787567958024,1787567958548,89.1517,88.711,88.675,88.726,88.7005000000,1.45,0.55,1787567958024,1787567959138,88.993,88.69,,,,,
2026-08-24T10:39:25.595Z,live,snapshot,,,,,88.711,88.726,88.7185000000,3.99,1.18,1787567963385,1787567964434,89.1517,88.711,88.675,88.736,88.7055000000,1.45,0.55,1787567963385,1787567964690,88.993,88.69,,,,,
2026-08-24T10:39:26.898Z,live,snapshot,,,,,88.711,88.726,88.7185000000,3.99,1.18,1787567963385,1787567964434,89.1517,88.711,88.675,88.736,88.7055000000,1.45,0.55,1787567963385,1787567964690,88.993,88.69,,,,,
2026-08-24T10:39:28.127Z,live,snapshot,,,,,88.711,88.726,88.7185000000,3.99,1.18,1787567963385,1787567964434,89.1509,88.711,88.675,88.736,88.7055000000,1.45,0.55,1787567963385,1787567964690,88.993,88.69,,,,,
2026-08-24T10:39:29.203Z,live,snapshot,,,,,88.711,88.726,88.7185000000,3.99,1.18,1787567963385,1787567964434,89.1509,88.711,88.675,88.736,88.7055000000,1.45,0.55,1787567963385,1787567964690,88.992,88.69,,,,,
2026-08-24T10:39:30.265Z,live,snapshot,,,,,88.711,88.728,88.7195000000,3.98,1.18,1787567968728,1787567969429,89.1509,88.711,88.675,88.731,88.7030000000,1.45,0.48,1787567968728,1787567969698,88.992,88.69,,,,,
2026-08-24T10:39:31.409Z,live,snapshot,,,,,88.711,88.728,88.7195000000,3.98,1.18,1787567968728,1787567969429,89.1509,88.711,88.675,88.731,88.7030000000,1.45,0.48,1787567968728,1787567969698,88.992,88.75,,,,,
2026-08-24T10:39:33.036Z,live,snapshot,,,,,88.711,88.728,88.7195000000,3.98,1.18,1787567968728,1787567969429,89.1509,88.711,88.675,88.731,88.7030000000,1.45,0.48,1787567968728,1787567969698,88.992,88.75,,,,,
2026-08-24T10:39:34.054Z,live,snapshot,,,,,88.711,88.728,88.7195000000,3.98,1.18,1787567968728,1787567969429,89.1502,88.711,88.675,88.731,88.7030000000,1.45,0.48,1787567968728,1787567969698,88.992,88.75,,,,,
2026-08-24T10:39:35.095Z,live,snapshot,,,,,88.711,88.728,88.7195000000,3.98,1.18,1787567974172,1787567974580,89.1502,88.711,88.675,88.731,88.7030000000,1.45,0.47,1787567974172,1787567974836,88.992,88.736,,,,,
2026-08-24T10:39:36.274Z,live,snapshot,,,,,88.711,88.728,88.7195000000,3.98,1.18,1787567974172,1787567974580,89.1502,88.711,88.675,88.731,88.7030000000,1.45,0.47,1787567974172,1787567974836,88.992,88.736,,,,,
2026-08-24T10:39:37.311Z,live,snapshot,,,,,88.711,88.728,88.7195000000,3.98,1.18,1787567974172,1787567974580,89.1502,88.711,88.675,88.731,88.7030000000,1.45,0.47,1787567974172,1787567974836,88.991,88.731,,,,,
2026-08-24T10:39:39.146Z,live,snapshot,,,,,88.711,88.728,88.7195000000,3.98,1.18,1787567974172,1787567974580,89.1502,88.711,88.675,88.731,88.7030000000,1.45,0.47,1787567974172,1787567974836,88.991,88.731,,,,,
2026-08-24T10:39:40.513Z,live,snapshot,,,,,88.711,88.728,88.7195000000,3.98,1.18,1787567979540,1787567980181,89.1493,88.711,88.675,88.731,88.7030000000,1.45,0.47,1787567974172,1787567974836,88.991,88.731,,,,,
2026-08-24T10:39:41.560Z,live,snapshot,,,,,88.711,88.728,88.7195000000,3.98,1.18,1787567979540,1787567980181,89.1493,88.711,88.675,88.731,88.7030000000,1.45,0.47,1787567979540,1787567980513,88.991,88.731,,,,,
2026-08-24T10:39:42.967Z,live,snapshot,,,,,88.711,88.728,88.7195000000,3.98,1.18,1787567979540,1787567980181,89.1493,88.711,88.675,88.731,88.7030000000,1.45,0.47,1787567979540,1787567980513,88.991,88.731,,,,,
2026-08-24T10:39:45.354Z,live,snapshot,,,,,88.711,88.728,88.7195000000,3.98,1.18,1787567979540,1787567980181,89.1493,88.711,88.675,88.731,88.7030000000,1.45,0.47,1787567979540,1787567980513,88.99,88.689,,,,,
2026-08-24T10:39:46.382Z,live,snapshot,,,,,88.711,88.728,88.7195000000,3.98,1.18,1787567979540,1787567980181,89.1485,88.711,88.675,88.731,88.7030000000,1.45,0.47,1787567979540,1787567980513,88.99,88.689,,,,,
2026-08-24T10:39:47.474Z,live,snapshot,,,,,88.71,88.717,88.7135000000,4.08,0.42,1787567984905,1787567986382,89.1485,88.711,88.626,88.709,88.6675000000,4.04,0.55,1787567984905,1787567986636,88.99,88.689,,,,,
2026-08-24T10:39:48.635Z,live,snapshot,,,,,88.71,88.717,88.7135000000,4.08,0.42,1787567984905,1787567986382,89.1485,88.71,88.626,88.709,88.6675000000,4.04,0.55,1787567984905,1787567986636,88.99,88.689,,,,,
2026-08-24T10:39:49.805Z,live,snapshot,,,,,88.71,88.717,88.7135000000,4.08,0.42,1787567984905,1787567986382,89.1485,88.71,88.626,88.709,88.6675000000,4.04,0.55,1787567984905,1787567986636,88.99,88.689,,,,,
2026-08-24T10:39:51.448Z,live,snapshot,,,,,88.71,88.717,88.7135000000,4.08,0.42,1787567984905,1787567986382,89.1485,88.71,88.626,88.709,88.6675000000,4.04,0.55,1787567984905,1787567986636,88.99,88.689,,,,,
2026-08-24T10:39:52.475Z,live,snapshot,,,,,88.71,88.729,88.7195000000,3.79,3.43,1787567990194,1787567991930,89.1477,88.71,88.673,88.719,88.6960000000,5.0,0.55,1787567990194,1787567992196,88.99,88.689,,,,,
2026-08-24T10:39:53.705Z,live,snapshot,,,,,88.71,88.729,88.7195000000,3.79,3.43,1787567990194,1787567991930,89.1477,88.71,88.673,88.719,88.6960000000,5.0,0.55,1787567990194,1787567992196,88.989,88.689,,,,,
2026-08-24T10:39:54.887Z,live,snapshot,,,,,88.71,88.729,88.7195000000,3.79,3.43,1787567990194,1787567991930,89.147,88.713,88.673,88.719,88.6960000000,5.0,0.55,1787567990194,1787567992196,88.989,88.689,,,,,
2026-08-24T10:39:56.027Z,live,snapshot,,,,,88.71,88.729,88.7195000000,3.79,3.43,1787567990194,1787567991930,89.147,88.71,88.673,88.719,88.6960000000,5.0,0.55,1787567990194,1787567992196,88.989,88.689,,,,,
2026-08-24T10:39:57.386Z,live,snapshot,,,,,88.71,88.726,88.7180000000,3.79,0.45,1787567995584,1787567996272,89.147,88.71,88.673,88.719,88.6960000000,5.0,0.55,1787567990194,1787567992196,88.989,88.689,,,,,
2026-08-24T10:39:58.891Z,live,snapshot,,,,,88.71,88.726,88.7180000000,3.79,0.45,1787567995584,1787567996272,89.147,88.71,88.624,88.684,88.6540000000,4.04,0.54,1787567995584,1787567997386,88.988,88.688,,,,,
2026-08-24T10:39:59.929Z,live,snapshot,,,,,88.71,88.726,88.7180000000,3.79,0.45,1787567995584,1787567996272,89.1461,88.71,88.624,88.684,88.6540000000,4.04,0.54,1787567995584,1787567997386,88.988,88.688,,,,,
2026-08-24T10:40:01.399Z,live,snapshot,,,,,88.71,88.726,88.7180000000,3.79,0.45,1787567995584,1787567996272,89.1461,88.71,88.624,88.684,88.6540000000,4.04,0.54,1787567995584,1787567997386,88.988,88.717,,,,,
2026-08-24T10:40:03.429Z,live,snapshot,,,,,88.71,88.726,88.7180000000,1.73,1.18,1787568001010,1787568001438,89.1461,88.71,88.634,88.69,88.6620000000,0.54,0.54,1787568001010,1787568001699,88.988,88.717,,,,,
2026-08-24T10:40:04.495Z,live,snapshot,,,,,88.71,88.726,88.7180000000,1.73,1.18,1787568001010,1787568001438,89.1461,88.71,88.634,88.69,88.6620000000,0.54,0.54,1787568001010,1787568001699,88.987,88.69,,,,,
2026-08-24T10:40:05.866Z,live,snapshot,,,,,88.71,88.726,88.7180000000,1.73,1.18,1787568001010,1787568001438,89.1453,88.71,88.634,88.69,88.6620000000,0.54,0.54,1787568001010,1787568001699,88.987,88.69,,,,,
2026-08-24T10:40:07.069Z,live,snapshot,,,,,88.71,88.726,88.7180000000,1.73,1.18,1787568001010,1787568001438,89.1453,88.71,88.634,88.69,88.6620000000,0.54,0.54,1787568001010,1787568001699,88.987,88.685,,,,,
2026-08-24T10:40:08.281Z,live,snapshot,,,,,88.71,88.726,88.7180000000,1.73,1.18,1787568006453,1787568007069,89.1453,88.71,88.629,88.685,88.6570000000,0.5,0.54,1787568006453,1787568007310,88.987,88.685,,,,,
2026-08-24T10:40:09.899Z,live,snapshot,,,,,88.71,88.726,88.7180000000,1.73,1.18,1787568006453,1787568007069,89.1453,88.71,88.629,88.685,88.6570000000,0.5,0.54,1787568006453,1787568007310,88.987,88.685,,,,,
2026-08-24T10:40:11.188Z,live,snapshot,,,,,88.71,88.726,88.7180000000,1.73,1.18,1787568006453,1787568007069,89.1453,88.71,88.629,88.685,88.6570000000,0.5,0.54,1787568006453,1787568007310,88.986,88.685,,,,,
2026-08-24T10:40:12.215Z,live,snapshot,,,,,88.71,88.726,88.7180000000,1.73,1.18,1787568006453,1787568007069,89.1445,88.71,88.629,88.685,88.6570000000,0.5,0.54,1787568006453,1787568007310,88.986,88.685,,,,,
2026-08-24T10:40:13.277Z,live,snapshot,,,,,88.71,88.726,88.7180000000,1.18,1.18,1787568011906,1787568012351,89.1445,88.71,88.629,88.685,88.6570000000,0.55,0.54,1787568011906,1787568012607,88.986,88.683,,,,,
2026-08-24T10:40:14.367Z,live,snapshot,,,,,88.71,88.726,88.7180000000,1.18,1.18,1787568011906,1787568012351,89.1445,88.71,88.629,88.685,88.6570000000,0.55,0.54,1787568011906,1787568012607,88.986,88.683,,,,,
2026-08-24T10:40:15.905Z,live,snapshot,,,,,88.71,88.726,88.7180000000,1.18,1.18,1787568011906,1787568012351,89.1445,88.71,88.629,88.685,88.6570000000,0.55,0.54,1787568011906,1787568012607,88.986,88.683,,,,,
2026-08-24T10:40:17.151Z,live,snapshot,,,,,88.71,88.726,88.7180000000,1.18,1.18,1787568011906,1787568012351,89.1445,88.71,88.629,88.685,88.6570000000,0.55,0.54,1787568011906,1787568012607,88.986,88.682,,,,,
2026-08-24T10:40:18.265Z,live,snapshot,,,,,88.71,88.726,88.7180000000,3.21,1.18,1787568017375,1787568018011,89.1437,88.71,88.629,88.685,88.6570000000,0.55,0.54,1787568011906,1787568012607,88.986,88.682,,,,,
2026-08-24T10:40:19.271Z,live,snapshot,,,,,88.71,88.726,88.7180000000,3.21,1.18,1787568017375,1787568018011,89.1437,88.71,88.639,88.692,88.6655000000,0.55,4.64,1787568017375,1787568018507,88.986,88.682,,,,,
2026-08-24T10:40:20.406Z,live,snapshot,,,,,88.71,88.726,88.7180000000,3.21,1.18,1787568017375,1787568018011,89.1437,88.71,88.639,88.692,88.6655000000,0.55,4.64,1787568017375,1787568018507,88.985,88.681,,,,,
2026-08-24T10:40:22.110Z,live,snapshot,,,,,88.71,88.726,88.7180000000,3.21,1.18,1787568017375,1787568018011,89.1437,88.71,88.639,88.692,88.6655000000,0.55,4.64,1787568017375,1787568018507,88.985,88.681,,,,,
2026-08-24T10:40:23.154Z,live,snapshot,,,,,88.71,88.726,88.7180000000,3.21,1.18,1787568017375,1787568018011,89.1437,88.71,88.639,88.692,88.6655000000,0.55,4.64,1787568017375,1787568018507,88.985,88.68,,,,,
2026-08-24T10:40:24.187Z,live,snapshot,,,,,88.605,88.656,88.6305000000,0.52,0.45,1787568022668,1787568023154,89.1429,88.6971,88.536,88.6,88.5680000000,0.44,0.33,1787568022668,1787568023409,88.985,88.68,,,,,
2026-08-24T10:40:25.426Z,live,snapshot,,,,,88.605,88.656,88.6305000000,0.52,0.45,1787568022668,1787568023154,89.1429,88.6971,88.536,88.6,88.5680000000,0.44,0.33,1787568022668,1787568023409,88.984,88.677,,,,,
2026-08-24T10:40:26.562Z,live,snapshot,,,,,88.605,88.656,88.6305000000,0.52,0.45,1787568022668,1787568023154,89.1418,88.6951,88.536,88.6,88.5680000000,0.44,0.33,1787568022668,1787568023409,88.984,88.677,,,,,
2026-08-24T10:40:28.293Z,live,snapshot,,,,,88.605,88.656,88.6305000000,0.52,0.45,1787568022668,1787568023154,89.1418,88.6951,88.536,88.6,88.5680000000,0.44,0.33,1787568022668,1787568023409,88.984,88.677,,,,,
2026-08-24T10:40:29.385Z,live,snapshot,,,,,88.605,88.656,88.6305000000,0.52,0.45,1787568022668,1787568023154,89.1418,88.6951,88.536,88.6,88.5680000000,0.44,0.33,1787568022668,1787568023409,88.983,88.674,,,,,
2026-08-24T10:40:30.487Z,live,snapshot,,,,,88.598,88.648,88.6230000000,0.55,11.17,1787568028093,1787568029385,89.1418,88.6938,88.535,88.591,88.5630000000,2.86,141.09,1787568028093,1787568029642,88.983,88.674,,,,,
2026-08-24T10:40:31.493Z,live,snapshot,,,,,88.598,88.648,88.6230000000,0.55,11.17,1787568028093,1787568029385,89.1418,88.6938,88.535,88.591,88.5630000000,2.86,141.09,1787568028093,1787568029642,88.983,88.671,,,,,
2026-08-24T10:40:32.650Z,live,snapshot,,,,,88.598,88.648,88.6230000000,0.55,11.17,1787568028093,1787568029385,89.1407,88.6913,88.535,88.591,88.5630000000,2.86,141.09,1787568028093,1787568029642,88.983,88.671,,,,,
2026-08-24T10:40:34.470Z,live,snapshot,,,,,88.598,88.648,88.6230000000,0.55,11.17,1787568028093,1787568029385,89.1407,88.6913,88.535,88.591,88.5630000000,2.86,141.09,1787568028093,1787568029642,88.983,88.671,,,,,
2026-08-24T10:40:35.511Z,live,snapshot,,,,,88.607,88.648,88.6275000000,0.58,12.35,1787568033546,1787568034967,89.1407,88.6913,88.536,88.591,88.5635000000,0.4,141.09,1787568033546,1787568035234,88.983,88.671,,,,,
2026-08-24T10:40:36.764Z,live,snapshot,,,,,88.607,88.648,88.6275000000,0.58,12.35,1787568033546,1787568034967,89.1407,88.69,88.536,88.591,88.5635000000,0.4,141.09,1787568033546,1787568035234,88.982,88.669,,,,,
2026-08-24T10:40:37.811Z,live,snapshot,,,,,88.607,88.648,88.6275000000,0.58,12.35,1787568033546,1787568034967,89.1407,88.69,88.536,88.591,88.5635000000,0.4,141.09,1787568033546,1787568035234,88.981,88.666,,,,,
2026-08-24T10:40:38.857Z,live,snapshot,,,,,88.607,88.648,88.6275000000,0.58,12.35,1787568033546,1787568034967,89.1397,88.6877,88.536,88.591,88.5635000000,0.4,141.09,1787568033546,1787568035234,88.981,88.666,,,,,
2026-08-24T10:40:40.499Z,live,snapshot,,,,,88.617,88.648,88.6325000000,0.59,14.6,1787568038908,1787568039319,89.1397,88.6877,88.536,88.591,88.5635000000,0.4,141.09,1787568033546,1787568035234,88.981,88.666,,,,,
2026-08-24T10:40:41.735Z,live,snapshot,,,,,88.617,88.648,88.6325000000,0.59,14.6,1787568038908,1787568039319,89.1397,88.6877,88.542,88.591,88.5665000000,0.44,141.09,1787568038908,1787568040743,88.981,88.663,,,,,
2026-08-24T10:40:42.868Z,live,snapshot,,,,,88.617,88.648,88.6325000000,0.59,14.6,1787568038908,1787568039319,89.1397,88.6865,88.542,88.591,88.5665000000,0.44,141.09,1787568038908,1787568040743,88.98,88.661,,,,,
2026-08-24T10:40:44.025Z,live,snapshot,,,,,88.617,88.648,88.6325000000,0.59,14.6,1787568038908,1787568039319,89.1386,88.6843,88.542,88.591,88.5665000000,0.44,141.09,1787568038908,1787568040743,88.98,88.661,,,,,
2026-08-24T10:40:45.051Z,live,snapshot,,,,,88.617,88.648,88.6325000000,0.59,14.6,1787568038908,1787568039319,89.1386,88.6843,88.542,88.591,88.5665000000,0.44,141.09,1787568038908,1787568040743,88.98,88.661,,,,,
2026-08-24T10:40:46.743Z,live,snapshot,,,,,88.617,88.648,88.6325000000,0.62,14.6,1787568044339,1787568045051,89.1386,88.6843,88.535,88.591,88.5630000000,2.86,141.09,1787568044339,1787568045567,88.98,88.661,,,,,
2026-08-24T10:40:47.792Z,live,snapshot,,,,,88.617,88.648,88.6325000000,0.62,14.6,1787568044339,1787568045051,89.1375,88.6821,88.535,88.591,88.5630000000,2.86,141.09,1787568044339,1787568045567,88.979,88.658,,,,,
2026-08-24T10:40:48.884Z,live,snapshot,,,,,88.617,88.648,88.6325000000,0.62,14.6,1787568044339,1787568045051,89.1375,88.6821,88.535,88.591,88.5630000000,2.86,141.09,1787568044339,1787568045567,88.979,88.658,,,,,
2026-08-24T10:40:50.188Z,live,snapshot,,,,,88.617,88.648,88.6325000000,0.62,14.6,1787568044339,1787568045051,89.1375,88.6811,88.535,88.591,88.5630000000,2.86,141.09,1787568044339,1787568045567,88.979,88.656,,,,,
2026-08-24T10:40:51.304Z,live,snapshot,,,,,88.617,88.647,88.6320000000,0.15,11.17,1787568049704,1787568050188,89.1375,88.6811,88.535,88.591,88.5630000000,2.86,141.09,1787568049704,1787568050770,88.979,88.656,,,,,
2026-08-24T10:40:52.870Z,live,snapshot,,,,,88.617,88.647,88.6320000000,0.15,11.17,1787568049704,1787568050188,89.1375,88.6811,88.535,88.591,88.5630000000,2.86,141.09,1787568049704,1787568050770,88.978,88.653,,,,,
2026-08-24T10:40:54.006Z,live,snapshot,,,,,88.617,88.647,88.6320000000,0.15,11.17,1787568049704,1787568050188,89.1375,88.6811,88.535,88.591,88.5630000000,2.86,141.09,1787568049704,1787568050770,88.978,88.653,,,,,
2026-08-24T10:40:55.034Z,live,snapshot,,,,,88.617,88.647,88.6320000000,0.15,11.17,1787568049704,1787568050188,89.1365,88.6791,88.535,88.591,88.5630000000,2.86,141.09,1787568049704,1787568050770,88.978,88.653,,,,,
2026-08-24T10:40:56.068Z,live,snapshot,,,,,88.607,88.648,88.6275000000,0.37,3.58,1787568055221,1787568055815,89.1365,88.6791,88.535,88.591,88.5630000000,2.86,141.09,1787568049704,1787568050770,88.978,88.651,,,,,
2026-08-24T10:40:57.088Z,live,snapshot,,,,,88.607,88.648,88.6275000000,0.37,3.58,1787568055221,1787568055815,89.1365,88.6781,88.535,88.591,88.5630000000,2.86,141.09,1787568055221,1787568056068,88.978,88.651,,,,,
2026-08-24T10:40:59.085Z,live,snapshot,,,,,88.607,88.648,88.6275000000,0.37,3.58,1787568055221,1787568055815,89.1365,88.6781,88.535,88.591,88.5630000000,2.86,141.09,1787568055221,1787568056068,88.977,88.648,,,,,
2026-08-24T10:41:00.090Z,live,snapshot,,,,,88.607,88.648,88.6275000000,0.37,3.58,1787568055221,1787568055815,89.1355,88.6761,88.535,88.591,88.5630000000,2.86,141.09,1787568055221,1787568056068,88.977,88.648,,,,,
2026-08-24T10:41:01.295Z,live,snapshot,,,,,88.597,88.633,88.6150000000,0.94,0.66,1787568060622,1787568061042,89.1355,88.6761,88.535,88.591,88.5630000000,2.86,141.09,1787568055221,1787568056068,88.977,88.648,,,,,
2026-08-24T10:41:02.394Z,live,snapshot,,,,,88.597,88.633,88.6150000000,0.94,0.66,1787568060622,1787568061042,89.1355,88.6761,88.535,88.581,88.5580000000,2.86,0.42,1787568060622,1787568061296,88.976,88.646,,,,,
2026-08-24T10:41:03.707Z,live,snapshot,,,,,88.597,88.633,88.6150000000,0.94,0.66,1787568060622,1787568061042,89.1355,88.6751,88.535,88.581,88.5580000000,2.86,0.42,1787568060622,1787568061296,88.976,88.646,,,,,
2026-08-24T10:41:05.363Z,live,snapshot,,,,,88.597,88.633,88.6150000000,0.94,0.66,1787568060622,1787568061042,89.1355,88.6751,88.535,88.581,88.5580000000,2.86,0.42,1787568060622,1787568061296,88.976,88.644,,,,,
2026-08-24T10:41:06.568Z,live,snapshot,,,,,88.597,88.633,88.6150000000,0.94,0.66,1787568060622,1787568061042,89.1343,88.6731,88.535,88.581,88.5580000000,2.86,0.42,1787568060622,1787568061296,88.976,88.644,,,,,
2026-08-24T10:41:07.799Z,live,snapshot,,,,,88.597,88.599,88.5980000000,0.6,1.18,1787568065999,1787568067069,89.1343,88.6731,88.535,88.536,88.5355000000,2.86,10.77,1787568065999,1787568067322,88.975,88.642,,,,,
2026-08-24T10:41:09.022Z,live,snapshot,,,,,88.597,88.599,88.5980000000,0.6,1.18,1787568065999,1787568067069,89.1343,88.6719,88.535,88.536,88.5355000000,2.86,10.77,1787568065999,1787568067322,88.975,88.642,,,,,
2026-08-24T10:41:11.498Z,live,snapshot,,,,,88.597,88.599,88.5980000000,0.6,1.18,1787568065999,1787568067069,89.1343,88.6719,88.535,88.536,88.5355000000,2.86,10.77,1787568065999,1787568067322,88.974,88.638,,,,,
2026-08-24T10:41:12.598Z,live,snapshot,,,,,88.597,88.599,88.5980000000,0.6,1.18,1787568065999,1787568067069,89.1332,88.6689,88.535,88.536,88.5355000000,2.86,10.77,1787568065999,1787568067322,88.974,88.638,,,,,
2026-08-24T10:41:13.635Z,live,snapshot,,,,,88.496,88.557,88.5265000000,0.68,0.66,1787568071538,1787568072598,89.1332,88.6689,88.409,88.466,88.4375000000,5.44,0.44,1787568071538,1787568072850,88.974,88.638,,,,,
2026-08-24T10:41:14.644Z,live,snapshot,,,,,88.496,88.557,88.5265000000,0.68,0.66,1787568071538,1787568072598,89.1332,88.6689,88.409,88.466,88.4375000000,5.44,0.44,1787568071538,1787568072850,88.973,88.633,,,,,
2026-08-24T10:41:15.815Z,live,snapshot,,,,,88.496,88.557,88.5265000000,0.68,0.66,1787568071538,1787568072598,89.1319,88.6647,88.409,88.466,88.4375000000,5.44,0.44,1787568071538,1787568072850,88.973,88.633,,,,,
2026-08-24T10:41:17.498Z,live,snapshot,,,,,88.496,88.557,88.5265000000,0.68,0.66,1787568071538,1787568072598,89.1319,88.6647,88.409,88.466,88.4375000000,5.44,0.44,1787568071538,1787568072850,88.973,88.628,,,,,
2026-08-24T10:41:18.652Z,live,snapshot,,,,,88.511,88.557,88.5340000000,0.33,1.64,1787568076919,1787568077977,89.1319,88.6647,88.411,88.472,88.4415000000,0.44,0.44,1787568076919,1787568078231,88.973,88.628,,,,,
2026-08-24T10:41:19.665Z,live,snapshot,,,,,88.511,88.557,88.5340000000,0.33,1.64,1787568076919,1787568077977,89.1319,88.662,88.411,88.472,88.4415000000,0.44,0.44,1787568076919,1787568078231,88.973,88.628,,,,,
2026-08-24T10:41:20.757Z,live,snapshot,,,,,88.511,88.557,88.5340000000,0.33,1.64,1787568076919,1787568077977,89.1307,88.6583,88.411,88.472,88.4415000000,0.44,0.44,1787568076919,1787568078231,88.972,88.624,,,,,
2026-08-24T10:41:21.914Z,live,snapshot,,,,,88.511,88.557,88.5340000000,0.33,1.64,1787568076919,1787568077977,89.1307,88.6583,88.411,88.472,88.4415000000,0.44,0.44,1787568076919,1787568078231,88.971,88.619,,,,,
2026-08-24T10:41:23.654Z,live,snapshot,,,,,88.511,88.557,88.5340000000,0.33,1.64,1787568076919,1787568077977,89.1307,88.6583,88.411,88.472,88.4415000000,0.44,0.44,1787568076919,1787568078231,88.971,88.619,,,,,
2026-08-24T10:41:24.775Z,live,snapshot,,,,,88.521,88.557,88.5390000000,0.65,1.64,1787568082382,1787568084156,89.1307,88.6558,88.42,88.473,88.4465000000,0.44,0.44,1787568082382,1787568084520,88.971,88.619,,,,,
2026-08-24T10:41:25.781Z,live,snapshot,,,,,88.521,88.557,88.5390000000,0.65,1.64,1787568082382,1787568084156,89.1307,88.6558,88.42,88.473,88.4465000000,0.44,0.44,1787568082382,1787568084520,88.97,88.615,,,,,
2026-08-24T10:41:27.030Z,live,snapshot,,,,,88.521,88.557,88.5390000000,0.65,1.64,1787568082382,1787568084156,89.1293,88.6519,88.42,88.473,88.4465000000,0.44,0.44,1787568082382,1787568084520,88.97,88.615,,,,,
2026-08-24T10:41:29.466Z,live,snapshot,,,,,88.496,88.547,88.5215000000,0.65,0.65,1787568087757,1787568088351,89.1293,88.6519,88.42,88.473,88.4465000000,0.44,0.44,1787568082382,1787568084520,88.969,88.61,,,,,
2026-08-24T10:41:30.659Z,live,snapshot,,,,,88.496,88.547,88.5215000000,0.65,0.65,1787568087757,1787568088351,89.1293,88.6493,88.39,88.439,88.4145000000,0.39,3.88,1787568087757,1787568089752,88.969,88.61,,,,,
2026-08-24T10:41:31.679Z,live,snapshot,,,,,88.496,88.547,88.5215000000,0.65,0.65,1787568087757,1787568088351,89.1293,88.6493,88.39,88.439,88.4145000000,0.39,3.88,1787568087757,1787568089752,88.968,88.605,,,,,
2026-08-24T10:41:32.799Z,live,snapshot,,,,,88.496,88.547,88.5215000000,0.65,0.65,1787568087757,1787568088351,89.128,88.6455,88.39,88.439,88.4145000000,0.39,3.88,1787568087757,1787568089752,88.968,88.605,,,,,
2026-08-24T10:41:33.926Z,live,snapshot,,,,,88.51,88.546,88.5280000000,0.64,0.64,1787568093092,1787568093679,89.128,88.6455,88.39,88.439,88.4145000000,0.39,3.88,1787568087757,1787568089752,88.968,88.605,,,,,
2026-08-24T10:41:35.678Z,live,snapshot,,,,,88.51,88.546,88.5280000000,0.64,0.64,1787568093092,1787568093679,89.128,88.6455,88.39,88.438,88.4140000000,0.43,8.26,1787568093092,1787568093926,88.967,88.601,,,,,
2026-08-24T10:41:37.041Z,live,snapshot,,,,,88.51,88.546,88.5280000000,0.64,0.64,1787568093092,1787568093679,89.128,88.6433,88.39,88.438,88.4140000000,0.43,8.26,1787568093092,1787568093926,88.967,88.601,,,,,
2026-08-24T10:41:38.105Z,live,snapshot,,,,,88.51,88.546,88.5280000000,0.64,0.64,1787568093092,1787568093679,89.128,88.6433,88.39,88.438,88.4140000000,0.43,8.26,1787568093092,1787568093926,88.967,88.596,,,,,
2026-08-24T10:41:39.457Z,live,snapshot,,,,,88.51,88.546,88.5280000000,0.64,0.64,1787568093092,1787568093679,89.1267,88.6394,88.39,88.438,88.4140000000,0.43,8.26,1787568093092,1787568093926,88.967,88.596,,,,,
2026-08-24T10:41:40.465Z,live,snapshot,,,,,88.492,88.521,88.5065000000,0.48,0.65,1787568098468,1787568099457,89.1267,88.6394,88.384,88.445,88.4145000000,1.67,0.44,1787568098468,1787568099712,88.966,88.592,,,,,
2026-08-24T10:41:41.956Z,live,snapshot,,,,,88.492,88.521,88.5065000000,0.48,0.65,1787568098468,1787568099457,89.1267,88.6394,88.384,88.445,88.4145000000,1.67,0.44,1787568098468,1787568099712,88.966,88.592,,,,,
2026-08-24T10:41:42.961Z,live,snapshot,,,,,88.492,88.521,88.5065000000,0.48,0.65,1787568098468,1787568099457,89.1255,88.6357,88.384,88.445,88.4145000000,1.67,0.44,1787568098468,1787568099712,88.966,88.592,,,,,
2026-08-24T10:41:44.072Z,live,snapshot,,,,,88.492,88.521,88.5065000000,0.48,0.65,1787568098468,1787568099457,89.1255,88.6357,88.384,88.445,88.4145000000,1.67,0.44,1787568098468,1787568099712,88.965,88.587,,,,,
2026-08-24T10:41:45.158Z,live,snapshot,,,,,88.5,88.521,88.5105000000,0.66,2.25,1787568103855,1787568104606,89.1255,88.633,88.388,88.452,88.4200000000,0.44,141.31,1787568103855,1787568104895,88.965,88.587,,,,,
2026-08-24T10:41:46.346Z,live,snapshot,,,,,88.5,88.521,88.5105000000,0.66,2.25,1787568103855,1787568104606,89.1255,88.633,88.388,88.452,88.4200000000,0.44,141.31,1787568103855,1787568104895,88.964,88.583,,,,,
2026-08-24T10:41:48.213Z,live,snapshot,,,,,88.5,88.521,88.5105000000,0.66,2.25,1787568103855,1787568104606,89.1255,88.633,88.388,88.452,88.4200000000,0.44,141.31,1787568103855,1787568104895,88.964,88.583,,,,,
2026-08-24T10:41:49.335Z,live,snapshot,,,,,88.5,88.521,88.5105000000,0.66,2.25,1787568103855,1787568104606,89.1243,88.6292,88.388,88.452,88.4200000000,0.44,141.31,1787568103855,1787568104895,88.964,88.583,,,,,
2026-08-24T10:41:50.373Z,live,snapshot,,,,,88.5,88.521,88.5105000000,0.66,4.44,1787568109142,1787568109883,89.1243,88.6292,88.385,88.44,88.4125000000,0.44,0.44,1787568109142,1787568110120,88.963,88.579,,,,,
2026-08-24T10:41:51.637Z,live,snapshot,,,,,88.5,88.521,88.5105000000,0.66,4.44,1787568109142,1787568109883,89.1243,88.6268,88.385,88.44,88.4125000000,0.44,0.44,1787568109142,1787568110120,88.963,88.579,,,,,
2026-08-24T10:41:54.302Z,live,snapshot,,,,,88.5,88.521,88.5105000000,0.66,4.44,1787568109142,1787568109883,89.1243,88.6268,88.385,88.44,88.4125000000,0.44,0.44,1787568109142,1787568110120,88.962,88.575,,,,,
2026-08-24T10:41:55.332Z,live,snapshot,,,,,88.5,88.521,88.5105000000,0.66,4.44,1787568109142,1787568109883,89.1231,88.6241,88.385,88.44,88.4125000000,0.44,0.44,1787568109142,1787568110120,88.962,88.575,,,,,
2026-08-24T10:41:56.382Z,live,snapshot,,,,,88.497,88.516,88.5065000000,6.42,0.67,1787568114572,1787568115332,89.1231,88.6241,88.379,88.43,88.4045000000,49.53,0.43,1787568114572,1787568115631,88.961,88.571,,,,,
2026-08-24T10:41:57.508Z,live,snapshot,,,,,88.497,88.516,88.5065000000,6.42,0.67,1787568114572,1787568115332,89.1231,88.6218,88.379,88.43,88.4045000000,49.53,0.43,1787568114572,1787568115631,88.961,88.571,,,,,
2026-08-24T10:41:58.835Z,live,snapshot,,,,,88.497,88.516,88.5065000000,6.42,0.67,1787568114572,1787568115332,89.1231,88.6218,88.379,88.43,88.4045000000,49.53,0.43,1787568114572,1787568115631,88.961,88.566,,,,,
2026-08-24T10:42:00.409Z,live,snapshot,,,,,88.497,88.516,88.5065000000,6.42,0.67,1787568114572,1787568115332,89.1231,88.6218,88.379,88.43,88.4045000000,49.53,0.43,1787568114572,1787568115631,88.961,88.566,,,,,
2026-08-24T10:42:01.448Z,live,snapshot,,,,,88.497,88.516,88.5065000000,6.42,0.67,1787568114572,1787568115332,89.1218,88.618,88.379,88.43,88.4045000000,49.53,0.43,1787568114572,1787568115631,88.961,88.566,,,,,
2026-08-24T10:42:02.477Z,live,snapshot,,,,,88.497,88.517,88.5070000000,5.15,0.76,1787568119972,1787568121448,89.1218,88.618,88.382,88.431,88.4065000000,0.43,10.92,1787568119972,1787568121710,88.96,88.562,,,,,
2026-08-24T10:42:03.546Z,live,snapshot,,,,,88.497,88.517,88.5070000000,5.15,0.76,1787568119972,1787568121448,89.1218,88.6157,88.382,88.431,88.4065000000,0.43,10.92,1787568119972,1787568121710,88.96,88.562,,,,,
2026-08-24T10:42:04.713Z,live,snapshot,,,,,88.497,88.517,88.5070000000,5.15,0.76,1787568119972,1787568121448,89.1218,88.6157,88.382,88.431,88.4065000000,0.43,10.92,1787568119972,1787568121710,88.959,88.558,,,,,
2026-08-24T10:42:06.386Z,live,snapshot,,,,,88.497,88.517,88.5070000000,5.15,0.76,1787568119972,1787568121448,89.1218,88.6157,88.382,88.431,88.4065000000,0.43,10.92,1787568119972,1787568121710,88.959,88.558,,,,,
2026-08-24T10:42:07.401Z,live,snapshot,,,,,88.488,88.504,88.4960000000,0.87,0.76,1787568125325,1787568126885,89.1205,88.6123,88.379,88.421,88.4000000000,46.6,133.2,1787568125325,1787568127151,88.959,88.558,,,,,
2026-08-24T10:42:08.472Z,live,snapshot,,,,,88.488,88.504,88.4960000000,0.87,0.76,1787568125325,1787568126885,89.1205,88.6123,88.379,88.421,88.4000000000,46.6,133.2,1787568125325,1787568127151,88.958,88.554,,,,,
2026-08-24T10:42:09.684Z,live,snapshot,,,,,88.488,88.504,88.4960000000,0.87,0.76,1787568125325,1787568126885,89.1191,88.6087,88.379,88.421,88.4000000000,46.6,133.2,1787568125325,1787568127151,88.958,88.554,,,,,
2026-08-24T10:42:10.889Z,live,snapshot,,,,,88.488,88.504,88.4960000000,0.87,0.76,1787568125325,1787568126885,89.1191,88.6063,88.379,88.421,88.4000000000,46.6,133.2,1787568125325,1787568127151,88.957,88.55,,,,,
2026-08-24T10:42:12.704Z,live,snapshot,,,,,88.472,88.508,88.4900000000,0.77,0.26,1787568130572,1787568130998,89.1191,88.6063,88.379,88.42,88.3995000000,45.59,22.24,1787568130572,1787568131498,88.957,88.55,,,,,
2026-08-24T10:42:14.033Z,live,snapshot,,,,,88.472,88.508,88.4900000000,0.77,0.26,1787568130572,1787568130998,89.1191,88.6063,88.379,88.42,88.3995000000,45.59,22.24,1787568130572,1787568131498,88.956,88.546,,,,,
2026-08-24T10:42:15.093Z,live,snapshot,,,,,88.472,88.508,88.4900000000,0.77,0.26,1787568130572,1787568130998,89.1177,88.6023,88.379,88.42,88.3995000000,45.59,22.24,1787568130572,1787568131498,88.956,88.546,,,,,
2026-08-24T10:42:16.452Z,live,snapshot,,,,,88.472,88.508,88.4900000000,0.77,0.26,1787568130572,1787568130998,89.1177,88.6023,88.379,88.42,88.3995000000,45.59,22.24,1787568130572,1787568131498,88.955,88.543,,,,,
2026-08-24T10:42:17.456Z,live,snapshot,,,,,88.472,88.508,88.4900000000,0.77,0.26,1787568135926,1787568136452,89.1177,88.6,88.379,88.42,88.3995000000,45.59,22.8,1787568135926,1787568136690,88.955,88.543,,,,,
2026-08-24T10:42:18.848Z,live,snapshot,,,,,88.472,88.508,88.4900000000,0.77,0.26,1787568135926,1787568136452,89.1177,88.6,88.379,88.42,88.3995000000,45.59,22.8,1787568135926,1787568136690,88.955,88.543,,,,,
2026-08-24T10:42:19.856Z,live,snapshot,,,,,88.472,88.508,88.4900000000,0.77,0.26,1787568135926,1787568136452,89.1177,88.6,88.379,88.42,88.3995000000,45.59,22.8,1787568135926,1787568136690,88.954,88.539,,,,,
2026-08-24T10:42:20.971Z,live,snapshot,,,,,88.472,88.508,88.4900000000,0.77,0.26,1787568135926,1787568136452,89.1161,88.5961,88.379,88.42,88.3995000000,45.59,22.8,1787568135926,1787568136690,88.954,88.539,,,,,
2026-08-24T10:42:22.069Z,live,snapshot,,,,,88.492,88.508,88.5000000000,0.75,2.45,1787568141360,1787568141782,89.1161,88.5961,88.379,88.42,88.3995000000,45.59,22.8,1787568135926,1787568136690,88.954,88.539,,,,,
2026-08-24T10:42:23.128Z,live,snapshot,,,,,88.492,88.508,88.5000000000,0.75,2.45,1787568141360,1787568141782,89.1161,88.5961,88.379,88.42,88.3995000000,45.32,11.86,1787568141360,1787568142070,88.953,88.535,,,,,
2026-08-24T10:42:25.184Z,live,snapshot,,,,,88.492,88.508,88.5000000000,0.75,2.45,1787568141360,1787568141782,89.1161,88.5941,88.379,88.42,88.3995000000,45.32,11.86,1787568141360,1787568142070,88.953,88.535,,,,,
2026-08-24T10:42:26.189Z,live,snapshot,,,,,88.492,88.508,88.5000000000,0.75,2.45,1787568141360,1787568141782,89.1161,88.5941,88.379,88.42,88.3995000000,45.32,11.86,1787568141360,1787568142070,88.953,88.532,,,,,
2026-08-24T10:42:27.292Z,live,snapshot,,,,,88.492,88.508,88.5000000000,0.75,2.45,1787568141360,1787568141782,89.1146,88.5913,88.379,88.42,88.3995000000,45.32,11.86,1787568141360,1787568142070,88.953,88.532,,,,,
2026-08-24T10:42:28.538Z,live,snapshot,,,,,88.492,88.51,88.5010000000,0.82,8.12,1787568146700,1787568147774,89.1146,88.5913,88.387,88.42,88.4035000000,0.43,11.21,1787568146700,1787568148027,88.952,88.528,,,,,
2026-08-24T10:42:29.559Z,live,snapshot,,,,,88.492,88.51,88.5010000000,0.82,8.12,1787568146700,1787568147774,89.1146,88.5886,88.387,88.42,88.4035000000,0.43,11.21,1787568146700,1787568148027,88.952,88.528,,,,,
2026-08-24T10:42:31.202Z,live,snapshot,,,,,88.492,88.51,88.5010000000,0.82,8.12,1787568146700,1787568147774,89.1146,88.5886,88.387,88.42,88.4035000000,0.43,11.21,1787568146700,1787568148027,88.952,88.528,,,,,
2026-08-24T10:42:32.284Z,live,snapshot,,,,,88.492,88.51,88.5010000000,0.82,8.12,1787568146700,1787568147774,89.1146,88.5886,88.387,88.42,88.4035000000,0.43,11.21,1787568146700,1787568148027,88.951,88.525,,,,,
2026-08-24T10:42:33.308Z,live,snapshot,,,,,88.484,88.51,88.4970000000,1.81,5.91,1787568152200,1787568152780,89.1133,88.5856,88.396,88.42,88.4080000000,4.06,7.87,1787568152200,1787568153072,88.951,88.525,,,,,
2026-08-24T10:42:34.557Z,live,snapshot,,,,,88.484,88.51,88.4970000000,1.81,5.91,1787568152200,1787568152780,89.1133,88.5856,88.396,88.42,88.4080000000,4.06,7.87,1787568152200,1787568153072,88.95,88.522,,,,,
2026-08-24T10:42:37.268Z,live,snapshot,,,,,88.484,88.51,88.4970000000,1.81,5.91,1787568152200,1787568152780,89.1119,88.5829,88.396,88.42,88.4080000000,4.06,7.87,1787568152200,1787568153072,88.95,88.522,,,,,
2026-08-24T10:42:38.359Z,live,snapshot,,,,,88.484,88.51,88.4970000000,1.81,5.91,1787568152200,1787568152780,89.1119,88.5829,88.396,88.42,88.4080000000,4.06,7.87,1787568152200,1787568153072,88.949,88.519,,,,,
2026-08-24T10:42:39.504Z,live,snapshot,,,,,88.484,88.505,88.4945000000,0.67,0.86,1787568157566,1787568158359,89.1119,88.5829,88.396,88.42,88.4080000000,4.06,6.73,1787568157566,1787568158603,88.949,88.519,,,,,
2026-08-24T10:42:40.571Z,live,snapshot,,,,,88.484,88.505,88.4945000000,0.67,0.86,1787568157566,1787568158359,89.1119,88.5812,88.396,88.42,88.4080000000,4.06,6.73,1787568157566,1787568158603,88.949,88.519,,,,,
2026-08-24T10:42:41.738Z,live,snapshot,,,,,88.484,88.505,88.4945000000,0.67,0.86,1787568157566,1787568158359,89.1105,88.578,88.396,88.42,88.4080000000,4.06,6.73,1787568157566,1787568158603,88.948,88.516,,,,,
2026-08-24T10:42:43.563Z,live,snapshot,,,,,88.484,88.505,88.4945000000,0.67,0.86,1787568157566,1787568158359,89.1105,88.578,88.396,88.42,88.4080000000,4.06,6.73,1787568157566,1787568158603,88.948,88.516,,,,,
2026-08-24T10:42:44.793Z,live,snapshot,,,,,88.484,88.505,88.4945000000,0.67,0.86,1787568157566,1787568158359,89.1105,88.578,88.396,88.42,88.4080000000,4.06,6.73,1787568157566,1787568158603,88.947,88.512,,,,,
2026-08-24T10:42:45.834Z,live,snapshot,,,,,88.347,88.383,88.3650000000,0.72,0.87,1787568162958,1787568164794,89.1105,88.5759,88.379,88.388,88.3835000000,36.64,11.31,1787568162958,1787568165046,88.947,88.512,,,,,
2026-08-24T10:42:46.861Z,live,snapshot,,,,,88.347,88.383,88.3650000000,0.72,0.87,1787568162958,1787568164794,89.1105,88.5759,88.379,88.388,88.3835000000,36.64,11.31,1787568162958,1787568165046,88.946,88.509,,,,,
2026-08-24T10:42:49.444Z,live,snapshot,,,,,88.347,88.383,88.3650000000,0.72,0.87,1787568162958,1787568164794,89.1088,88.5706,88.379,88.388,88.3835000000,36.64,11.31,1787568162958,1787568165046,88.946,88.509,,,,,
2026-08-24T10:42:50.654Z,live,snapshot,,,,,88.381,88.418,88.3995000000,0.9,4.73,1787568168302,1787568169927,89.1088,88.5706,88.379,88.388,88.3835000000,25.04,9.36,1787568168302,1787568170402,88.946,88.509,,,,,
2026-08-24T10:42:51.657Z,live,snapshot,,,,,88.381,88.418,88.3995000000,0.9,4.73,1787568168302,1787568169927,89.1088,88.5663,88.379,88.388,88.3835000000,25.04,9.36,1787568168302,1787568170402,88.945,88.505,,,,,
2026-08-24T10:42:52.693Z,live,snapshot,,,,,88.381,88.418,88.3995000000,0.9,4.73,1787568168302,1787568169927,89.1088,88.5663,88.379,88.388,88.3835000000,25.04,9.36,1787568168302,1787568170402,88.944,88.502,,,,,
2026-08-24T10:42:53.825Z,live,snapshot,,,,,88.381,88.418,88.3995000000,0.9,4.73,1787568168302,1787568169927,89.1073,88.5609,88.379,88.388,88.3835000000,25.04,9.36,1787568168302,1787568170402,88.944,88.502,,,,,
2026-08-24T10:42:55.713Z,live,snapshot,,,,,88.397,88.403,88.4000000000,1.56,0.15,1787568173722,1787568174485,89.1073,88.5609,88.379,88.388,88.3835000000,25.04,9.36,1787568168302,1787568170402,88.944,88.502,,,,,
2026-08-24T10:42:56.997Z,live,snapshot,,,,,88.397,88.403,88.4000000000,1.56,0.15,1787568173722,1787568174485,89.1073,88.5609,88.438,88.444,88.4410000000,339.33,0.42,1787568173722,1787568175713,88.944,88.499,,,,,
2026-08-24T10:42:58.001Z,live,snapshot,,,,,88.397,88.403,88.4000000000,1.56,0.15,1787568173722,1787568174485,89.1073,88.5569,88.438,88.444,88.4410000000,339.33,0.42,1787568173722,1787568175713,88.943,88.497,,,,,
2026-08-24T10:42:59.367Z,live,snapshot,,,,,88.397,88.403,88.4000000000,1.56,0.15,1787568173722,1787568174485,89.1058,88.553,88.438,88.444,88.4410000000,339.33,0.42,1787568173722,1787568175713,88.943,88.497,,,,,
2026-08-24T10:43:00.413Z,live,snapshot,,,,,88.382,88.408,88.3950000000,0.87,0.89,1787568179152,1787568179590,89.1058,88.553,88.379,88.454,88.4165000000,22.51,0.54,1787568179152,1787568179847,88.943,88.497,,,,,
2026-08-24T10:43:01.837Z,live,snapshot,,,,,88.382,88.408,88.3950000000,0.87,0.89,1787568179152,1787568179590,89.1058,88.553,88.379,88.454,88.4165000000,22.51,0.54,1787568179152,1787568179847,88.942,88.494,,,,,
2026-08-24T10:43:03.053Z,live,snapshot,,,,,88.382,88.408,88.3950000000,0.87,0.89,1787568179152,1787568179590,89.1042,88.5483,88.379,88.454,88.4165000000,22.51,0.54,1787568179152,1787568179847,88.942,88.494,,,,,
2026-08-24T10:43:04.523Z,live,snapshot,,,,,88.382,88.408,88.3950000000,0.87,0.89,1787568179152,1787568179590,89.1042,88.5483,88.379,88.454,88.4165000000,22.51,0.54,1787568179152,1787568179847,88.941,88.491,,,,,
2026-08-24T10:43:05.587Z,live,snapshot,,,,,88.292,88.323,88.3075000000,0.89,0.89,1787568184527,1787568185292,89.1042,88.5447,88.379,88.454,88.4165000000,22.51,0.54,1787568179152,1787568179847,88.941,88.491,,,,,
2026-08-24T10:43:07.944Z,live,snapshot,,,,,88.292,88.323,88.3075000000,0.89,0.89,1787568184527,1787568185292,89.1042,88.5447,88.326,88.386,88.3560000000,0.55,0.49,1787568184527,1787568185587,88.94,88.488,,,,,
2026-08-24T10:43:09.322Z,live,snapshot,,,,,88.292,88.323,88.3075000000,0.89,0.89,1787568184527,1787568185292,89.1025,88.5383,88.326,88.386,88.3560000000,0.55,0.49,1787568184527,1787568185587,88.94,88.488,,,,,
2026-08-24T10:43:10.387Z,live,snapshot,,,,,88.292,88.323,88.3075000000,0.89,0.89,1787568184527,1787568185292,89.1025,88.5383,88.326,88.386,88.3560000000,0.55,0.49,1787568184527,1787568185587,88.939,88.484,,,,,
2026-08-24T10:43:11.616Z,live,snapshot,,,,,88.242,88.308,88.2750000000,0.9,0.89,1787568189836,1787568190631,89.1025,88.5334,88.257,88.321,88.2890000000,0.54,0.54,1787568189836,1787568190888,88.939,88.484,,,,,
2026-08-24T10:43:13.993Z,live,snapshot,,,,,88.242,88.308,88.2750000000,0.9,0.89,1787568189836,1787568190631,89.1025,88.5334,88.257,88.321,88.2890000000,0.54,0.54,1787568189836,1787568190888,88.938,88.479,,,,,
2026-08-24T10:43:15.186Z,live,snapshot,,,,,88.242,88.308,88.2750000000,0.9,0.89,1787568189836,1787568190631,89.1006,88.5261,88.257,88.321,88.2890000000,0.54,0.54,1787568189836,1787568190888,88.938,88.479,,,,,
2026-08-24T10:43:16.265Z,live,snapshot,,,,,88.376,88.414,88.3950000000,0.9,0.17,1787568195258,1787568195746,89.1006,88.5261,88.351,88.411,88.3810000000,0.54,0.54,1787568195258,1787568195981,88.938,88.479,,,,,
2026-08-24T10:43:17.270Z,live,snapshot,,,,,88.376,88.414,88.3950000000,0.9,0.17,1787568195258,1787568195746,89.1006,88.5261,88.351,88.411,88.3810000000,0.54,0.54,1787568195258,1787568195981,88.937,88.475,,,,,
2026-08-24T10:43:18.408Z,live,snapshot,,,,,88.376,88.414,88.3950000000,0.9,0.17,1787568195258,1787568195746,89.1006,88.5217,88.351,88.411,88.3810000000,0.54,0.54,1787568195258,1787568195981,88.937,88.475,,,,,
2026-08-24T10:43:20.202Z,live,snapshot,,,,,88.376,88.414,88.3950000000,0.9,0.17,1787568195258,1787568195746,89.1006,88.5217,88.351,88.411,88.3810000000,0.54,0.54,1787568195258,1787568195981,88.936,88.472,,,,,
2026-08-24T10:43:21.214Z,live,snapshot,,,,,88.376,88.414,88.3950000000,0.9,0.17,1787568195258,1787568195746,89.0991,88.5175,88.351,88.411,88.3810000000,0.54,0.54,1787568195258,1787568195981,88.936,88.472,,,,,
2026-08-24T10:43:22.278Z,live,snapshot,,,,,88.388,88.419,88.4035000000,0.84,0.17,1787568200683,1787568201214,89.0991,88.5175,88.339,88.395,88.3670000000,0.53,0.52,1787568200683,1787568201493,88.936,88.472,,,,,
2026-08-24T10:43:23.290Z,live,snapshot,,,,,88.388,88.419,88.4035000000,0.84,0.17,1787568200683,1787568201214,89.0991,88.5175,88.339,88.395,88.3670000000,0.53,0.52,1787568200683,1787568201493,88.936,88.469,,,,,
2026-08-24T10:43:24.505Z,live,snapshot,,,,,88.388,88.419,88.4035000000,0.84,0.17,1787568200683,1787568201214,89.0991,88.5155,88.339,88.395,88.3670000000,0.53,0.52,1787568200683,1787568201493,88.936,88.469,,,,,
2026-08-24T10:43:26.171Z,live,snapshot,,,,,88.388,88.419,88.4035000000,0.84,0.17,1787568200683,1787568201214,89.0991,88.5155,88.339,88.395,88.3670000000,0.53,0.52,1787568200683,1787568201493,88.935,88.466,,,,,
2026-08-24T10:43:27.470Z,live,snapshot,,,,,88.378,88.422,88.4000000000,0.9,0.9,1787568206068,1787568207160,89.0975,88.5117,88.339,88.395,88.3670000000,0.53,0.52,1787568200683,1787568201493,88.935,88.466,,,,,
2026-08-24T10:43:28.585Z,live,snapshot,,,,,88.378,88.422,88.4000000000,0.9,0.9,1787568206068,1787568207160,89.0975,88.5117,88.338,88.399,88.3685000000,0.52,0.53,1787568206068,1787568207470,88.934,88.463,,,,,
2026-08-24T10:43:29.868Z,live,snapshot,,,,,88.378,88.422,88.4000000000,0.9,0.9,1787568206068,1787568207160,89.0975,88.5117,88.338,88.399,88.3685000000,0.52,0.53,1787568206068,1787568207470,88.934,88.463,,,,,
2026-08-24T10:43:32.211Z,live,snapshot,,,,,88.378,88.422,88.4000000000,0.9,0.9,1787568206068,1787568207160,89.096,88.508,88.338,88.399,88.3685000000,0.52,0.53,1787568206068,1787568207470,88.933,88.46,,,,,
2026-08-24T10:43:33.266Z,live,snapshot,,,,,88.367,88.398,88.3825000000,0.9,0.9,1787568211383,1787568212751,89.096,88.508,88.316,88.377,88.3465000000,0.51,0.5,1787568211383,1787568213008,88.933,88.46,,,,,
2026-08-24T10:43:34.304Z,live,snapshot,,,,,88.367,88.398,88.3825000000,0.9,0.9,1787568211383,1787568212751,89.096,88.5056,88.316,88.377,88.3465000000,0.51,0.5,1787568211383,1787568213008,88.933,88.46,,,,,
2026-08-24T10:43:35.438Z,live,snapshot,,,,,88.367,88.398,88.3825000000,0.9,0.9,1787568211383,1787568212751,89.096,88.5056,88.316,88.377,88.3465000000,0.51,0.5,1787568211383,1787568213008,88.932,88.457,,,,,
2026-08-24T10:43:36.651Z,live,snapshot,,,,,88.367,88.398,88.3825000000,0.9,0.9,1787568211383,1787568212751,89.0945,88.5021,88.316,88.377,88.3465000000,0.51,0.5,1787568211383,1787568213008,88.932,88.457,,,,,
2026-08-24T10:43:38.343Z,live,snapshot,,,,,88.359,88.375,88.3670000000,1.83,0.9,1787568216776,1787568217192,89.0945,88.5021,88.316,88.377,88.3465000000,0.51,0.5,1787568211383,1787568213008,88.932,88.457,,,,,
2026-08-24T10:43:39.350Z,live,snapshot,,,,,88.359,88.375,88.3670000000,1.83,0.9,1787568216776,1787568217192,89.0945,88.5021,88.247,88.352,88.2995000000,4.08,0.51,1787568216776,1787568218587,88.931,88.454,,,,,
2026-08-24T10:43:40.375Z,live,snapshot,,,,,88.359,88.375,88.3670000000,1.83,0.9,1787568216776,1787568217192,89.0945,88.4997,88.247,88.352,88.2995000000,4.08,0.51,1787568216776,1787568218587,88.931,88.454,,,,,
2026-08-24T10:43:41.552Z,live,snapshot,,,,,88.359,88.375,88.3670000000,1.83,0.9,1787568216776,1787568217192,89.0945,88.4997,88.247,88.352,88.2995000000,4.08,0.51,1787568216776,1787568218587,88.93,88.45,,,,,
2026-08-24T10:43:42.784Z,live,snapshot,,,,,88.359,88.375,88.3670000000,1.83,0.9,1787568216776,1787568217192,89.0928,88.4955,88.247,88.352,88.2995000000,4.08,0.51,1787568216776,1787568218587,88.93,88.45,,,,,
2026-08-24T10:43:44.350Z,live,snapshot,,,,,88.288,88.329,88.3085000000,0.88,0.89,1787568222191,1787568222784,89.0928,88.4955,88.229,88.291,88.2600000000,0.5,2.04,1787568222191,1787568223290,88.93,88.45,,,,,
2026-08-24T10:43:45.431Z,live,snapshot,,,,,88.288,88.329,88.3085000000,0.88,0.89,1787568222191,1787568222784,89.0928,88.4916,88.229,88.291,88.2600000000,0.5,2.04,1787568222191,1787568223290,88.929,88.445,,,,,
2026-08-24T10:43:46.729Z,live,snapshot,,,,,88.288,88.329,88.3085000000,0.88,0.89,1787568222191,1787568222784,89.0928,88.4916,88.229,88.291,88.2600000000,0.5,2.04,1787568222191,1787568223290,88.928,88.44,,,,,
2026-08-24T10:43:47.731Z,live,snapshot,,,,,88.288,88.329,88.3085000000,0.88,0.89,1787568222191,1787568222784,89.0911,88.4859,88.229,88.291,88.2600000000,0.5,2.04,1787568222191,1787568223290,88.928,88.44,,,,,
2026-08-24T10:43:48.739Z,live,snapshot,,,,,88.322,88.36,88.3410000000,0.86,0.81,1787568227505,1787568228232,89.0911,88.4859,88.25,88.309,88.2795000000,0.41,0.43,1787568227505,1787568228485,88.928,88.44,,,,,
2026-08-24T10:43:50.924Z,live,snapshot,,,,,88.322,88.36,88.3410000000,0.86,0.81,1787568227505,1787568228232,89.0911,88.4859,88.25,88.309,88.2795000000,0.41,0.43,1787568227505,1787568228485,88.927,88.436,,,,,
2026-08-24T10:43:52.011Z,live,snapshot,,,,,88.322,88.36,88.3410000000,0.86,0.81,1787568227505,1787568228232,89.0895,88.4812,88.25,88.309,88.2795000000,0.41,0.43,1787568227505,1787568228485,88.927,88.436,,,,,
2026-08-24T10:43:53.068Z,live,snapshot,,,,,88.322,88.36,88.3410000000,0.86,0.81,1787568227505,1787568228232,89.0895,88.4784,88.25,88.309,88.2795000000,0.41,0.43,1787568227505,1787568228485,88.926,88.432,,,,,
2026-08-24T10:43:54.195Z,live,snapshot,,,,,88.335,88.361,88.3480000000,0.72,2.21,1787568232822,1787568233218,89.0895,88.4784,88.261,88.32,88.2905000000,0.49,0.47,1787568232822,1787568233722,88.926,88.432,,,,,
2026-08-24T10:43:55.902Z,live,snapshot,,,,,88.335,88.361,88.3480000000,0.72,2.21,1787568232822,1787568233218,89.0895,88.4784,88.261,88.32,88.2905000000,0.49,0.47,1787568232822,1787568233722,88.925,88.428,,,,,
2026-08-24T10:43:57.255Z,live,snapshot,,,,,88.335,88.361,88.3480000000,0.72,2.21,1787568232822,1787568233218,89.0879,88.4742,88.261,88.32,88.2905000000,0.49,0.47,1787568232822,1787568233722,88.925,88.428,,,,,
2026-08-24T10:43:58.278Z,live,snapshot,,,,,88.335,88.361,88.3480000000,0.72,2.21,1787568232822,1787568233218,89.0879,88.4742,88.261,88.32,88.2905000000,0.49,0.47,1787568232822,1787568233722,88.924,88.424,,,,,
2026-08-24T10:43:59.443Z,live,snapshot,,,,,88.32,88.36,88.3400000000,0.87,0.87,1787568238225,1787568238630,89.0879,88.4742,88.26,88.306,88.2830000000,0.22,0.47,1787568238225,1787568238881,88.924,88.424,,,,,
2026-08-24T10:44:01.112Z,live,snapshot,,,,,88.32,88.36,88.3400000000,0.87,0.87,1787568238225,1787568238630,89.0879,88.4713,88.26,88.306,88.2830000000,0.22,0.47,1787568238225,1787568238881,88.923,88.42,,,,,
2026-08-24T10:44:03.328Z,live,snapshot,,,,,88.32,88.36,88.3400000000,0.87,0.87,1787568238225,1787568238630,89.0863,88.467,88.26,88.306,88.2830000000,0.22,0.47,1787568238225,1787568238881,88.923,88.42,,,,,
2026-08-24T10:44:04.594Z,live,snapshot,,,,,88.31,88.341,88.3255000000,1.77,0.87,1787568243571,1787568244074,89.0863,88.467,88.222,88.286,88.2540000000,0.48,0.48,1787568243571,1787568244311,88.923,88.42,,,,,
2026-08-24T10:44:05.613Z,live,snapshot,,,,,88.31,88.341,88.3255000000,1.77,0.87,1787568243571,1787568244074,89.0863,88.4641,88.222,88.286,88.2540000000,0.48,0.48,1787568243571,1787568244311,88.922,88.416,,,,,
2026-08-24T10:44:06.681Z,live,snapshot,,,,,88.31,88.341,88.3255000000,1.77,0.87,1787568243571,1787568244074,89.0863,88.4641,88.222,88.286,88.2540000000,0.48,0.48,1787568243571,1787568244311,88.922,88.416,,,,,
2026-08-24T10:44:08.333Z,live,snapshot,,,,,88.31,88.341,88.3255000000,1.77,0.87,1787568243571,1787568244074,89.0863,88.4641,88.222,88.286,88.2540000000,0.48,0.48,1787568243571,1787568244311,88.921,88.412,,,,,
2026-08-24T10:44:09.537Z,live,snapshot,,,,,88.31,88.341,88.3255000000,1.77,0.87,1787568243571,1787568244074,89.0846,88.4597,88.222,88.286,88.2540000000,0.48,0.48,1787568243571,1787568244311,88.921,88.412,,,,,
2026-08-24T10:44:10.689Z,live,snapshot,,,,,88.311,88.341,88.3260000000,0.86,2.26,1787568248963,1787568250433,89.0846,88.4597,88.222,88.286,88.2540000000,0.48,0.48,1787568243571,1787568244311,88.921,88.412,,,,,
2026-08-24T10:44:11.750Z,live,snapshot,,,,,88.311,88.341,88.3260000000,0.86,2.26,1787568248963,1787568250433,89.0846,88.4597,88.226,88.291,88.2585000000,0.49,0.49,1787568248963,1787568250689,88.92,88.408,,,,,
2026-08-24T10:44:12.754Z,live,snapshot,,,,,88.311,88.341,88.3260000000,0.86,2.26,1787568248963,1787568250433,89.0846,88.4578,88.226,88.291,88.2585000000,0.49,0.49,1787568248963,1787568250689,88.92,88.408,,,,,
2026-08-24T10:44:14.468Z,live,snapshot,,,,,88.311,88.341,88.3260000000,0.86,2.26,1787568248963,1787568250433,89.0846,88.4578,88.226,88.291,88.2585000000,0.49,0.49,1787568248963,1787568250689,88.919,88.404,,,,,
2026-08-24T10:44:16.184Z,live,snapshot,,,,,88.311,88.341,88.3260000000,0.86,2.26,1787568248963,1787568250433,89.0829,88.4534,88.226,88.291,88.2585000000,0.49,0.49,1787568248963,1787568250689,88.919,88.404,,,,,
2026-08-24T10:44:17.562Z,live,snapshot,,,,,88.305,88.341,88.3230000000,0.86,2.26,1787568254337,1787568256184,89.0829,88.4534,88.222,88.282,88.2520000000,0.48,0.49,1787568254337,1787568256506,88.919,88.404,,,,,
2026-08-24T10:44:18.573Z,live,snapshot,,,,,88.305,88.341,88.3230000000,0.86,2.26,1787568254337,1787568256184,89.0812,88.4491,88.222,88.282,88.2520000000,0.48,0.49,1787568254337,1787568256506,88.918,88.4,,,,,
2026-08-24T10:44:19.751Z,live,snapshot,,,,,88.305,88.341,88.3230000000,0.86,2.26,1787568254337,1787568256184,89.0812,88.4491,88.222,88.282,88.2520000000,0.48,0.49,1787568254337,1787568256506,88.917,88.396,,,,,
2026-08-24T10:44:20.788Z,live,snapshot,,,,,88.315,88.341,88.3280000000,0.71,2.26,1787568259709,1787568260234,89.0812,88.4464,88.239,88.303,88.2710000000,0.48,0.48,1787568259709,1787568260496,88.917,88.396,,,,,
2026-08-24T10:44:22.192Z,live,snapshot,,,,,88.315,88.341,88.3280000000,0.71,2.26,1787568259709,1787568260234,89.0812,88.4464,88.239,88.303,88.2710000000,0.48,0.48,1787568259709,1787568260496,88.917,88.396,,,,,
2026-08-24T10:44:23.425Z,live,snapshot,,,,,88.315,88.341,88.3280000000,0.71,2.26,1787568259709,1787568260234,89.0796,88.4422,88.239,88.303,88.2710000000,0.48,0.48,1787568259709,1787568260496,88.916,88.392,,,,,
2026-08-24T10:44:24.822Z,live,snapshot,,,,,88.315,88.341,88.3280000000,0.71,2.26,1787568259709,1787568260234,89.0796,88.4422,88.239,88.303,88.2710000000,0.48,0.48,1787568259709,1787568260496,88.915,88.388,,,,,
2026-08-24T10:44:25.862Z,live,snapshot,,,,,88.31,88.341,88.3255000000,0.85,2.26,1787568265146,1787568265606,89.0796,88.4422,88.239,88.303,88.2710000000,0.48,0.48,1787568259709,1787568260496,88.915,88.388,,,,,
2026-08-24T10:44:26.895Z,live,snapshot,,,,,88.31,88.341,88.3255000000,0.85,2.26,1787568265146,1787568265606,89.0796,88.4399,88.229,88.29,88.2595000000,0.48,0.48,1787568265146,1787568265862,88.915,88.388,,,,,
2026-08-24T10:44:28.801Z,live,snapshot,,,,,88.31,88.341,88.3255000000,0.85,2.26,1787568265146,1787568265606,89.0796,88.4399,88.229,88.29,88.2595000000,0.48,0.48,1787568265146,1787568265862,88.914,88.385,,,,,
2026-08-24T10:44:30.355Z,live,snapshot,,,,,88.31,88.341,88.3255000000,0.85,2.26,1787568265146,1787568265606,89.0779,88.4359,88.229,88.29,88.2595000000,0.48,0.48,1787568265146,1787568265862,88.914,88.385,,,,,
2026-08-24T10:44:31.415Z,live,snapshot,,,,,88.315,88.341,88.3280000000,0.85,2.26,1787568270695,1787568271151,89.0779,88.4359,88.229,88.29,88.2595000000,0.48,0.48,1787568265146,1787568265862,88.913,88.381,,,,,
2026-08-24T10:44:32.853Z,live,snapshot,,,,,88.315,88.341,88.3280000000,0.85,2.26,1787568270695,1787568271151,89.0779,88.4334,88.234,88.294,88.2640000000,0.49,0.4,1787568270695,1787568271415,88.913,88.381,,,,,
2026-08-24T10:44:34.687Z,live,snapshot,,,,,88.315,88.341,88.3280000000,0.85,2.26,1787568270695,1787568271151,89.0779,88.4334,88.234,88.294,88.2640000000,0.49,0.4,1787568270695,1787568271415,88.912,88.378,,,,,
2026-08-24T10:44:35.800Z,live,snapshot,,,,,88.315,88.341,88.3280000000,0.85,2.26,1787568270695,1787568271151,89.0762,88.4299,88.234,88.294,88.2640000000,0.49,0.4,1787568270695,1787568271415,88.912,88.378,,,,,
2026-08-24T10:44:37.054Z,live,snapshot,,,,,88.31,88.341,88.3255000000,1.73,2.98,1787568276102,1787568276544,89.0762,88.4299,88.226,88.293,88.2595000000,0.49,11.34,1787568276102,1787568276799,88.912,88.378,,,,,
2026-08-24T10:44:38.134Z,live,snapshot,,,,,88.31,88.341,88.3255000000,1.73,2.98,1787568276102,1787568276544,89.0762,88.4299,88.226,88.293,88.2595000000,0.49,11.34,1787568276102,1787568276799,88.911,88.375,,,,,
2026-08-24T10:44:39.260Z,live,snapshot,,,,,88.31,88.341,88.3255000000,1.73,2.98,1787568276102,1787568276544,89.0762,88.4277,88.226,88.293,88.2595000000,0.49,11.34,1787568276102,1787568276799,88.911,88.375,,,,,
2026-08-24T10:44:41.144Z,live,snapshot,,,,,88.31,88.341,88.3255000000,1.73,2.98,1787568276102,1787568276544,89.0762,88.4277,88.226,88.293,88.2595000000,0.49,11.34,1787568276102,1787568276799,88.91,88.371,,,,,
2026-08-24T10:44:42.273Z,live,snapshot,,,,,88.31,88.341,88.3255000000,1.73,2.98,1787568276102,1787568276544,89.0746,88.424,88.226,88.293,88.2595000000,0.49,11.34,1787568276102,1787568276799,88.91,88.371,,,,,
2026-08-24T10:44:43.369Z,live,snapshot,,,,,88.31,88.341,88.3255000000,0.3,3.5,1787568281459,1787568282857,89.0746,88.424,88.231,88.292,88.2615000000,0.49,11.33,1787568281459,1787568283114,88.91,88.371,,,,,
2026-08-24T10:44:44.385Z,live,snapshot,,,,,88.31,88.341,88.3255000000,0.3,3.5,1787568281459,1787568282857,89.0746,88.424,88.231,88.292,88.2615000000,0.49,11.33,1787568281459,1787568283114,88.909,88.368,,,,,
2026-08-24T10:44:45.512Z,live,snapshot,,,,,88.31,88.341,88.3255000000,0.3,3.5,1787568281459,1787568282857,89.0729,88.4204,88.231,88.292,88.2615000000,0.49,11.33,1787568281459,1787568283114,88.909,88.368,,,,,
2026-08-24T10:44:47.538Z,live,snapshot,,,,,88.31,88.341,88.3255000000,0.3,3.5,1787568281459,1787568282857,89.0729,88.4204,88.231,88.292,88.2615000000,0.49,11.33,1787568281459,1787568283114,88.908,88.365,,,,,
2026-08-24T10:44:48.572Z,live,snapshot,,,,,88.302,88.328,88.3150000000,1.33,0.72,1787568286789,1787568288060,89.0729,88.4183,88.2,88.265,88.2325000000,8.2,0.49,1787568286789,1787568288318,88.908,88.365,,,,,
2026-08-24T10:44:49.921Z,live,snapshot,,,,,88.302,88.328,88.3150000000,1.33,0.72,1787568286789,1787568288060,89.0729,88.4183,88.2,88.265,88.2325000000,8.2,0.49,1787568286789,1787568288318,88.906,88.362,,,,,
2026-08-24T10:44:51.273Z,live,snapshot,,,,,88.302,88.328,88.3150000000,1.33,0.72,1787568286789,1787568288060,89.0713,88.4148,88.2,88.265,88.2325000000,8.2,0.49,1787568286789,1787568288318,88.906,88.362,,,,,
2026-08-24T10:44:52.494Z,live,snapshot,,,,,88.302,88.328,88.3150000000,1.33,0.72,1787568286789,1787568288060,89.0713,88.4148,88.2,88.265,88.2325000000,8.2,0.49,1787568286789,1787568288318,88.905,88.358,,,,,
2026-08-24T10:44:53.849Z,live,snapshot,,,,,88.302,88.328,88.3150000000,0.85,0.72,1787568292322,1787568292726,89.0713,88.4148,88.2,88.265,88.2325000000,8.2,0.49,1787568286789,1787568288318,88.905,88.358,,,,,
2026-08-24T10:44:54.879Z,live,snapshot,,,,,88.302,88.328,88.3150000000,0.85,0.72,1787568292322,1787568292726,89.0713,88.4128,88.218,88.274,88.2460000000,0.49,11.33,1787568292322,1787568294093,88.905,88.358,,,,,
2026-08-24T10:44:55.984Z,live,snapshot,,,,,88.302,88.328,88.3150000000,0.85,0.72,1787568292322,1787568292726,89.0713,88.4128,88.218,88.274,88.2460000000,0.49,11.33,1787568292322,1787568294093,88.904,88.355,,,,,
2026-08-24T10:44:57.401Z,live,snapshot,,,,,88.302,88.328,88.3150000000,0.85,0.72,1787568292322,1787568292726,89.0696,88.4092,88.218,88.274,88.2460000000,0.49,11.33,1787568292322,1787568294093,88.904,88.355,,,,,
2026-08-24T10:44:58.459Z,live,snapshot,,,,,88.292,88.328,88.3100000000,0.85,1.1,1787568297585,1787568297969,89.0696,88.4092,88.204,88.273,88.2385000000,0.44,7.83,1787568297585,1787568298205,88.904,88.355,,,,,
2026-08-24T10:45:00.378Z,live,snapshot,,,,,88.292,88.328,88.3100000000,0.85,1.1,1787568297585,1787568297969,89.0696,88.4092,88.204,88.273,88.2385000000,0.44,7.83,1787568297585,1787568298205,88.903,88.351,,,,,
2026-08-24T10:45:01.658Z,live,snapshot,,,,,88.292,88.328,88.3100000000,0.85,1.1,1787568297585,1787568297969,89.0696,88.4072,88.204,88.273,88.2385000000,0.44,7.83,1787568297585,1787568298205,88.903,88.351,,,,,
2026-08-24T10:45:02.705Z,live,snapshot,,,,,88.292,88.328,88.3100000000,0.85,1.1,1787568297585,1787568297969,89.068,88.4035,88.204,88.273,88.2385000000,0.44,7.83,1787568297585,1787568298205,88.902,88.348,,,,,
2026-08-24T10:45:04.000Z,live,snapshot,,,,,88.292,88.328,88.3100000000,0.85,1.1,1787568297585,1787568297969,89.068,88.4035,88.204,88.273,88.2385000000,0.44,7.83,1787568297585,1787568298205,88.902,88.348,,,,,
2026-08-24T10:45:05.013Z,live,snapshot,,,,,88.292,88.328,88.3100000000,0.7,1.24,1787568302981,1787568304001,89.068,88.4035,88.214,88.27,88.2420000000,0.1,11.34,1787568302981,1787568304258,88.901,88.345,,,,,
2026-08-24T10:45:06.524Z,live,snapshot,,,,,88.292,88.328,88.3100000000,0.7,1.24,1787568302981,1787568304001,89.068,88.4035,88.214,88.27,88.2420000000,0.1,11.34,1787568302981,1787568304258,88.901,88.345,,,,,
2026-08-24T10:45:07.558Z,live,snapshot,,,,,88.292,88.328,88.3100000000,0.7,1.24,1787568302981,1787568304001,89.068,88.4016,88.214,88.27,88.2420000000,0.1,11.34,1787568302981,1787568304258,88.901,88.345,,,,,
2026-08-24T10:45:08.597Z,live,snapshot,,,,,88.292,88.328,88.3100000000,0.7,1.24,1787568302981,1787568304001,89.068,88.4016,88.214,88.27,88.2420000000,0.1,11.34,1787568302981,1787568304258,88.9,88.341,,,,,
2026-08-24T10:45:09.871Z,live,snapshot,,,,,88.277,88.328,88.3025000000,0.75,1.1,1787568308007,1787568309080,89.0663,88.3978,88.2,88.244,88.2220000000,5.02,11.34,1787568308007,1787568309336,88.9,88.341,,,,,
2026-08-24T10:45:12.525Z,live,snapshot,,,,,88.277,88.328,88.3025000000,0.75,1.1,1787568308007,1787568309080,89.0663,88.3978,88.2,88.244,88.2220000000,5.02,11.34,1787568308007,1787568309336,88.899,88.338,,,,,
2026-08-24T10:45:13.527Z,live,snapshot,,,,,88.277,88.328,88.3025000000,0.75,1.1,1787568308007,1787568309080,89.0647,88.3948,88.2,88.244,88.2220000000,5.02,11.34,1787568308007,1787568309336,88.899,88.338,,,,,
2026-08-24T10:45:14.566Z,live,snapshot,,,,,88.297,88.328,88.3125000000,0.82,1.1,1787568313528,1787568314033,89.0647,88.3948,88.2,88.243,88.2215000000,5.01,11.33,1787568313528,1787568314288,88.898,88.335,,,,,
2026-08-24T10:45:15.739Z,live,snapshot,,,,,88.297,88.328,88.3125000000,0.82,1.1,1787568313528,1787568314033,89.0647,88.393,88.2,88.243,88.2215000000,5.01,11.33,1787568313528,1787568314288,88.898,88.335,,,,,
2026-08-24T10:45:16.911Z,live,snapshot,,,,,88.297,88.328,88.3125000000,0.82,1.1,1787568313528,1787568314033,89.0631,88.3896,88.2,88.243,88.2215000000,5.01,11.33,1787568313528,1787568314288,88.897,88.332,,,,,
2026-08-24T10:45:18.681Z,live,snapshot,,,,,88.297,88.328,88.3125000000,0.82,1.1,1787568313528,1787568314033,89.0631,88.3896,88.2,88.243,88.2215000000,5.01,11.33,1787568313528,1787568314288,88.897,88.332,,,,,
2026-08-24T10:45:19.733Z,live,snapshot,,,,,88.297,88.328,88.3125000000,0.82,1.1,1787568313528,1787568314033,89.0631,88.3896,88.2,88.243,88.2215000000,5.01,11.33,1787568313528,1787568314288,88.896,88.329,,,,,
2026-08-24T10:45:20.992Z,live,snapshot,,,,,88.289,88.328,88.3085000000,0.86,1.34,1787568318890,1787568319733,89.0631,88.3881,88.182,88.242,88.2120000000,3.01,141.65,1787568318890,1787568319992,88.896,88.329,,,,,
2026-08-24T10:45:22.069Z,live,snapshot,,,,,88.289,88.328,88.3085000000,0.86,1.34,1787568318890,1787568319733,89.0631,88.3881,88.182,88.242,88.2120000000,3.01,141.65,1787568318890,1787568319992,88.895,88.325,,,,,
2026-08-24T10:45:23.075Z,live,snapshot,,,,,88.289,88.328,88.3085000000,0.86,1.34,1787568318890,1787568319733,89.0615,88.3849,88.182,88.242,88.2120000000,3.01,141.65,1787568318890,1787568319992,88.895,88.325,,,,,
2026-08-24T10:45:24.832Z,live,snapshot,,,,,88.289,88.328,88.3085000000,0.86,1.34,1787568318890,1787568319733,89.0615,88.3849,88.182,88.242,88.2120000000,3.01,141.65,1787568318890,1787568319992,88.895,88.325,,,,,
2026-08-24T10:45:25.888Z,live,snapshot,,,,,88.302,88.328,88.3150000000,0.82,1.34,1787568324182,1787568325651,89.0615,88.3849,88.182,88.242,88.2120000000,3.01,141.65,1787568318890,1787568319992,88.895,88.325,,,,,
2026-08-24T10:45:26.954Z,live,snapshot,,,,,88.302,88.328,88.3150000000,0.82,1.34,1787568324182,1787568325651,89.0615,88.3849,88.197,88.243,88.2200000000,0.5,6.42,1787568324182,1787568325888,88.894,88.322,,,,,
2026-08-24T10:45:27.987Z,live,snapshot,,,,,88.302,88.328,88.3150000000,0.82,1.34,1787568324182,1787568325651,89.0615,88.3834,88.197,88.243,88.2200000000,0.5,6.42,1787568324182,1787568325888,88.894,88.322,,,,,
2026-08-24T10:45:29.133Z,live,snapshot,,,,,88.302,88.328,88.3150000000,0.82,1.34,1787568324182,1787568325651,89.0615,88.3834,88.197,88.243,88.2200000000,0.5,6.42,1787568324182,1787568325888,88.892,88.319,,,,,
2026-08-24T10:45:30.961Z,live,snapshot,,,,,88.302,88.328,88.3150000000,0.82,1.34,1787568324182,1787568325651,89.0599,88.3805,88.197,88.243,88.2200000000,0.5,6.42,1787568324182,1787568325888,88.892,88.319,,,,,
2026-08-24T10:45:31.964Z,live,snapshot,,,,,88.302,88.328,88.3150000000,0.82,1.34,1787568329565,1787568331459,89.0599,88.3805,88.197,88.243,88.2200000000,6.26,6.41,1787568329565,1787568331712,88.892,88.319,,,,,
2026-08-24T10:45:33.216Z,live,snapshot,,,,,88.302,88.328,88.3150000000,0.82,1.34,1787568329565,1787568331459,89.0599,88.3791,88.197,88.243,88.2200000000,6.26,6.41,1787568329565,1787568331712,88.891,88.316,,,,,
2026-08-24T10:45:34.473Z,live,snapshot,,,,,88.302,88.328,88.3150000000,0.82,1.34,1787568329565,1787568331459,89.0599,88.3791,88.197,88.243,88.2200000000,6.26,6.41,1787568329565,1787568331712,88.89,88.313,,,,,
2026-08-24T10:45:35.488Z,live,snapshot,,,,,88.302,88.328,88.3150000000,0.82,1.34,1787568329565,1787568331459,89.0583,88.3762,88.197,88.243,88.2200000000,6.26,6.41,1787568329565,1787568331712,88.89,88.313,,,,,
2026-08-24T10:45:37.008Z,live,snapshot,,,,,88.277,88.328,88.3025000000,0.82,1.34,1787568334912,1787568335799,89.0583,88.3762,88.197,88.243,88.2200000000,6.26,6.41,1787568329565,1787568331712,88.89,88.313,,,,,
2026-08-24T10:45:38.013Z,live,snapshot,,,,,88.277,88.328,88.3025000000,0.82,1.34,1787568334912,1787568335799,89.0583,88.3762,88.182,88.191,88.1865000000,8.01,9.51,1787568334912,1787568337008,88.889,88.31,,,,,
2026-08-24T10:45:39.108Z,live,snapshot,,,,,88.277,88.328,88.3025000000,0.82,1.34,1787568334912,1787568335799,89.0567,88.3733,88.182,88.191,88.1865000000,8.01,9.51,1787568334912,1787568337008,88.889,88.31,,,,,
2026-08-24T10:45:40.403Z,live,snapshot,,,,,88.277,88.328,88.3025000000,0.82,1.34,1787568334912,1787568335799,89.0567,88.3733,88.182,88.191,88.1865000000,8.01,9.51,1787568334912,1787568337008,88.888,88.307,,,,,
2026-08-24T10:45:41.542Z,live,snapshot,,,,,88.286,88.327,88.3065000000,0.26,0.81,1787568340308,1787568340902,89.0567,88.3733,88.182,88.238,88.2100000000,8.01,0.49,1787568340308,1787568341275,88.888,88.307,,,,,
2026-08-24T10:45:42.995Z,live,snapshot,,,,,88.286,88.327,88.3065000000,0.26,0.81,1787568340308,1787568340902,89.0567,88.3719,88.182,88.238,88.2100000000,8.01,0.49,1787568340308,1787568341275,88.888,88.307,,,,,
2026-08-24T10:45:44.155Z,live,snapshot,,,,,88.286,88.327,88.3065000000,0.26,0.81,1787568340308,1787568340902,89.0567,88.3719,88.182,88.238,88.2100000000,8.01,0.49,1787568340308,1787568341275,88.887,88.304,,,,,
2026-08-24T10:45:45.340Z,live,snapshot,,,,,88.286,88.327,88.3065000000,0.26,0.81,1787568340308,1787568340902,89.055,88.3694,88.182,88.238,88.2100000000,8.01,0.49,1787568340308,1787568341275,88.887,88.304,,,,,
2026-08-24T10:45:46.371Z,live,snapshot,,,,,88.291,88.327,88.3090000000,0.67,0.38,1787568345325,1787568346108,89.055,88.3694,88.182,88.238,88.2100000000,8.01,0.49,1787568340308,1787568341275,88.887,88.304,,,,,
2026-08-24T10:45:47.502Z,live,snapshot,,,,,88.291,88.327,88.3090000000,0.67,0.38,1787568345325,1787568346108,89.055,88.3694,88.193,88.241,88.2170000000,4.08,11.33,1787568345325,1787568346372,88.886,88.301,,,,,
2026-08-24T10:45:49.332Z,live,snapshot,,,,,88.291,88.327,88.3090000000,0.67,0.38,1787568345325,1787568346108,89.055,88.3681,88.193,88.241,88.2170000000,4.08,11.33,1787568345325,1787568346372,88.886,88.301,,,,,
2026-08-24T10:45:50.782Z,live,snapshot,,,,,88.291,88.327,88.3090000000,0.67,0.38,1787568345325,1787568346108,89.055,88.3681,88.193,88.241,88.2170000000,4.08,11.33,1787568345325,1787568346372,88.885,88.299,,,,,
2026-08-24T10:45:51.918Z,live,snapshot,,,,,88.282,88.317,88.2995000000,0.81,0.8,1787568350717,1787568351115,89.0535,88.3655,88.173,88.234,88.2035000000,0.51,0.42,1787568350717,1787568351404,88.885,88.299,,,,,
2026-08-24T10:45:53.044Z,live,snapshot,,,,,88.282,88.317,88.2995000000,0.81,0.8,1787568350717,1787568351115,89.0535,88.3655,88.173,88.234,88.2035000000,0.51,0.42,1787568350717,1787568351404,88.884,88.296,,,,,
2026-08-24T10:45:55.657Z,live,snapshot,,,,,88.282,88.317,88.2995000000,0.81,0.8,1787568350717,1787568351115,89.0535,88.3642,88.173,88.234,88.2035000000,0.51,0.42,1787568350717,1787568351404,88.884,88.296,,,,,
2026-08-24T10:45:56.681Z,live,snapshot,,,,,88.282,88.317,88.2995000000,0.81,0.8,1787568350717,1787568351115,89.0535,88.3642,88.173,88.234,88.2035000000,0.51,0.42,1787568350717,1787568351404,88.883,88.293,,,,,
2026-08-24T10:45:57.936Z,live,snapshot,,,,,88.237,88.278,88.2575000000,0.8,0.8,1787568356115,1787568357198,89.0518,88.3613,88.136,88.213,88.1745000000,0.51,12.63,1787568356115,1787568357438,88.883,88.293,,,,,
2026-08-24T10:45:59.658Z,live,snapshot,,,,,88.237,88.278,88.2575000000,0.8,0.8,1787568356115,1787568357198,89.0518,88.3613,88.136,88.213,88.1745000000,0.51,12.63,1787568356115,1787568357438,88.882,88.289,,,,,
2026-08-24T10:46:01.771Z,live,snapshot,,,,,88.237,88.278,88.2575000000,0.8,0.8,1787568356115,1787568357198,89.05,88.3572,88.136,88.213,88.1745000000,0.51,12.63,1787568356115,1787568357438,88.881,88.285,,,,,
2026-08-24T10:46:02.806Z,live,snapshot,,,,,88.237,88.278,88.2575000000,0.8,0.8,1787568356115,1787568357198,89.05,88.3572,88.136,88.213,88.1745000000,0.51,12.63,1787568356115,1787568357438,88.881,88.285,,,,,
2026-08-24T10:46:03.855Z,live,snapshot,,,,,88.232,88.268,88.2500000000,0.7,0.8,1787568361516,1787568362806,89.05,88.355,88.131,88.186,88.1585000000,3.04,2.04,1787568361516,1787568363083,88.881,88.285,,,,,
2026-08-24T10:46:04.871Z,live,snapshot,,,,,88.232,88.268,88.2500000000,0.7,0.8,1787568361516,1787568362806,89.05,88.355,88.131,88.186,88.1585000000,3.04,2.04,1787568361516,1787568363083,88.879,88.282,,,,,
2026-08-24T10:46:05.937Z,live,snapshot,,,,,88.232,88.268,88.2500000000,0.7,0.8,1787568361516,1787568362806,89.0482,88.3508,88.131,88.186,88.1585000000,3.04,2.04,1787568361516,1787568363083,88.879,88.282,,,,,
2026-08-24T10:46:08.241Z,live,snapshot,,,,,88.232,88.268,88.2500000000,0.7,0.8,1787568361516,1787568362806,89.0482,88.3508,88.131,88.186,88.1585000000,3.04,2.04,1787568361516,1787568363083,88.878,88.278,,,,,
2026-08-24T10:46:09.252Z,live,snapshot,,,,,88.214,88.238,88.2260000000,1.79,0.78,1787568366934,1787568368242,89.0482,88.3486,88.131,88.162,88.1465000000,1.91,0.41,1787568366934,1787568368496,88.878,88.278,,,,,
2026-08-24T10:46:10.886Z,live,snapshot,,,,,88.214,88.238,88.2260000000,1.79,0.78,1787568366934,1787568368242,89.0482,88.3486,88.131,88.162,88.1465000000,1.91,0.41,1787568366934,1787568368496,88.877,88.274,,,,,
2026-08-24T10:46:12.310Z,live,snapshot,,,,,88.214,88.238,88.2260000000,1.79,0.78,1787568366934,1787568368242,89.0463,88.3445,88.131,88.162,88.1465000000,1.91,0.41,1787568366934,1787568368496,88.877,88.274,,,,,
2026-08-24T10:46:14.322Z,live,snapshot,,,,,88.214,88.238,88.2260000000,1.23,0.94,1787568372331,1787568373142,89.0463,88.3445,88.131,88.162,88.1465000000,1.91,0.41,1787568366934,1787568368496,88.876,88.271,,,,,
2026-08-24T10:46:15.806Z,live,snapshot,,,,,88.214,88.238,88.2260000000,1.23,0.94,1787568372331,1787568373142,89.0463,88.3421,88.125,88.161,88.1430000000,0.73,11.34,1787568372331,1787568374557,88.876,88.271,,,,,
2026-08-24T10:46:17.081Z,live,snapshot,,,,,88.214,88.238,88.2260000000,1.23,0.94,1787568372331,1787568373142,89.0463,88.3421,88.125,88.161,88.1430000000,0.73,11.34,1787568372331,1787568374557,88.875,88.267,,,,,
2026-08-24T10:46:18.262Z,live,snapshot,,,,,88.214,88.238,88.2260000000,1.23,0.94,1787568372331,1787568373142,89.0445,88.3378,88.125,88.161,88.1430000000,0.73,11.34,1787568372331,1787568374557,88.875,88.267,,,,,
2026-08-24T10:46:20.281Z,live,snapshot,,,,,88.212,88.238,88.2250000000,0.8,1.77,1787568377934,1787568378355,89.0445,88.3378,88.108,88.149,88.1285000000,0.51,11.07,1787568377934,1787568378612,88.873,88.263,,,,,
2026-08-24T10:46:21.327Z,live,snapshot,,,,,88.212,88.238,88.2250000000,0.8,1.77,1787568377934,1787568378355,89.0445,88.3354,88.108,88.149,88.1285000000,0.51,11.07,1787568377934,1787568378612,88.873,88.263,,,,,
2026-08-24T10:46:22.576Z,live,snapshot,,,,,88.212,88.238,88.2250000000,0.8,1.77,1787568377934,1787568378355,89.0445,88.3354,88.108,88.149,88.1285000000,0.51,11.07,1787568377934,1787568378612,88.872,88.258,,,,,
2026-08-24T10:46:24.060Z,live,snapshot,,,,,88.242,88.251,88.2465000000,0.67,0.84,1787568383368,1787568383787,89.0426,88.3311,88.108,88.149,88.1285000000,0.51,11.07,1787568377934,1787568378612,88.872,88.258,,,,,
2026-08-24T10:46:25.123Z,live,snapshot,,,,,88.242,88.251,88.2465000000,0.67,0.84,1787568383368,1787568383787,89.0426,88.3311,88.133,88.149,88.1410000000,0.5,2.65,1787568383368,1787568384339,88.872,88.258,,,,,
2026-08-24T10:46:26.317Z,live,snapshot,,,,,88.242,88.251,88.2465000000,0.67,0.84,1787568383368,1787568383787,89.0426,88.3311,88.133,88.149,88.1410000000,0.5,2.65,1787568383368,1787568384339,88.871,88.255,,,,,
2026-08-24T10:46:27.382Z,live,snapshot,,,,,88.242,88.251,88.2465000000,0.67,0.84,1787568383368,1787568383787,89.0408,88.3274,88.133,88.149,88.1410000000,0.5,2.65,1787568383368,1787568384339,88.871,88.255,,,,,
2026-08-24T10:46:28.663Z,live,snapshot,,,,,88.242,88.251,88.2465000000,0.67,0.84,1787568383368,1787568383787,89.0408,88.3274,88.133,88.149,88.1410000000,0.5,2.65,1787568383368,1787568384339,88.87,88.252,,,,,
2026-08-24T10:46:29.887Z,live,snapshot,,,,,88.202,88.243,88.2225000000,0.53,0.77,1787568388746,1787568389633,89.0408,88.326,88.133,88.149,88.1410000000,0.5,2.65,1787568383368,1787568384339,88.87,88.252,,,,,
2026-08-24T10:46:30.905Z,live,snapshot,,,,,88.202,88.243,88.2225000000,0.53,0.77,1787568388746,1787568389633,89.0408,88.326,88.125,88.193,88.1590000000,0.49,0.46,1787568388746,1787568389887,88.87,88.252,,,,,
2026-08-24T10:46:32.363Z,live,snapshot,,,,,88.202,88.243,88.2225000000,0.53,0.77,1787568388746,1787568389633,89.0408,88.326,88.125,88.193,88.1590000000,0.49,0.46,1787568388746,1787568389887,88.869,88.25,,,,,
2026-08-24T10:46:33.371Z,live,snapshot,,,,,88.202,88.243,88.2225000000,0.53,0.77,1787568388746,1787568389633,89.039,88.3223,88.125,88.193,88.1590000000,0.49,0.46,1787568388746,1787568389887,88.869,88.25,,,,,
2026-08-24T10:46:34.558Z,live,snapshot,,,,,88.202,88.243,88.2225000000,0.53,0.77,1787568388746,1787568389633,89.039,88.3223,88.125,88.193,88.1590000000,0.49,0.46,1787568388746,1787568389887,88.868,88.247,,,,,
2026-08-24T10:46:35.630Z,live,snapshot,,,,,88.182,88.198,88.1900000000,4.79,0.8,1787568394149,1787568394591,89.039,88.3223,88.1,88.151,88.1255000000,7.72,0.49,1787568394149,1787568395089,88.868,88.247,,,,,
2026-08-24T10:46:37.285Z,live,snapshot,,,,,88.182,88.198,88.1900000000,4.79,0.8,1787568394149,1787568394591,89.039,88.3199,88.1,88.151,88.1255000000,7.72,0.49,1787568394149,1787568395089,88.867,88.244,,,,,
2026-08-24T10:46:38.881Z,live,snapshot,,,,,88.182,88.198,88.1900000000,4.79,0.8,1787568394149,1787568394591,89.039,88.3199,88.1,88.151,88.1255000000,7.72,0.49,1787568394149,1787568395089,88.867,88.244,,,,,
2026-08-24T10:46:40.202Z,live,snapshot,,,,,88.182,88.198,88.1900000000,4.79,0.8,1787568394149,1787568394591,89.037,88.3162,88.1,88.151,88.1255000000,7.72,0.49,1787568394149,1787568395089,88.867,88.244,,,,,
2026-08-24T10:46:41.352Z,live,snapshot,,,,,88.157,88.193,88.1750000000,0.8,0.69,1787568399533,1787568400202,89.037,88.3162,88.1,88.172,88.1360000000,7.72,6.11,1787568399533,1787568400459,88.865,88.24,,,,,
2026-08-24T10:46:42.554Z,live,snapshot,,,,,88.157,88.193,88.1750000000,0.8,0.69,1787568399533,1787568400202,89.037,88.3137,88.1,88.172,88.1360000000,7.72,6.11,1787568399533,1787568400459,88.865,88.24,,,,,
2026-08-24T10:46:44.734Z,live,snapshot,,,,,88.157,88.193,88.1750000000,0.8,0.69,1787568399533,1787568400202,89.037,88.3137,88.1,88.172,88.1360000000,7.72,6.11,1787568399533,1787568400459,88.864,88.237,,,,,
2026-08-24T10:46:45.747Z,live,snapshot,,,,,88.157,88.193,88.1750000000,0.8,0.69,1787568399533,1787568400202,89.035,88.3087,88.1,88.172,88.1360000000,7.72,6.11,1787568399533,1787568400459,88.864,88.237,,,,,
2026-08-24T10:46:46.752Z,live,snapshot,,,,,88.121,88.137,88.1290000000,2.08,0.78,1787568405085,1787568406005,89.035,88.3087,88.1,88.125,88.1125000000,2.97,15.45,1787568405085,1787568406261,88.863,88.233,,,,,
2026-08-24T10:46:47.875Z,live,snapshot,,,,,88.121,88.137,88.1290000000,2.08,0.78,1787568405085,1787568406005,89.035,88.3049,88.1,88.125,88.1125000000,2.97,15.45,1787568405085,1787568406261,88.863,88.233,,,,,
2026-08-24T10:46:48.922Z,live,snapshot,,,,,88.121,88.137,88.1290000000,2.08,0.78,1787568405085,1787568406005,89.035,88.3049,88.1,88.125,88.1125000000,2.97,15.45,1787568405085,1787568406261,88.862,88.23,,,,,
2026-08-24T10:46:51.425Z,live,snapshot,,,,,88.121,88.137,88.1290000000,2.08,0.78,1787568405085,1787568406005,89.0328,88.2992,88.1,88.125,88.1125000000,2.97,15.45,1787568405085,1787568406261,88.862,88.23,,,,,
